
=== Running benchmark for 16b file ===
Generating test file of size 16b...
  Created benchmark/ssl-nginx/index.html (16 bytes)
[DEBUG 19:42:08] Starting benchmark script
[DEBUG 19:42:08] Current working directory: /bpftime
[DEBUG 19:42:08] Checking command: nginx - EXISTS
[DEBUG 19:42:08]   Path: /usr/sbin/nginx
[DEBUG 19:42:08] Checking file: /bpftime/build/runtime/agent/libbpftime-agent.so - EXISTS
[DEBUG 19:42:08] Checking file: /bpftime/build/runtime/syscall-server/libbpftime-syscall-server.so - EXISTS
[DEBUG 19:42:08] Checking file: /bpftime/example/sslsniff/sslsniff - EXISTS
[DEBUG 19:42:08] Checking command: wrk - EXISTS
[DEBUG 19:42:08]   Path: /usr/bin/wrk

=== Running Baseline Tests ===
[DEBUG 19:42:08] Cleaning up processes...
[DEBUG 19:42:08] Found nginx PIDs: []
[DEBUG 19:42:08] Found sslsniff PIDs: []
[DEBUG 19:42:10] After cleanup: nginx PIDs: [], sslsniff PIDs: []
[DEBUG 19:42:10] Removing access log: /bpftime/benchmark/ssl-nginx/access.log
[DEBUG 19:42:10] Access log removed successfully
[DEBUG 19:42:10] Checking command: nginx - EXISTS
[DEBUG 19:42:10]   Path: /usr/sbin/nginx
[DEBUG 19:42:10] Current directory: /bpftime
[DEBUG 19:42:10] Checking if nginx.conf exists: True
[DEBUG 19:42:10] Starting nginx with command: nginx -c /bpftime/benchmark/ssl-nginx/nginx.conf -p /bpftime/benchmark/ssl-nginx
[DEBUG 19:42:12] nginx started successfully
[DEBUG 19:42:12] Error checking nginx: [Errno 2] No such file or directory: 'curl'
Run 1/10...
[DEBUG 19:42:12] Running wrk with command: wrk https://127.0.0.1:4043/index.html -c 100 -d 10
[DEBUG 19:42:22] wrk exit code: 0
[DEBUG 19:42:22] Parsing wrk output: Running 10s test @ https://127.0.0.1:4043/index.html
  2 threads and 100 connections
  Thread Stats ...
  Requests/sec: 16656.25
Run 2/10...
[DEBUG 19:42:22] Running wrk with command: wrk https://127.0.0.1:4043/index.html -c 100 -d 10
[DEBUG 19:42:32] wrk exit code: 0
[DEBUG 19:42:32] Parsing wrk output: Running 10s test @ https://127.0.0.1:4043/index.html
  2 threads and 100 connections
  Thread Stats ...
  Requests/sec: 16616.10
Run 3/10...
[DEBUG 19:42:32] Running wrk with command: wrk https://127.0.0.1:4043/index.html -c 100 -d 10
[DEBUG 19:42:42] wrk exit code: 0
[DEBUG 19:42:42] Parsing wrk output: Running 10s test @ https://127.0.0.1:4043/index.html
  2 threads and 100 connections
  Thread Stats ...
  Requests/sec: 16715.30
Run 4/10...
[DEBUG 19:42:42] Running wrk with command: wrk https://127.0.0.1:4043/index.html -c 100 -d 10
[DEBUG 19:42:52] wrk exit code: 0
[DEBUG 19:42:52] Parsing wrk output: Running 10s test @ https://127.0.0.1:4043/index.html
  2 threads and 100 connections
  Thread Stats ...
  Requests/sec: 16601.75
Run 5/10...
[DEBUG 19:42:52] Running wrk with command: wrk https://127.0.0.1:4043/index.html -c 100 -d 10
[DEBUG 19:43:02] wrk exit code: 0
[DEBUG 19:43:02] Parsing wrk output: Running 10s test @ https://127.0.0.1:4043/index.html
  2 threads and 100 connections
  Thread Stats ...
  Requests/sec: 16400.78
Run 6/10...
[DEBUG 19:43:02] Running wrk with command: wrk https://127.0.0.1:4043/index.html -c 100 -d 10
[DEBUG 19:43:12] wrk exit code: 0
[DEBUG 19:43:12] Parsing wrk output: Running 10s test @ https://127.0.0.1:4043/index.html
  2 threads and 100 connections
  Thread Stats ...
  Requests/sec: 16533.98
Run 7/10...
[DEBUG 19:43:12] Running wrk with command: wrk https://127.0.0.1:4043/index.html -c 100 -d 10
[DEBUG 19:43:22] wrk exit code: 0
[DEBUG 19:43:22] Parsing wrk output: Running 10s test @ https://127.0.0.1:4043/index.html
  2 threads and 100 connections
  Thread Stats ...
  Requests/sec: 16423.68
Run 8/10...
[DEBUG 19:43:22] Running wrk with command: wrk https://127.0.0.1:4043/index.html -c 100 -d 10
[DEBUG 19:43:32] wrk exit code: 0
[DEBUG 19:43:32] Parsing wrk output: Running 10s test @ https://127.0.0.1:4043/index.html
  2 threads and 100 connections
  Thread Stats ...
  Requests/sec: 16460.13
Run 9/10...
[DEBUG 19:43:32] Running wrk with command: wrk https://127.0.0.1:4043/index.html -c 100 -d 10
[DEBUG 19:43:42] wrk exit code: 0
[DEBUG 19:43:42] Parsing wrk output: Running 10s test @ https://127.0.0.1:4043/index.html
  2 threads and 100 connections
  Thread Stats ...
  Requests/sec: 16424.82
Run 10/10...
[DEBUG 19:43:42] Running wrk with command: wrk https://127.0.0.1:4043/index.html -c 100 -d 10
[DEBUG 19:43:52] wrk exit code: 0
[DEBUG 19:43:52] Parsing wrk output: Running 10s test @ https://127.0.0.1:4043/index.html
  2 threads and 100 connections
  Thread Stats ...
  Requests/sec: 16502.81
[DEBUG 19:43:52] Terminating nginx

=== Running Kernel sslsniff Tests ===
[DEBUG 19:43:52] Cleaning up processes...
[DEBUG 19:43:52] Found nginx PIDs: []
[DEBUG 19:43:52] Found sslsniff PIDs: []
[DEBUG 19:43:53] After cleanup: nginx PIDs: [], sslsniff PIDs: []
[DEBUG 19:43:53] Removing access log: /bpftime/benchmark/ssl-nginx/access.log
[DEBUG 19:43:53] Access log removed successfully
[DEBUG 19:43:53] Checking file: /bpftime/example/sslsniff/sslsniff - EXISTS
[DEBUG 19:43:53] Starting nginx with command: nginx -c /bpftime/benchmark/ssl-nginx/nginx.conf -p /bpftime/benchmark/ssl-nginx
Run 1/10...
[DEBUG 19:43:55] Starting kernel sslsniff: sudo example/sslsniff/sslsniff
[DEBUG 19:43:57] Running wrk with command: wrk https://127.0.0.1:4043/index.html -c 100 -d 10
[DEBUG 19:44:08] Parsing wrk output: Running 10s test @ https://127.0.0.1:4043/index.html
  2 threads and 100 connections
  Thread Stats ...
[DEBUG 19:44:08] Killing sslsniff
  Requests/sec: 11393.11
Run 2/10...
[DEBUG 19:44:09] Starting kernel sslsniff: sudo example/sslsniff/sslsniff
[DEBUG 19:44:11] Running wrk with command: wrk https://127.0.0.1:4043/index.html -c 100 -d 10
[DEBUG 19:44:21] Parsing wrk output: Running 10s test @ https://127.0.0.1:4043/index.html
  2 threads and 100 connections
  Thread Stats ...
[DEBUG 19:44:21] Killing sslsniff
  Requests/sec: 11360.93
Run 3/10...
[DEBUG 19:44:22] Starting kernel sslsniff: sudo example/sslsniff/sslsniff
[DEBUG 19:44:24] Running wrk with command: wrk https://127.0.0.1:4043/index.html -c 100 -d 10
[DEBUG 19:44:34] Parsing wrk output: Running 10s test @ https://127.0.0.1:4043/index.html
  2 threads and 100 connections
  Thread Stats ...
[DEBUG 19:44:34] Killing sslsniff
  Requests/sec: 11157.77
Run 4/10...
[DEBUG 19:44:35] Starting kernel sslsniff: sudo example/sslsniff/sslsniff
[DEBUG 19:44:37] Running wrk with command: wrk https://127.0.0.1:4043/index.html -c 100 -d 10
[DEBUG 19:44:47] Parsing wrk output: Running 10s test @ https://127.0.0.1:4043/index.html
  2 threads and 100 connections
  Thread Stats ...
[DEBUG 19:44:47] Killing sslsniff
  Requests/sec: 11310.92
Run 5/10...
[DEBUG 19:44:48] Starting kernel sslsniff: sudo example/sslsniff/sslsniff
[DEBUG 19:44:50] Running wrk with command: wrk https://127.0.0.1:4043/index.html -c 100 -d 10
[DEBUG 19:45:00] Parsing wrk output: Running 10s test @ https://127.0.0.1:4043/index.html
  2 threads and 100 connections
  Thread Stats ...
[DEBUG 19:45:00] Killing sslsniff
  Requests/sec: 11321.74
Run 6/10...
[DEBUG 19:45:01] Starting kernel sslsniff: sudo example/sslsniff/sslsniff
[DEBUG 19:45:03] Running wrk with command: wrk https://127.0.0.1:4043/index.html -c 100 -d 10
[DEBUG 19:45:13] Parsing wrk output: Running 10s test @ https://127.0.0.1:4043/index.html
  2 threads and 100 connections
  Thread Stats ...
[DEBUG 19:45:13] Killing sslsniff
  Requests/sec: 11113.28
Run 7/10...
[DEBUG 19:45:14] Starting kernel sslsniff: sudo example/sslsniff/sslsniff
[DEBUG 19:45:16] Running wrk with command: wrk https://127.0.0.1:4043/index.html -c 100 -d 10
[DEBUG 19:45:26] Parsing wrk output: Running 10s test @ https://127.0.0.1:4043/index.html
  2 threads and 100 connections
  Thread Stats ...
[DEBUG 19:45:26] Killing sslsniff
  Requests/sec: 11217.18
Run 8/10...
[DEBUG 19:45:27] Starting kernel sslsniff: sudo example/sslsniff/sslsniff
[DEBUG 19:45:29] Running wrk with command: wrk https://127.0.0.1:4043/index.html -c 100 -d 10
[DEBUG 19:45:39] Parsing wrk output: Running 10s test @ https://127.0.0.1:4043/index.html
  2 threads and 100 connections
  Thread Stats ...
[DEBUG 19:45:39] Killing sslsniff
  Requests/sec: 11232.18
Run 9/10...
[DEBUG 19:45:40] Starting kernel sslsniff: sudo example/sslsniff/sslsniff
[DEBUG 19:45:42] Running wrk with command: wrk https://127.0.0.1:4043/index.html -c 100 -d 10
[DEBUG 19:45:52] Parsing wrk output: Running 10s test @ https://127.0.0.1:4043/index.html
  2 threads and 100 connections
  Thread Stats ...
[DEBUG 19:45:52] Killing sslsniff
  Requests/sec: 11087.79
Run 10/10...
[DEBUG 19:45:54] Starting kernel sslsniff: sudo example/sslsniff/sslsniff
[DEBUG 19:45:56] Running wrk with command: wrk https://127.0.0.1:4043/index.html -c 100 -d 10
[DEBUG 19:46:06] Parsing wrk output: Running 10s test @ https://127.0.0.1:4043/index.html
  2 threads and 100 connections
  Thread Stats ...
[DEBUG 19:46:06] Killing sslsniff
  Requests/sec: 11304.62
[DEBUG 19:46:07] Terminating nginx

=== Running bpftime sslsniff Tests ===
[DEBUG 19:46:07] Cleaning up processes...
[DEBUG 19:46:07] Found nginx PIDs: []
[DEBUG 19:46:07] Found sslsniff PIDs: []
[DEBUG 19:46:08] After cleanup: nginx PIDs: [], sslsniff PIDs: []
[DEBUG 19:46:08] Removing access log: /bpftime/benchmark/ssl-nginx/access.log
[DEBUG 19:46:08] Access log removed successfully
[DEBUG 19:46:08] Checking file: /bpftime/example/sslsniff/sslsniff - EXISTS
[DEBUG 19:46:08] Checking file: /bpftime/build/runtime/agent/libbpftime-agent.so - EXISTS
[DEBUG 19:46:08] Checking file: /bpftime/build/runtime/syscall-server/libbpftime-syscall-server.so - EXISTS
Run 1/10...
[DEBUG 19:46:08] Starting sslsniff with bpftime: LD_PRELOAD=build/runtime/syscall-server/libbpftime-syscall-server.so example/sslsniff/sslsniff
[DEBUG 19:46:10] Starting nginx with bpftime: LD_PRELOAD=build/runtime/agent/libbpftime-agent.so nginx -c /bpftime/benchmark/ssl-nginx/nginx.conf -p /bpftime/benchmark/ssl-nginx
[DEBUG 19:46:12] Running wrk with command: wrk https://127.0.0.1:4043/index.html -c 100 -d 10
[DEBUG 19:46:22] Parsing wrk output: Running 10s test @ https://127.0.0.1:4043/index.html
  2 threads and 100 connections
  Thread Stats ...
  Requests/sec: 10338.62
[DEBUG 19:46:22] Terminating processes
[DEBUG 19:46:22] Cleaning up processes...
[DEBUG 19:46:22] Found nginx PIDs: []
[DEBUG 19:46:22] Found sslsniff PIDs: []
[DEBUG 19:46:23] After cleanup: nginx PIDs: [], sslsniff PIDs: []
Run 2/10...
[DEBUG 19:46:23] Starting sslsniff with bpftime: LD_PRELOAD=build/runtime/syscall-server/libbpftime-syscall-server.so example/sslsniff/sslsniff
[DEBUG 19:46:25] Starting nginx with bpftime: LD_PRELOAD=build/runtime/agent/libbpftime-agent.so nginx -c /bpftime/benchmark/ssl-nginx/nginx.conf -p /bpftime/benchmark/ssl-nginx
[DEBUG 19:46:27] Running wrk with command: wrk https://127.0.0.1:4043/index.html -c 100 -d 10
[DEBUG 19:46:37] Parsing wrk output: Running 10s test @ https://127.0.0.1:4043/index.html
  2 threads and 100 connections
  Thread Stats ...
  Requests/sec: 10543.20
[DEBUG 19:46:37] Terminating processes
[DEBUG 19:46:37] Cleaning up processes...
[DEBUG 19:46:37] Found nginx PIDs: []
[DEBUG 19:46:37] Found sslsniff PIDs: []
[DEBUG 19:46:38] After cleanup: nginx PIDs: [], sslsniff PIDs: []
Run 3/10...
[DEBUG 19:46:38] Starting sslsniff with bpftime: LD_PRELOAD=build/runtime/syscall-server/libbpftime-syscall-server.so example/sslsniff/sslsniff
[DEBUG 19:46:40] Starting nginx with bpftime: LD_PRELOAD=build/runtime/agent/libbpftime-agent.so nginx -c /bpftime/benchmark/ssl-nginx/nginx.conf -p /bpftime/benchmark/ssl-nginx
[DEBUG 19:46:42] Running wrk with command: wrk https://127.0.0.1:4043/index.html -c 100 -d 10
[DEBUG 19:46:52] Parsing wrk output: Running 10s test @ https://127.0.0.1:4043/index.html
  2 threads and 100 connections
  Thread Stats ...
  Requests/sec: 10247.10
[DEBUG 19:46:52] Terminating processes
[DEBUG 19:46:52] Cleaning up processes...
[DEBUG 19:46:52] Found nginx PIDs: []
[DEBUG 19:46:52] Found sslsniff PIDs: []
[DEBUG 19:46:53] After cleanup: nginx PIDs: [], sslsniff PIDs: []
Run 4/10...
[DEBUG 19:46:53] Starting sslsniff with bpftime: LD_PRELOAD=build/runtime/syscall-server/libbpftime-syscall-server.so example/sslsniff/sslsniff
[DEBUG 19:46:55] Starting nginx with bpftime: LD_PRELOAD=build/runtime/agent/libbpftime-agent.so nginx -c /bpftime/benchmark/ssl-nginx/nginx.conf -p /bpftime/benchmark/ssl-nginx
[DEBUG 19:46:57] Running wrk with command: wrk https://127.0.0.1:4043/index.html -c 100 -d 10
[DEBUG 19:47:07] Parsing wrk output: Running 10s test @ https://127.0.0.1:4043/index.html
  2 threads and 100 connections
  Thread Stats ...
  Requests/sec: 10541.19
[DEBUG 19:47:07] Terminating processes
[DEBUG 19:47:07] Cleaning up processes...
[DEBUG 19:47:08] Found nginx PIDs: []
[DEBUG 19:47:08] Found sslsniff PIDs: []
[DEBUG 19:47:09] After cleanup: nginx PIDs: [], sslsniff PIDs: []
Run 5/10...
[DEBUG 19:47:09] Starting sslsniff with bpftime: LD_PRELOAD=build/runtime/syscall-server/libbpftime-syscall-server.so example/sslsniff/sslsniff
[DEBUG 19:47:11] Starting nginx with bpftime: LD_PRELOAD=build/runtime/agent/libbpftime-agent.so nginx -c /bpftime/benchmark/ssl-nginx/nginx.conf -p /bpftime/benchmark/ssl-nginx
[DEBUG 19:47:13] Running wrk with command: wrk https://127.0.0.1:4043/index.html -c 100 -d 10
[DEBUG 19:47:23] Parsing wrk output: Running 10s test @ https://127.0.0.1:4043/index.html
  2 threads and 100 connections
  Thread Stats ...
  Requests/sec: 10376.32
[DEBUG 19:47:23] Terminating processes
[DEBUG 19:47:23] Cleaning up processes...
[DEBUG 19:47:23] Found nginx PIDs: []
[DEBUG 19:47:23] Found sslsniff PIDs: []
[DEBUG 19:47:24] After cleanup: nginx PIDs: [], sslsniff PIDs: []
Run 6/10...
[DEBUG 19:47:24] Starting sslsniff with bpftime: LD_PRELOAD=build/runtime/syscall-server/libbpftime-syscall-server.so example/sslsniff/sslsniff
[DEBUG 19:47:26] Starting nginx with bpftime: LD_PRELOAD=build/runtime/agent/libbpftime-agent.so nginx -c /bpftime/benchmark/ssl-nginx/nginx.conf -p /bpftime/benchmark/ssl-nginx
[DEBUG 19:47:28] Running wrk with command: wrk https://127.0.0.1:4043/index.html -c 100 -d 10
[DEBUG 19:47:38] Parsing wrk output: Running 10s test @ https://127.0.0.1:4043/index.html
  2 threads and 100 connections
  Thread Stats ...
  Requests/sec: 10548.59
[DEBUG 19:47:38] Terminating processes
[DEBUG 19:47:38] Cleaning up processes...
[DEBUG 19:47:38] Found nginx PIDs: []
[DEBUG 19:47:38] Found sslsniff PIDs: []
[DEBUG 19:47:39] After cleanup: nginx PIDs: [], sslsniff PIDs: []
Run 7/10...
[DEBUG 19:47:39] Starting sslsniff with bpftime: LD_PRELOAD=build/runtime/syscall-server/libbpftime-syscall-server.so example/sslsniff/sslsniff
[DEBUG 19:47:41] Starting nginx with bpftime: LD_PRELOAD=build/runtime/agent/libbpftime-agent.so nginx -c /bpftime/benchmark/ssl-nginx/nginx.conf -p /bpftime/benchmark/ssl-nginx
[DEBUG 19:47:43] Running wrk with command: wrk https://127.0.0.1:4043/index.html -c 100 -d 10
[DEBUG 19:47:53] Parsing wrk output: Running 10s test @ https://127.0.0.1:4043/index.html
  2 threads and 100 connections
  Thread Stats ...
  Requests/sec: 10393.90
[DEBUG 19:47:53] Terminating processes
[DEBUG 19:47:53] Cleaning up processes...
[DEBUG 19:47:53] Found nginx PIDs: []
[DEBUG 19:47:53] Found sslsniff PIDs: []
[DEBUG 19:47:54] After cleanup: nginx PIDs: [], sslsniff PIDs: []
Run 8/10...
[DEBUG 19:47:54] Starting sslsniff with bpftime: LD_PRELOAD=build/runtime/syscall-server/libbpftime-syscall-server.so example/sslsniff/sslsniff
[DEBUG 19:47:56] Starting nginx with bpftime: LD_PRELOAD=build/runtime/agent/libbpftime-agent.so nginx -c /bpftime/benchmark/ssl-nginx/nginx.conf -p /bpftime/benchmark/ssl-nginx
[DEBUG 19:47:58] Running wrk with command: wrk https://127.0.0.1:4043/index.html -c 100 -d 10
[DEBUG 19:48:08] Parsing wrk output: Running 10s test @ https://127.0.0.1:4043/index.html
  2 threads and 100 connections
  Thread Stats ...
  Requests/sec: 10608.42
[DEBUG 19:48:08] Terminating processes
[DEBUG 19:48:08] Cleaning up processes...
[DEBUG 19:48:08] Found nginx PIDs: []
[DEBUG 19:48:08] Found sslsniff PIDs: []
[DEBUG 19:48:09] After cleanup: nginx PIDs: [], sslsniff PIDs: []
Run 9/10...
[DEBUG 19:48:09] Starting sslsniff with bpftime: LD_PRELOAD=build/runtime/syscall-server/libbpftime-syscall-server.so example/sslsniff/sslsniff
[DEBUG 19:48:11] Starting nginx with bpftime: LD_PRELOAD=build/runtime/agent/libbpftime-agent.so nginx -c /bpftime/benchmark/ssl-nginx/nginx.conf -p /bpftime/benchmark/ssl-nginx
[DEBUG 19:48:13] Running wrk with command: wrk https://127.0.0.1:4043/index.html -c 100 -d 10
[DEBUG 19:48:23] Parsing wrk output: Running 10s test @ https://127.0.0.1:4043/index.html
  2 threads and 100 connections
  Thread Stats ...
  Requests/sec: 10474.36
[DEBUG 19:48:23] Terminating processes
[DEBUG 19:48:24] Cleaning up processes...
[DEBUG 19:48:24] Found nginx PIDs: []
[DEBUG 19:48:24] Found sslsniff PIDs: []
[DEBUG 19:48:25] After cleanup: nginx PIDs: [], sslsniff PIDs: []
Run 10/10...
[DEBUG 19:48:25] Starting sslsniff with bpftime: LD_PRELOAD=build/runtime/syscall-server/libbpftime-syscall-server.so example/sslsniff/sslsniff
[DEBUG 19:48:27] Starting nginx with bpftime: LD_PRELOAD=build/runtime/agent/libbpftime-agent.so nginx -c /bpftime/benchmark/ssl-nginx/nginx.conf -p /bpftime/benchmark/ssl-nginx
[DEBUG 19:48:29] Running wrk with command: wrk https://127.0.0.1:4043/index.html -c 100 -d 10
[DEBUG 19:48:39] Parsing wrk output: Running 10s test @ https://127.0.0.1:4043/index.html
  2 threads and 100 connections
  Thread Stats ...
  Requests/sec: 10061.23
[DEBUG 19:48:39] Terminating processes
[DEBUG 19:48:39] Cleaning up processes...
[DEBUG 19:48:39] Found nginx PIDs: []
[DEBUG 19:48:39] Found sslsniff PIDs: []
[DEBUG 19:48:40] After cleanup: nginx PIDs: [], sslsniff PIDs: []

=== Benchmark Results ===
Each configuration run 10 times

Baseline:
  Requests/sec (mean):   16533.56
  Requests/sec (median): 16518.40
  Standard deviation:    109.25
  Min:                   16400.78
  Max:                   16715.30
  All runs:              [16656.25, 16616.1, 16715.3, 16601.75, 16400.78, 16533.98, 16423.68, 16460.13, 16424.82, 16502.81]

Kernel Sslsniff:
  Requests/sec (mean):   11249.95
  Requests/sec (median): 11268.40
  Standard deviation:    105.16
  Min:                   11087.79
  Max:                   11393.11
  All runs:              [11393.11, 11360.93, 11157.77, 11310.92, 11321.74, 11113.28, 11217.18, 11232.18, 11087.79, 11304.62]

Bpftime Sslsniff:
  Requests/sec (mean):   10413.29
  Requests/sec (median): 10434.13
  Standard deviation:    167.41
  Min:                   10061.23
  Max:                   10608.42
  All runs:              [10338.62, 10543.2, 10247.1, 10541.19, 10376.32, 10548.59, 10393.9, 10608.42, 10474.36, 10061.23]

Kernel sslsniff performance impact: 31.96% decrease
bpftime sslsniff performance impact: 37.02% decrease
bpftime improvement over kernel: -7.44%

Results saved to benchmark/ssl-nginx/benchmark_results_20260725_194840.json
[DEBUG 19:48:40] Cleaning up before exit
[DEBUG 19:48:40] Cleaning up processes...
[DEBUG 19:48:40] Found nginx PIDs: []
[DEBUG 19:48:40] Found sslsniff PIDs: []
[DEBUG 19:48:41] After cleanup: nginx PIDs: [], sslsniff PIDs: []


=== Running benchmark for 1kb file ===
Generating test file of size 1kb...
  Created benchmark/ssl-nginx/index.html (1024 bytes)
[DEBUG 19:48:43] Starting benchmark script
[DEBUG 19:48:43] Current working directory: /bpftime
[DEBUG 19:48:43] Checking command: nginx - EXISTS
[DEBUG 19:48:43]   Path: /usr/sbin/nginx
[DEBUG 19:48:43] Checking file: /bpftime/build/runtime/agent/libbpftime-agent.so - EXISTS
[DEBUG 19:48:43] Checking file: /bpftime/build/runtime/syscall-server/libbpftime-syscall-server.so - EXISTS
[DEBUG 19:48:43] Checking file: /bpftime/example/sslsniff/sslsniff - EXISTS
[DEBUG 19:48:43] Checking command: wrk - EXISTS
[DEBUG 19:48:43]   Path: /usr/bin/wrk

=== Running Baseline Tests ===
[DEBUG 19:48:43] Cleaning up processes...
[DEBUG 19:48:43] Found nginx PIDs: []
[DEBUG 19:48:43] Found sslsniff PIDs: []
[DEBUG 19:48:44] After cleanup: nginx PIDs: [], sslsniff PIDs: []
[DEBUG 19:48:44] Removing access log: /bpftime/benchmark/ssl-nginx/access.log
[DEBUG 19:48:44] Access log removed successfully
[DEBUG 19:48:44] Checking command: nginx - EXISTS
[DEBUG 19:48:44]   Path: /usr/sbin/nginx
[DEBUG 19:48:44] Current directory: /bpftime
[DEBUG 19:48:44] Checking if nginx.conf exists: True
[DEBUG 19:48:44] Starting nginx with command: nginx -c /bpftime/benchmark/ssl-nginx/nginx.conf -p /bpftime/benchmark/ssl-nginx
[DEBUG 19:48:46] nginx started successfully
[DEBUG 19:48:46] Error checking nginx: [Errno 2] No such file or directory: 'curl'
Run 1/10...
[DEBUG 19:48:46] Running wrk with command: wrk https://127.0.0.1:4043/index.html -c 100 -d 10
[DEBUG 19:48:56] wrk exit code: 0
[DEBUG 19:48:56] Parsing wrk output: Running 10s test @ https://127.0.0.1:4043/index.html
  2 threads and 100 connections
  Thread Stats ...
  Requests/sec: 15743.30
Run 2/10...
[DEBUG 19:48:56] Running wrk with command: wrk https://127.0.0.1:4043/index.html -c 100 -d 10
[DEBUG 19:49:06] wrk exit code: 0
[DEBUG 19:49:06] Parsing wrk output: Running 10s test @ https://127.0.0.1:4043/index.html
  2 threads and 100 connections
  Thread Stats ...
  Requests/sec: 15948.93
Run 3/10...
[DEBUG 19:49:06] Running wrk with command: wrk https://127.0.0.1:4043/index.html -c 100 -d 10
[DEBUG 19:49:16] wrk exit code: 0
[DEBUG 19:49:16] Parsing wrk output: Running 10s test @ https://127.0.0.1:4043/index.html
  2 threads and 100 connections
  Thread Stats ...
  Requests/sec: 15943.89
Run 4/10...
[DEBUG 19:49:16] Running wrk with command: wrk https://127.0.0.1:4043/index.html -c 100 -d 10
[DEBUG 19:49:27] wrk exit code: 0
[DEBUG 19:49:27] Parsing wrk output: Running 10s test @ https://127.0.0.1:4043/index.html
  2 threads and 100 connections
  Thread Stats ...
  Requests/sec: 15841.16
Run 5/10...
[DEBUG 19:49:27] Running wrk with command: wrk https://127.0.0.1:4043/index.html -c 100 -d 10
[DEBUG 19:49:37] wrk exit code: 0
[DEBUG 19:49:37] Parsing wrk output: Running 10s test @ https://127.0.0.1:4043/index.html
  2 threads and 100 connections
  Thread Stats ...
  Requests/sec: 15947.72
Run 6/10...
[DEBUG 19:49:37] Running wrk with command: wrk https://127.0.0.1:4043/index.html -c 100 -d 10
[DEBUG 19:49:47] wrk exit code: 0
[DEBUG 19:49:47] Parsing wrk output: Running 10s test @ https://127.0.0.1:4043/index.html
  2 threads and 100 connections
  Thread Stats ...
  Requests/sec: 15802.19
Run 7/10...
[DEBUG 19:49:47] Running wrk with command: wrk https://127.0.0.1:4043/index.html -c 100 -d 10
[DEBUG 19:49:57] wrk exit code: 0
[DEBUG 19:49:57] Parsing wrk output: Running 10s test @ https://127.0.0.1:4043/index.html
  2 threads and 100 connections
  Thread Stats ...
  Requests/sec: 15753.48
Run 8/10...
[DEBUG 19:49:57] Running wrk with command: wrk https://127.0.0.1:4043/index.html -c 100 -d 10
[DEBUG 19:50:07] wrk exit code: 0
[DEBUG 19:50:07] Parsing wrk output: Running 10s test @ https://127.0.0.1:4043/index.html
  2 threads and 100 connections
  Thread Stats ...
  Requests/sec: 15928.48
Run 9/10...
[DEBUG 19:50:07] Running wrk with command: wrk https://127.0.0.1:4043/index.html -c 100 -d 10
[DEBUG 19:50:17] wrk exit code: 0
[DEBUG 19:50:17] Parsing wrk output: Running 10s test @ https://127.0.0.1:4043/index.html
  2 threads and 100 connections
  Thread Stats ...
  Requests/sec: 15903.75
Run 10/10...
[DEBUG 19:50:17] Running wrk with command: wrk https://127.0.0.1:4043/index.html -c 100 -d 10
[DEBUG 19:50:27] wrk exit code: 0
[DEBUG 19:50:27] Parsing wrk output: Running 10s test @ https://127.0.0.1:4043/index.html
  2 threads and 100 connections
  Thread Stats ...
  Requests/sec: 15840.22
[DEBUG 19:50:27] Terminating nginx

=== Running Kernel sslsniff Tests ===
[DEBUG 19:50:27] Cleaning up processes...
[DEBUG 19:50:27] Found nginx PIDs: []
[DEBUG 19:50:27] Found sslsniff PIDs: []
[DEBUG 19:50:28] After cleanup: nginx PIDs: [], sslsniff PIDs: []
[DEBUG 19:50:28] Removing access log: /bpftime/benchmark/ssl-nginx/access.log
[DEBUG 19:50:28] Access log removed successfully
[DEBUG 19:50:28] Checking file: /bpftime/example/sslsniff/sslsniff - EXISTS
[DEBUG 19:50:28] Starting nginx with command: nginx -c /bpftime/benchmark/ssl-nginx/nginx.conf -p /bpftime/benchmark/ssl-nginx
Run 1/10...
[DEBUG 19:50:30] Starting kernel sslsniff: sudo example/sslsniff/sslsniff
[DEBUG 19:50:32] Running wrk with command: wrk https://127.0.0.1:4043/index.html -c 100 -d 10
[DEBUG 19:50:42] Parsing wrk output: Running 10s test @ https://127.0.0.1:4043/index.html
  2 threads and 100 connections
  Thread Stats ...
[DEBUG 19:50:42] Killing sslsniff
  Requests/sec: 10796.52
Run 2/10...
[DEBUG 19:50:43] Starting kernel sslsniff: sudo example/sslsniff/sslsniff
[DEBUG 19:50:45] Running wrk with command: wrk https://127.0.0.1:4043/index.html -c 100 -d 10
[DEBUG 19:50:55] Parsing wrk output: Running 10s test @ https://127.0.0.1:4043/index.html
  2 threads and 100 connections
  Thread Stats ...
[DEBUG 19:50:55] Killing sslsniff
  Requests/sec: 10728.89
Run 3/10...
[DEBUG 19:50:56] Starting kernel sslsniff: sudo example/sslsniff/sslsniff
[DEBUG 19:50:58] Running wrk with command: wrk https://127.0.0.1:4043/index.html -c 100 -d 10
[DEBUG 19:51:08] Parsing wrk output: Running 10s test @ https://127.0.0.1:4043/index.html
  2 threads and 100 connections
  Thread Stats ...
[DEBUG 19:51:08] Killing sslsniff
  Requests/sec: 10793.93
Run 4/10...
[DEBUG 19:51:09] Starting kernel sslsniff: sudo example/sslsniff/sslsniff
[DEBUG 19:51:11] Running wrk with command: wrk https://127.0.0.1:4043/index.html -c 100 -d 10
[DEBUG 19:51:22] Parsing wrk output: Running 10s test @ https://127.0.0.1:4043/index.html
  2 threads and 100 connections
  Thread Stats ...
[DEBUG 19:51:22] Killing sslsniff
  Requests/sec: 11055.92
Run 5/10...
[DEBUG 19:51:23] Starting kernel sslsniff: sudo example/sslsniff/sslsniff
[DEBUG 19:51:25] Running wrk with command: wrk https://127.0.0.1:4043/index.html -c 100 -d 10
[DEBUG 19:51:35] Parsing wrk output: Running 10s test @ https://127.0.0.1:4043/index.html
  2 threads and 100 connections
  Thread Stats ...
[DEBUG 19:51:35] Killing sslsniff
  Requests/sec: 11005.46
Run 6/10...
[DEBUG 19:51:36] Starting kernel sslsniff: sudo example/sslsniff/sslsniff
[DEBUG 19:51:38] Running wrk with command: wrk https://127.0.0.1:4043/index.html -c 100 -d 10
[DEBUG 19:51:48] Parsing wrk output: Running 10s test @ https://127.0.0.1:4043/index.html
  2 threads and 100 connections
  Thread Stats ...
[DEBUG 19:51:48] Killing sslsniff
  Requests/sec: 10705.98
Run 7/10...
[DEBUG 19:51:49] Starting kernel sslsniff: sudo example/sslsniff/sslsniff
[DEBUG 19:51:51] Running wrk with command: wrk https://127.0.0.1:4043/index.html -c 100 -d 10
[DEBUG 19:52:01] Parsing wrk output: Running 10s test @ https://127.0.0.1:4043/index.html
  2 threads and 100 connections
  Thread Stats ...
[DEBUG 19:52:01] Killing sslsniff
  Requests/sec: 10517.19
Run 8/10...
[DEBUG 19:52:02] Starting kernel sslsniff: sudo example/sslsniff/sslsniff
[DEBUG 19:52:04] Running wrk with command: wrk https://127.0.0.1:4043/index.html -c 100 -d 10
[DEBUG 19:52:14] Parsing wrk output: Running 10s test @ https://127.0.0.1:4043/index.html
  2 threads and 100 connections
  Thread Stats ...
[DEBUG 19:52:14] Killing sslsniff
  Requests/sec: 10655.09
Run 9/10...
[DEBUG 19:52:15] Starting kernel sslsniff: sudo example/sslsniff/sslsniff
[DEBUG 19:52:17] Running wrk with command: wrk https://127.0.0.1:4043/index.html -c 100 -d 10
[DEBUG 19:52:27] Parsing wrk output: Running 10s test @ https://127.0.0.1:4043/index.html
  2 threads and 100 connections
  Thread Stats ...
[DEBUG 19:52:27] Killing sslsniff
  Requests/sec: 10694.00
Run 10/10...
[DEBUG 19:52:28] Starting kernel sslsniff: sudo example/sslsniff/sslsniff
[DEBUG 19:52:30] Running wrk with command: wrk https://127.0.0.1:4043/index.html -c 100 -d 10
[DEBUG 19:52:40] Parsing wrk output: Running 10s test @ https://127.0.0.1:4043/index.html
  2 threads and 100 connections
  Thread Stats ...
[DEBUG 19:52:40] Killing sslsniff
  Requests/sec: 10995.15
[DEBUG 19:52:41] Terminating nginx

=== Running bpftime sslsniff Tests ===
[DEBUG 19:52:41] Cleaning up processes...
[DEBUG 19:52:41] Found nginx PIDs: []
[DEBUG 19:52:41] Found sslsniff PIDs: []
[DEBUG 19:52:42] After cleanup: nginx PIDs: [], sslsniff PIDs: []
[DEBUG 19:52:42] Removing access log: /bpftime/benchmark/ssl-nginx/access.log
[DEBUG 19:52:42] Access log removed successfully
[DEBUG 19:52:42] Checking file: /bpftime/example/sslsniff/sslsniff - EXISTS
[DEBUG 19:52:42] Checking file: /bpftime/build/runtime/agent/libbpftime-agent.so - EXISTS
[DEBUG 19:52:42] Checking file: /bpftime/build/runtime/syscall-server/libbpftime-syscall-server.so - EXISTS
Run 1/10...
[DEBUG 19:52:42] Starting sslsniff with bpftime: LD_PRELOAD=build/runtime/syscall-server/libbpftime-syscall-server.so example/sslsniff/sslsniff
[DEBUG 19:52:44] Starting nginx with bpftime: LD_PRELOAD=build/runtime/agent/libbpftime-agent.so nginx -c /bpftime/benchmark/ssl-nginx/nginx.conf -p /bpftime/benchmark/ssl-nginx
[DEBUG 19:52:46] Running wrk with command: wrk https://127.0.0.1:4043/index.html -c 100 -d 10
[DEBUG 19:52:56] Parsing wrk output: Running 10s test @ https://127.0.0.1:4043/index.html
  2 threads and 100 connections
  Thread Stats ...
  Requests/sec: 10240.68
[DEBUG 19:52:56] Terminating processes
[DEBUG 19:52:57] Cleaning up processes...
[DEBUG 19:52:57] Found nginx PIDs: []
[DEBUG 19:52:57] Found sslsniff PIDs: []
[DEBUG 19:52:58] After cleanup: nginx PIDs: [], sslsniff PIDs: []
Run 2/10...
[DEBUG 19:52:58] Starting sslsniff with bpftime: LD_PRELOAD=build/runtime/syscall-server/libbpftime-syscall-server.so example/sslsniff/sslsniff
[DEBUG 19:53:00] Starting nginx with bpftime: LD_PRELOAD=build/runtime/agent/libbpftime-agent.so nginx -c /bpftime/benchmark/ssl-nginx/nginx.conf -p /bpftime/benchmark/ssl-nginx
[DEBUG 19:53:02] Running wrk with command: wrk https://127.0.0.1:4043/index.html -c 100 -d 10
[DEBUG 19:53:12] Parsing wrk output: Running 10s test @ https://127.0.0.1:4043/index.html
  2 threads and 100 connections
  Thread Stats ...
  Requests/sec: 10275.59
[DEBUG 19:53:12] Terminating processes
[DEBUG 19:53:12] Cleaning up processes...
[DEBUG 19:53:12] Found nginx PIDs: []
[DEBUG 19:53:12] Found sslsniff PIDs: []
[DEBUG 19:53:13] After cleanup: nginx PIDs: [], sslsniff PIDs: []
Run 3/10...
[DEBUG 19:53:13] Starting sslsniff with bpftime: LD_PRELOAD=build/runtime/syscall-server/libbpftime-syscall-server.so example/sslsniff/sslsniff
[DEBUG 19:53:15] Starting nginx with bpftime: LD_PRELOAD=build/runtime/agent/libbpftime-agent.so nginx -c /bpftime/benchmark/ssl-nginx/nginx.conf -p /bpftime/benchmark/ssl-nginx
[DEBUG 19:53:17] Running wrk with command: wrk https://127.0.0.1:4043/index.html -c 100 -d 10
[DEBUG 19:53:27] Parsing wrk output: Running 10s test @ https://127.0.0.1:4043/index.html
  2 threads and 100 connections
  Thread Stats ...
  Requests/sec: 9905.18
[DEBUG 19:53:27] Terminating processes
[DEBUG 19:53:27] Cleaning up processes...
[DEBUG 19:53:27] Found nginx PIDs: []
[DEBUG 19:53:27] Found sslsniff PIDs: []
[DEBUG 19:53:28] After cleanup: nginx PIDs: [], sslsniff PIDs: []
Run 4/10...
[DEBUG 19:53:28] Starting sslsniff with bpftime: LD_PRELOAD=build/runtime/syscall-server/libbpftime-syscall-server.so example/sslsniff/sslsniff
[DEBUG 19:53:30] Starting nginx with bpftime: LD_PRELOAD=build/runtime/agent/libbpftime-agent.so nginx -c /bpftime/benchmark/ssl-nginx/nginx.conf -p /bpftime/benchmark/ssl-nginx
[DEBUG 19:53:32] Running wrk with command: wrk https://127.0.0.1:4043/index.html -c 100 -d 10
[DEBUG 19:53:42] Parsing wrk output: Running 10s test @ https://127.0.0.1:4043/index.html
  2 threads and 100 connections
  Thread Stats ...
  Requests/sec: 10128.98
[DEBUG 19:53:42] Terminating processes
[DEBUG 19:53:42] Cleaning up processes...
[DEBUG 19:53:42] Found nginx PIDs: []
[DEBUG 19:53:42] Found sslsniff PIDs: []
[DEBUG 19:53:43] After cleanup: nginx PIDs: [], sslsniff PIDs: []
Run 5/10...
[DEBUG 19:53:43] Starting sslsniff with bpftime: LD_PRELOAD=build/runtime/syscall-server/libbpftime-syscall-server.so example/sslsniff/sslsniff
[DEBUG 19:53:45] Starting nginx with bpftime: LD_PRELOAD=build/runtime/agent/libbpftime-agent.so nginx -c /bpftime/benchmark/ssl-nginx/nginx.conf -p /bpftime/benchmark/ssl-nginx
[DEBUG 19:53:47] Running wrk with command: wrk https://127.0.0.1:4043/index.html -c 100 -d 10
[DEBUG 19:53:57] Parsing wrk output: Running 10s test @ https://127.0.0.1:4043/index.html
  2 threads and 100 connections
  Thread Stats ...
  Requests/sec: 10270.29
[DEBUG 19:53:57] Terminating processes
[DEBUG 19:53:57] Cleaning up processes...
[DEBUG 19:53:57] Found nginx PIDs: []
[DEBUG 19:53:57] Found sslsniff PIDs: []
[DEBUG 19:53:58] After cleanup: nginx PIDs: [], sslsniff PIDs: []
Run 6/10...
[DEBUG 19:53:58] Starting sslsniff with bpftime: LD_PRELOAD=build/runtime/syscall-server/libbpftime-syscall-server.so example/sslsniff/sslsniff
[DEBUG 19:54:00] Starting nginx with bpftime: LD_PRELOAD=build/runtime/agent/libbpftime-agent.so nginx -c /bpftime/benchmark/ssl-nginx/nginx.conf -p /bpftime/benchmark/ssl-nginx
[DEBUG 19:54:02] Running wrk with command: wrk https://127.0.0.1:4043/index.html -c 100 -d 10
[DEBUG 19:54:13] Parsing wrk output: Running 10s test @ https://127.0.0.1:4043/index.html
  2 threads and 100 connections
  Thread Stats ...
  Requests/sec: 9734.16
[DEBUG 19:54:13] Terminating processes
[DEBUG 19:54:13] Cleaning up processes...
[DEBUG 19:54:13] Found nginx PIDs: []
[DEBUG 19:54:13] Found sslsniff PIDs: []
[DEBUG 19:54:14] After cleanup: nginx PIDs: [], sslsniff PIDs: []
Run 7/10...
[DEBUG 19:54:14] Starting sslsniff with bpftime: LD_PRELOAD=build/runtime/syscall-server/libbpftime-syscall-server.so example/sslsniff/sslsniff
[DEBUG 19:54:16] Starting nginx with bpftime: LD_PRELOAD=build/runtime/agent/libbpftime-agent.so nginx -c /bpftime/benchmark/ssl-nginx/nginx.conf -p /bpftime/benchmark/ssl-nginx
[DEBUG 19:54:18] Running wrk with command: wrk https://127.0.0.1:4043/index.html -c 100 -d 10
[DEBUG 19:54:28] Parsing wrk output: Running 10s test @ https://127.0.0.1:4043/index.html
  2 threads and 100 connections
  Thread Stats ...
  Requests/sec: 10167.31
[DEBUG 19:54:28] Terminating processes
[DEBUG 19:54:28] Cleaning up processes...
[DEBUG 19:54:28] Found nginx PIDs: []
[DEBUG 19:54:28] Found sslsniff PIDs: []
[DEBUG 19:54:29] After cleanup: nginx PIDs: [], sslsniff PIDs: []
Run 8/10...
[DEBUG 19:54:29] Starting sslsniff with bpftime: LD_PRELOAD=build/runtime/syscall-server/libbpftime-syscall-server.so example/sslsniff/sslsniff
[DEBUG 19:54:31] Starting nginx with bpftime: LD_PRELOAD=build/runtime/agent/libbpftime-agent.so nginx -c /bpftime/benchmark/ssl-nginx/nginx.conf -p /bpftime/benchmark/ssl-nginx
[DEBUG 19:54:33] Running wrk with command: wrk https://127.0.0.1:4043/index.html -c 100 -d 10
[DEBUG 19:54:43] Parsing wrk output: Running 10s test @ https://127.0.0.1:4043/index.html
  2 threads and 100 connections
  Thread Stats ...
  Requests/sec: 10211.18
[DEBUG 19:54:43] Terminating processes
[DEBUG 19:54:43] Cleaning up processes...
[DEBUG 19:54:43] Found nginx PIDs: []
[DEBUG 19:54:43] Found sslsniff PIDs: []
[DEBUG 19:54:44] After cleanup: nginx PIDs: [], sslsniff PIDs: []
Run 9/10...
[DEBUG 19:54:44] Starting sslsniff with bpftime: LD_PRELOAD=build/runtime/syscall-server/libbpftime-syscall-server.so example/sslsniff/sslsniff
[DEBUG 19:54:46] Starting nginx with bpftime: LD_PRELOAD=build/runtime/agent/libbpftime-agent.so nginx -c /bpftime/benchmark/ssl-nginx/nginx.conf -p /bpftime/benchmark/ssl-nginx
[DEBUG 19:54:48] Running wrk with command: wrk https://127.0.0.1:4043/index.html -c 100 -d 10
[DEBUG 19:54:58] Parsing wrk output: Running 10s test @ https://127.0.0.1:4043/index.html
  2 threads and 100 connections
  Thread Stats ...
  Requests/sec: 10296.47
[DEBUG 19:54:58] Terminating processes
[DEBUG 19:54:58] Cleaning up processes...
[DEBUG 19:54:58] Found nginx PIDs: []
[DEBUG 19:54:58] Found sslsniff PIDs: []
[DEBUG 19:54:59] After cleanup: nginx PIDs: [], sslsniff PIDs: []
Run 10/10...
[DEBUG 19:54:59] Starting sslsniff with bpftime: LD_PRELOAD=build/runtime/syscall-server/libbpftime-syscall-server.so example/sslsniff/sslsniff
[DEBUG 19:55:01] Starting nginx with bpftime: LD_PRELOAD=build/runtime/agent/libbpftime-agent.so nginx -c /bpftime/benchmark/ssl-nginx/nginx.conf -p /bpftime/benchmark/ssl-nginx
[DEBUG 19:55:03] Running wrk with command: wrk https://127.0.0.1:4043/index.html -c 100 -d 10
[DEBUG 19:55:13] Parsing wrk output: Running 10s test @ https://127.0.0.1:4043/index.html
  2 threads and 100 connections
  Thread Stats ...
  Requests/sec: 10176.08
[DEBUG 19:55:13] Terminating processes
[DEBUG 19:55:13] Cleaning up processes...
[DEBUG 19:55:13] Found nginx PIDs: []
[DEBUG 19:55:13] Found sslsniff PIDs: []
[DEBUG 19:55:14] After cleanup: nginx PIDs: [], sslsniff PIDs: []

=== Benchmark Results ===
Each configuration run 10 times

Baseline:
  Requests/sec (mean):   15865.31
  Requests/sec (median): 15872.45
  Standard deviation:    80.29
  Min:                   15743.30
  Max:                   15948.93
  All runs:              [15743.3, 15948.93, 15943.89, 15841.16, 15947.72, 15802.19, 15753.48, 15928.48, 15903.75, 15840.22]

Kernel Sslsniff:
  Requests/sec (mean):   10794.81
  Requests/sec (median): 10761.41
  Standard deviation:    173.74
  Min:                   10517.19
  Max:                   11055.92
  All runs:              [10796.52, 10728.89, 10793.93, 11055.92, 11005.46, 10705.98, 10517.19, 10655.09, 10694.0, 10995.15]

Bpftime Sslsniff:
  Requests/sec (mean):   10140.59
  Requests/sec (median): 10193.63
  Standard deviation:    181.68
  Min:                   9734.16
  Max:                   10296.47
  All runs:              [10240.68, 10275.59, 9905.18, 10128.98, 10270.29, 9734.16, 10167.31, 10211.18, 10296.47, 10176.08]

Kernel sslsniff performance impact: 31.96% decrease
bpftime sslsniff performance impact: 36.08% decrease
bpftime improvement over kernel: -6.06%

Results saved to benchmark/ssl-nginx/benchmark_results_20260725_195514.json
[DEBUG 19:55:14] Cleaning up before exit
[DEBUG 19:55:14] Cleaning up processes...
[DEBUG 19:55:15] Found nginx PIDs: []
[DEBUG 19:55:15] Found sslsniff PIDs: []
[DEBUG 19:55:16] After cleanup: nginx PIDs: [], sslsniff PIDs: []


=== Running benchmark for 2kb file ===
Generating test file of size 2kb...
  Created benchmark/ssl-nginx/index.html (2048 bytes)
[DEBUG 19:55:18] Starting benchmark script
[DEBUG 19:55:18] Current working directory: /bpftime
[DEBUG 19:55:18] Checking command: nginx - EXISTS
[DEBUG 19:55:18]   Path: /usr/sbin/nginx
[DEBUG 19:55:18] Checking file: /bpftime/build/runtime/agent/libbpftime-agent.so - EXISTS
[DEBUG 19:55:18] Checking file: /bpftime/build/runtime/syscall-server/libbpftime-syscall-server.so - EXISTS
[DEBUG 19:55:18] Checking file: /bpftime/example/sslsniff/sslsniff - EXISTS
[DEBUG 19:55:18] Checking command: wrk - EXISTS
[DEBUG 19:55:18]   Path: /usr/bin/wrk

=== Running Baseline Tests ===
[DEBUG 19:55:18] Cleaning up processes...
[DEBUG 19:55:18] Found nginx PIDs: []
[DEBUG 19:55:18] Found sslsniff PIDs: []
[DEBUG 19:55:19] After cleanup: nginx PIDs: [], sslsniff PIDs: []
[DEBUG 19:55:19] Removing access log: /bpftime/benchmark/ssl-nginx/access.log
[DEBUG 19:55:19] Access log removed successfully
[DEBUG 19:55:19] Checking command: nginx - EXISTS
[DEBUG 19:55:19]   Path: /usr/sbin/nginx
[DEBUG 19:55:19] Current directory: /bpftime
[DEBUG 19:55:19] Checking if nginx.conf exists: True
[DEBUG 19:55:19] Starting nginx with command: nginx -c /bpftime/benchmark/ssl-nginx/nginx.conf -p /bpftime/benchmark/ssl-nginx
[DEBUG 19:55:21] nginx started successfully
[DEBUG 19:55:21] Error checking nginx: [Errno 2] No such file or directory: 'curl'
Run 1/10...
[DEBUG 19:55:21] Running wrk with command: wrk https://127.0.0.1:4043/index.html -c 100 -d 10
[DEBUG 19:55:31] wrk exit code: 0
[DEBUG 19:55:31] Parsing wrk output: Running 10s test @ https://127.0.0.1:4043/index.html
  2 threads and 100 connections
  Thread Stats ...
  Requests/sec: 15231.37
Run 2/10...
[DEBUG 19:55:31] Running wrk with command: wrk https://127.0.0.1:4043/index.html -c 100 -d 10
[DEBUG 19:55:41] wrk exit code: 0
[DEBUG 19:55:41] Parsing wrk output: Running 10s test @ https://127.0.0.1:4043/index.html
  2 threads and 100 connections
  Thread Stats ...
  Requests/sec: 15219.73
Run 3/10...
[DEBUG 19:55:41] Running wrk with command: wrk https://127.0.0.1:4043/index.html -c 100 -d 10
[DEBUG 19:55:51] wrk exit code: 0
[DEBUG 19:55:51] Parsing wrk output: Running 10s test @ https://127.0.0.1:4043/index.html
  2 threads and 100 connections
  Thread Stats ...
  Requests/sec: 15216.27
Run 4/10...
[DEBUG 19:55:51] Running wrk with command: wrk https://127.0.0.1:4043/index.html -c 100 -d 10
[DEBUG 19:56:01] wrk exit code: 0
[DEBUG 19:56:01] Parsing wrk output: Running 10s test @ https://127.0.0.1:4043/index.html
  2 threads and 100 connections
  Thread Stats ...
  Requests/sec: 15071.40
Run 5/10...
[DEBUG 19:56:01] Running wrk with command: wrk https://127.0.0.1:4043/index.html -c 100 -d 10
[DEBUG 19:56:11] wrk exit code: 0
[DEBUG 19:56:11] Parsing wrk output: Running 10s test @ https://127.0.0.1:4043/index.html
  2 threads and 100 connections
  Thread Stats ...
  Requests/sec: 15166.05
Run 6/10...
[DEBUG 19:56:11] Running wrk with command: wrk https://127.0.0.1:4043/index.html -c 100 -d 10
[DEBUG 19:56:21] wrk exit code: 0
[DEBUG 19:56:21] Parsing wrk output: Running 10s test @ https://127.0.0.1:4043/index.html
  2 threads and 100 connections
  Thread Stats ...
  Requests/sec: 15311.83
Run 7/10...
[DEBUG 19:56:21] Running wrk with command: wrk https://127.0.0.1:4043/index.html -c 100 -d 10
[DEBUG 19:56:31] wrk exit code: 0
[DEBUG 19:56:31] Parsing wrk output: Running 10s test @ https://127.0.0.1:4043/index.html
  2 threads and 100 connections
  Thread Stats ...
  Requests/sec: 15104.95
Run 8/10...
[DEBUG 19:56:31] Running wrk with command: wrk https://127.0.0.1:4043/index.html -c 100 -d 10
[DEBUG 19:56:41] wrk exit code: 0
[DEBUG 19:56:41] Parsing wrk output: Running 10s test @ https://127.0.0.1:4043/index.html
  2 threads and 100 connections
  Thread Stats ...
  Requests/sec: 15206.79
Run 9/10...
[DEBUG 19:56:41] Running wrk with command: wrk https://127.0.0.1:4043/index.html -c 100 -d 10
[DEBUG 19:56:52] wrk exit code: 0
[DEBUG 19:56:52] Parsing wrk output: Running 10s test @ https://127.0.0.1:4043/index.html
  2 threads and 100 connections
  Thread Stats ...
  Requests/sec: 15111.67
Run 10/10...
[DEBUG 19:56:52] Running wrk with command: wrk https://127.0.0.1:4043/index.html -c 100 -d 10
[DEBUG 19:57:02] wrk exit code: 0
[DEBUG 19:57:02] Parsing wrk output: Running 10s test @ https://127.0.0.1:4043/index.html
  2 threads and 100 connections
  Thread Stats ...
  Requests/sec: 15196.26
[DEBUG 19:57:02] Terminating nginx

=== Running Kernel sslsniff Tests ===
[DEBUG 19:57:02] Cleaning up processes...
[DEBUG 19:57:02] Found nginx PIDs: []
[DEBUG 19:57:02] Found sslsniff PIDs: []
[DEBUG 19:57:03] After cleanup: nginx PIDs: [], sslsniff PIDs: []
[DEBUG 19:57:03] Removing access log: /bpftime/benchmark/ssl-nginx/access.log
[DEBUG 19:57:03] Access log removed successfully
[DEBUG 19:57:03] Checking file: /bpftime/example/sslsniff/sslsniff - EXISTS
[DEBUG 19:57:03] Starting nginx with command: nginx -c /bpftime/benchmark/ssl-nginx/nginx.conf -p /bpftime/benchmark/ssl-nginx
Run 1/10...
[DEBUG 19:57:05] Starting kernel sslsniff: sudo example/sslsniff/sslsniff
[DEBUG 19:57:07] Running wrk with command: wrk https://127.0.0.1:4043/index.html -c 100 -d 10
[DEBUG 19:57:17] Parsing wrk output: Running 10s test @ https://127.0.0.1:4043/index.html
  2 threads and 100 connections
  Thread Stats ...
[DEBUG 19:57:17] Killing sslsniff
  Requests/sec: 10857.72
Run 2/10...
[DEBUG 19:57:18] Starting kernel sslsniff: sudo example/sslsniff/sslsniff
[DEBUG 19:57:20] Running wrk with command: wrk https://127.0.0.1:4043/index.html -c 100 -d 10
[DEBUG 19:57:30] Parsing wrk output: Running 10s test @ https://127.0.0.1:4043/index.html
  2 threads and 100 connections
  Thread Stats ...
[DEBUG 19:57:30] Killing sslsniff
  Requests/sec: 10560.80
Run 3/10...
[DEBUG 19:57:31] Starting kernel sslsniff: sudo example/sslsniff/sslsniff
[DEBUG 19:57:33] Running wrk with command: wrk https://127.0.0.1:4043/index.html -c 100 -d 10
[DEBUG 19:57:43] Parsing wrk output: Running 10s test @ https://127.0.0.1:4043/index.html
  2 threads and 100 connections
  Thread Stats ...
[DEBUG 19:57:43] Killing sslsniff
  Requests/sec: 10299.46
Run 4/10...
[DEBUG 19:57:44] Starting kernel sslsniff: sudo example/sslsniff/sslsniff
[DEBUG 19:57:46] Running wrk with command: wrk https://127.0.0.1:4043/index.html -c 100 -d 10
[DEBUG 19:57:56] Parsing wrk output: Running 10s test @ https://127.0.0.1:4043/index.html
  2 threads and 100 connections
  Thread Stats ...
[DEBUG 19:57:56] Killing sslsniff
  Requests/sec: 10465.40
Run 5/10...
[DEBUG 19:57:57] Starting kernel sslsniff: sudo example/sslsniff/sslsniff
[DEBUG 19:57:59] Running wrk with command: wrk https://127.0.0.1:4043/index.html -c 100 -d 10
[DEBUG 19:58:09] Parsing wrk output: Running 10s test @ https://127.0.0.1:4043/index.html
  2 threads and 100 connections
  Thread Stats ...
[DEBUG 19:58:09] Killing sslsniff
  Requests/sec: 10406.07
Run 6/10...
[DEBUG 19:58:10] Starting kernel sslsniff: sudo example/sslsniff/sslsniff
[DEBUG 19:58:12] Running wrk with command: wrk https://127.0.0.1:4043/index.html -c 100 -d 10
[DEBUG 19:58:22] Parsing wrk output: Running 10s test @ https://127.0.0.1:4043/index.html
  2 threads and 100 connections
  Thread Stats ...
[DEBUG 19:58:22] Killing sslsniff
  Requests/sec: 10530.22
Run 7/10...
[DEBUG 19:58:23] Starting kernel sslsniff: sudo example/sslsniff/sslsniff
[DEBUG 19:58:25] Running wrk with command: wrk https://127.0.0.1:4043/index.html -c 100 -d 10
[DEBUG 19:58:36] Parsing wrk output: Running 10s test @ https://127.0.0.1:4043/index.html
  2 threads and 100 connections
  Thread Stats ...
[DEBUG 19:58:36] Killing sslsniff
  Requests/sec: 10531.95
Run 8/10...
[DEBUG 19:58:37] Starting kernel sslsniff: sudo example/sslsniff/sslsniff
[DEBUG 19:58:39] Running wrk with command: wrk https://127.0.0.1:4043/index.html -c 100 -d 10
[DEBUG 19:58:49] Parsing wrk output: Running 10s test @ https://127.0.0.1:4043/index.html
  2 threads and 100 connections
  Thread Stats ...
[DEBUG 19:58:49] Killing sslsniff
  Requests/sec: 10515.95
Run 9/10...
[DEBUG 19:58:50] Starting kernel sslsniff: sudo example/sslsniff/sslsniff
[DEBUG 19:58:52] Running wrk with command: wrk https://127.0.0.1:4043/index.html -c 100 -d 10
[DEBUG 19:59:02] Parsing wrk output: Running 10s test @ https://127.0.0.1:4043/index.html
  2 threads and 100 connections
  Thread Stats ...
[DEBUG 19:59:02] Killing sslsniff
  Requests/sec: 10500.63
Run 10/10...
[DEBUG 19:59:03] Starting kernel sslsniff: sudo example/sslsniff/sslsniff
[DEBUG 19:59:05] Running wrk with command: wrk https://127.0.0.1:4043/index.html -c 100 -d 10
[DEBUG 19:59:15] Parsing wrk output: Running 10s test @ https://127.0.0.1:4043/index.html
  2 threads and 100 connections
  Thread Stats ...
[DEBUG 19:59:15] Killing sslsniff
  Requests/sec: 10504.32
[DEBUG 19:59:16] Terminating nginx

=== Running bpftime sslsniff Tests ===
[DEBUG 19:59:16] Cleaning up processes...
[DEBUG 19:59:16] Found nginx PIDs: []
[DEBUG 19:59:16] Found sslsniff PIDs: []
[DEBUG 19:59:17] After cleanup: nginx PIDs: [], sslsniff PIDs: []
[DEBUG 19:59:17] Removing access log: /bpftime/benchmark/ssl-nginx/access.log
[DEBUG 19:59:17] Access log removed successfully
[DEBUG 19:59:17] Checking file: /bpftime/example/sslsniff/sslsniff - EXISTS
[DEBUG 19:59:17] Checking file: /bpftime/build/runtime/agent/libbpftime-agent.so - EXISTS
[DEBUG 19:59:17] Checking file: /bpftime/build/runtime/syscall-server/libbpftime-syscall-server.so - EXISTS
Run 1/10...
[DEBUG 19:59:17] Starting sslsniff with bpftime: LD_PRELOAD=build/runtime/syscall-server/libbpftime-syscall-server.so example/sslsniff/sslsniff
[DEBUG 19:59:19] Starting nginx with bpftime: LD_PRELOAD=build/runtime/agent/libbpftime-agent.so nginx -c /bpftime/benchmark/ssl-nginx/nginx.conf -p /bpftime/benchmark/ssl-nginx
[DEBUG 19:59:21] Running wrk with command: wrk https://127.0.0.1:4043/index.html -c 100 -d 10
[DEBUG 19:59:31] Parsing wrk output: Running 10s test @ https://127.0.0.1:4043/index.html
  2 threads and 100 connections
  Thread Stats ...
  Requests/sec: 9962.44
[DEBUG 19:59:31] Terminating processes
[DEBUG 19:59:31] Cleaning up processes...
[DEBUG 19:59:31] Found nginx PIDs: []
[DEBUG 19:59:31] Found sslsniff PIDs: []
[DEBUG 19:59:32] After cleanup: nginx PIDs: [], sslsniff PIDs: []
Run 2/10...
[DEBUG 19:59:32] Starting sslsniff with bpftime: LD_PRELOAD=build/runtime/syscall-server/libbpftime-syscall-server.so example/sslsniff/sslsniff
[DEBUG 19:59:34] Starting nginx with bpftime: LD_PRELOAD=build/runtime/agent/libbpftime-agent.so nginx -c /bpftime/benchmark/ssl-nginx/nginx.conf -p /bpftime/benchmark/ssl-nginx
[DEBUG 19:59:36] Running wrk with command: wrk https://127.0.0.1:4043/index.html -c 100 -d 10
[DEBUG 19:59:46] Parsing wrk output: Running 10s test @ https://127.0.0.1:4043/index.html
  2 threads and 100 connections
  Thread Stats ...
  Requests/sec: 9757.33
[DEBUG 19:59:46] Terminating processes
[DEBUG 19:59:46] Cleaning up processes...
[DEBUG 19:59:46] Found nginx PIDs: []
[DEBUG 19:59:46] Found sslsniff PIDs: []
[DEBUG 19:59:48] After cleanup: nginx PIDs: [], sslsniff PIDs: []
Run 3/10...
[DEBUG 19:59:48] Starting sslsniff with bpftime: LD_PRELOAD=build/runtime/syscall-server/libbpftime-syscall-server.so example/sslsniff/sslsniff
[DEBUG 19:59:50] Starting nginx with bpftime: LD_PRELOAD=build/runtime/agent/libbpftime-agent.so nginx -c /bpftime/benchmark/ssl-nginx/nginx.conf -p /bpftime/benchmark/ssl-nginx
[DEBUG 19:59:52] Running wrk with command: wrk https://127.0.0.1:4043/index.html -c 100 -d 10
[DEBUG 20:00:02] Parsing wrk output: Running 10s test @ https://127.0.0.1:4043/index.html
  2 threads and 100 connections
  Thread Stats ...
  Requests/sec: 9888.17
[DEBUG 20:00:02] Terminating processes
[DEBUG 20:00:02] Cleaning up processes...
[DEBUG 20:00:02] Found nginx PIDs: []
[DEBUG 20:00:02] Found sslsniff PIDs: []
[DEBUG 20:00:03] After cleanup: nginx PIDs: [], sslsniff PIDs: []
Run 4/10...
[DEBUG 20:00:03] Starting sslsniff with bpftime: LD_PRELOAD=build/runtime/syscall-server/libbpftime-syscall-server.so example/sslsniff/sslsniff
[DEBUG 20:00:05] Starting nginx with bpftime: LD_PRELOAD=build/runtime/agent/libbpftime-agent.so nginx -c /bpftime/benchmark/ssl-nginx/nginx.conf -p /bpftime/benchmark/ssl-nginx
[DEBUG 20:00:07] Running wrk with command: wrk https://127.0.0.1:4043/index.html -c 100 -d 10
[DEBUG 20:00:17] Parsing wrk output: Running 10s test @ https://127.0.0.1:4043/index.html
  2 threads and 100 connections
  Thread Stats ...
  Requests/sec: 9031.35
[DEBUG 20:00:17] Terminating processes
[DEBUG 20:00:17] Cleaning up processes...
[DEBUG 20:00:17] Found nginx PIDs: []
[DEBUG 20:00:17] Found sslsniff PIDs: []
[DEBUG 20:00:18] After cleanup: nginx PIDs: [], sslsniff PIDs: []
Run 5/10...
[DEBUG 20:00:18] Starting sslsniff with bpftime: LD_PRELOAD=build/runtime/syscall-server/libbpftime-syscall-server.so example/sslsniff/sslsniff
[DEBUG 20:00:20] Starting nginx with bpftime: LD_PRELOAD=build/runtime/agent/libbpftime-agent.so nginx -c /bpftime/benchmark/ssl-nginx/nginx.conf -p /bpftime/benchmark/ssl-nginx
[DEBUG 20:00:22] Running wrk with command: wrk https://127.0.0.1:4043/index.html -c 100 -d 10
[DEBUG 20:00:32] Parsing wrk output: Running 10s test @ https://127.0.0.1:4043/index.html
  2 threads and 100 connections
  Thread Stats ...
  Requests/sec: 9847.90
[DEBUG 20:00:32] Terminating processes
[DEBUG 20:00:32] Cleaning up processes...
[DEBUG 20:00:32] Found nginx PIDs: []
[DEBUG 20:00:32] Found sslsniff PIDs: []
[DEBUG 20:00:33] After cleanup: nginx PIDs: [], sslsniff PIDs: []
Run 6/10...
[DEBUG 20:00:33] Starting sslsniff with bpftime: LD_PRELOAD=build/runtime/syscall-server/libbpftime-syscall-server.so example/sslsniff/sslsniff
[DEBUG 20:00:35] Starting nginx with bpftime: LD_PRELOAD=build/runtime/agent/libbpftime-agent.so nginx -c /bpftime/benchmark/ssl-nginx/nginx.conf -p /bpftime/benchmark/ssl-nginx
[DEBUG 20:00:37] Running wrk with command: wrk https://127.0.0.1:4043/index.html -c 100 -d 10
[DEBUG 20:00:47] Parsing wrk output: Running 10s test @ https://127.0.0.1:4043/index.html
  2 threads and 100 connections
  Thread Stats ...
  Requests/sec: 9872.27
[DEBUG 20:00:47] Terminating processes
[DEBUG 20:00:47] Cleaning up processes...
[DEBUG 20:00:47] Found nginx PIDs: []
[DEBUG 20:00:47] Found sslsniff PIDs: []
[DEBUG 20:00:48] After cleanup: nginx PIDs: [], sslsniff PIDs: []
Run 7/10...
[DEBUG 20:00:48] Starting sslsniff with bpftime: LD_PRELOAD=build/runtime/syscall-server/libbpftime-syscall-server.so example/sslsniff/sslsniff
[DEBUG 20:00:50] Starting nginx with bpftime: LD_PRELOAD=build/runtime/agent/libbpftime-agent.so nginx -c /bpftime/benchmark/ssl-nginx/nginx.conf -p /bpftime/benchmark/ssl-nginx
[DEBUG 20:00:52] Running wrk with command: wrk https://127.0.0.1:4043/index.html -c 100 -d 10
[DEBUG 20:01:02] Parsing wrk output: Running 10s test @ https://127.0.0.1:4043/index.html
  2 threads and 100 connections
  Thread Stats ...
  Requests/sec: 9897.75
[DEBUG 20:01:02] Terminating processes
[DEBUG 20:01:03] Cleaning up processes...
[DEBUG 20:01:03] Found nginx PIDs: []
[DEBUG 20:01:03] Found sslsniff PIDs: []
[DEBUG 20:01:04] After cleanup: nginx PIDs: [], sslsniff PIDs: []
Run 8/10...
[DEBUG 20:01:04] Starting sslsniff with bpftime: LD_PRELOAD=build/runtime/syscall-server/libbpftime-syscall-server.so example/sslsniff/sslsniff
[DEBUG 20:01:06] Starting nginx with bpftime: LD_PRELOAD=build/runtime/agent/libbpftime-agent.so nginx -c /bpftime/benchmark/ssl-nginx/nginx.conf -p /bpftime/benchmark/ssl-nginx
[DEBUG 20:01:08] Running wrk with command: wrk https://127.0.0.1:4043/index.html -c 100 -d 10
[DEBUG 20:01:18] Parsing wrk output: Running 10s test @ https://127.0.0.1:4043/index.html
  2 threads and 100 connections
  Thread Stats ...
  Requests/sec: 9702.25
[DEBUG 20:01:18] Terminating processes
[DEBUG 20:01:18] Cleaning up processes...
[DEBUG 20:01:18] Found nginx PIDs: []
[DEBUG 20:01:18] Found sslsniff PIDs: []
[DEBUG 20:01:19] After cleanup: nginx PIDs: [], sslsniff PIDs: []
Run 9/10...
[DEBUG 20:01:19] Starting sslsniff with bpftime: LD_PRELOAD=build/runtime/syscall-server/libbpftime-syscall-server.so example/sslsniff/sslsniff
[DEBUG 20:01:21] Starting nginx with bpftime: LD_PRELOAD=build/runtime/agent/libbpftime-agent.so nginx -c /bpftime/benchmark/ssl-nginx/nginx.conf -p /bpftime/benchmark/ssl-nginx
[DEBUG 20:01:23] Running wrk with command: wrk https://127.0.0.1:4043/index.html -c 100 -d 10
[DEBUG 20:01:33] Parsing wrk output: Running 10s test @ https://127.0.0.1:4043/index.html
  2 threads and 100 connections
  Thread Stats ...
  Requests/sec: 9808.61
[DEBUG 20:01:33] Terminating processes
[DEBUG 20:01:33] Cleaning up processes...
[DEBUG 20:01:33] Found nginx PIDs: []
[DEBUG 20:01:33] Found sslsniff PIDs: []
[DEBUG 20:01:34] After cleanup: nginx PIDs: [], sslsniff PIDs: []
Run 10/10...
[DEBUG 20:01:34] Starting sslsniff with bpftime: LD_PRELOAD=build/runtime/syscall-server/libbpftime-syscall-server.so example/sslsniff/sslsniff
[DEBUG 20:01:36] Starting nginx with bpftime: LD_PRELOAD=build/runtime/agent/libbpftime-agent.so nginx -c /bpftime/benchmark/ssl-nginx/nginx.conf -p /bpftime/benchmark/ssl-nginx
[DEBUG 20:01:38] Running wrk with command: wrk https://127.0.0.1:4043/index.html -c 100 -d 10
[DEBUG 20:01:48] Parsing wrk output: Running 10s test @ https://127.0.0.1:4043/index.html
  2 threads and 100 connections
  Thread Stats ...
  Requests/sec: 9907.38
[DEBUG 20:01:48] Terminating processes
[DEBUG 20:01:48] Cleaning up processes...
[DEBUG 20:01:48] Found nginx PIDs: []
[DEBUG 20:01:48] Found sslsniff PIDs: []
[DEBUG 20:01:49] After cleanup: nginx PIDs: [], sslsniff PIDs: []

=== Benchmark Results ===
Each configuration run 10 times

Baseline:
  Requests/sec (mean):   15183.63
  Requests/sec (median): 15201.53
  Standard deviation:    71.53
  Min:                   15071.40
  Max:                   15311.83
  All runs:              [15231.37, 15219.73, 15216.27, 15071.4, 15166.05, 15311.83, 15104.95, 15206.79, 15111.67, 15196.26]

Kernel Sslsniff:
  Requests/sec (mean):   10517.25
  Requests/sec (median): 10510.14
  Standard deviation:    141.86
  Min:                   10299.46
  Max:                   10857.72
  All runs:              [10857.72, 10560.8, 10299.46, 10465.4, 10406.07, 10530.22, 10531.95, 10515.95, 10500.63, 10504.32]

Bpftime Sslsniff:
  Requests/sec (mean):   9767.55
  Requests/sec (median): 9860.08
  Standard deviation:    269.67
  Min:                   9031.35
  Max:                   9962.44
  All runs:              [9962.44, 9757.33, 9888.17, 9031.35, 9847.9, 9872.27, 9897.75, 9702.25, 9808.61, 9907.38]

Kernel sslsniff performance impact: 30.73% decrease
bpftime sslsniff performance impact: 35.67% decrease
bpftime improvement over kernel: -7.13%

Results saved to benchmark/ssl-nginx/benchmark_results_20260725_200149.json
[DEBUG 20:01:49] Cleaning up before exit
[DEBUG 20:01:49] Cleaning up processes...
[DEBUG 20:01:49] Found nginx PIDs: []
[DEBUG 20:01:49] Found sslsniff PIDs: []
[DEBUG 20:01:50] After cleanup: nginx PIDs: [], sslsniff PIDs: []


=== Running benchmark for 4kb file ===
Generating test file of size 4kb...
  Created benchmark/ssl-nginx/index.html (4096 bytes)
[DEBUG 20:01:52] Starting benchmark script
[DEBUG 20:01:52] Current working directory: /bpftime
[DEBUG 20:01:52] Checking command: nginx - EXISTS
[DEBUG 20:01:52]   Path: /usr/sbin/nginx
[DEBUG 20:01:52] Checking file: /bpftime/build/runtime/agent/libbpftime-agent.so - EXISTS
[DEBUG 20:01:52] Checking file: /bpftime/build/runtime/syscall-server/libbpftime-syscall-server.so - EXISTS
[DEBUG 20:01:52] Checking file: /bpftime/example/sslsniff/sslsniff - EXISTS
[DEBUG 20:01:52] Checking command: wrk - EXISTS
[DEBUG 20:01:52]   Path: /usr/bin/wrk

=== Running Baseline Tests ===
[DEBUG 20:01:52] Cleaning up processes...
[DEBUG 20:01:53] Found nginx PIDs: []
[DEBUG 20:01:53] Found sslsniff PIDs: []
[DEBUG 20:01:54] After cleanup: nginx PIDs: [], sslsniff PIDs: []
[DEBUG 20:01:54] Removing access log: /bpftime/benchmark/ssl-nginx/access.log
[DEBUG 20:01:54] Access log removed successfully
[DEBUG 20:01:54] Checking command: nginx - EXISTS
[DEBUG 20:01:54]   Path: /usr/sbin/nginx
[DEBUG 20:01:54] Current directory: /bpftime
[DEBUG 20:01:54] Checking if nginx.conf exists: True
[DEBUG 20:01:54] Starting nginx with command: nginx -c /bpftime/benchmark/ssl-nginx/nginx.conf -p /bpftime/benchmark/ssl-nginx
[DEBUG 20:01:56] nginx started successfully
[DEBUG 20:01:56] Error checking nginx: [Errno 2] No such file or directory: 'curl'
Run 1/10...
[DEBUG 20:01:56] Running wrk with command: wrk https://127.0.0.1:4043/index.html -c 100 -d 10
[DEBUG 20:02:06] wrk exit code: 0
[DEBUG 20:02:06] Parsing wrk output: Running 10s test @ https://127.0.0.1:4043/index.html
  2 threads and 100 connections
  Thread Stats ...
  Requests/sec: 14563.29
Run 2/10...
[DEBUG 20:02:06] Running wrk with command: wrk https://127.0.0.1:4043/index.html -c 100 -d 10
[DEBUG 20:02:16] wrk exit code: 0
[DEBUG 20:02:16] Parsing wrk output: Running 10s test @ https://127.0.0.1:4043/index.html
  2 threads and 100 connections
  Thread Stats ...
  Requests/sec: 14377.61
Run 3/10...
[DEBUG 20:02:16] Running wrk with command: wrk https://127.0.0.1:4043/index.html -c 100 -d 10
[DEBUG 20:02:26] wrk exit code: 0
[DEBUG 20:02:26] Parsing wrk output: Running 10s test @ https://127.0.0.1:4043/index.html
  2 threads and 100 connections
  Thread Stats ...
  Requests/sec: 14369.26
Run 4/10...
[DEBUG 20:02:26] Running wrk with command: wrk https://127.0.0.1:4043/index.html -c 100 -d 10
[DEBUG 20:02:36] wrk exit code: 0
[DEBUG 20:02:36] Parsing wrk output: Running 10s test @ https://127.0.0.1:4043/index.html
  2 threads and 100 connections
  Thread Stats ...
  Requests/sec: 14240.56
Run 5/10...
[DEBUG 20:02:36] Running wrk with command: wrk https://127.0.0.1:4043/index.html -c 100 -d 10
[DEBUG 20:02:46] wrk exit code: 0
[DEBUG 20:02:46] Parsing wrk output: Running 10s test @ https://127.0.0.1:4043/index.html
  2 threads and 100 connections
  Thread Stats ...
  Requests/sec: 14224.00
Run 6/10...
[DEBUG 20:02:46] Running wrk with command: wrk https://127.0.0.1:4043/index.html -c 100 -d 10
[DEBUG 20:02:56] wrk exit code: 0
[DEBUG 20:02:56] Parsing wrk output: Running 10s test @ https://127.0.0.1:4043/index.html
  2 threads and 100 connections
  Thread Stats ...
  Requests/sec: 14152.41
Run 7/10...
[DEBUG 20:02:56] Running wrk with command: wrk https://127.0.0.1:4043/index.html -c 100 -d 10
[DEBUG 20:03:06] wrk exit code: 0
[DEBUG 20:03:06] Parsing wrk output: Running 10s test @ https://127.0.0.1:4043/index.html
  2 threads and 100 connections
  Thread Stats ...
  Requests/sec: 14256.56
Run 8/10...
[DEBUG 20:03:06] Running wrk with command: wrk https://127.0.0.1:4043/index.html -c 100 -d 10
[DEBUG 20:03:16] wrk exit code: 0
[DEBUG 20:03:16] Parsing wrk output: Running 10s test @ https://127.0.0.1:4043/index.html
  2 threads and 100 connections
  Thread Stats ...
  Requests/sec: 14145.85
Run 9/10...
[DEBUG 20:03:16] Running wrk with command: wrk https://127.0.0.1:4043/index.html -c 100 -d 10
[DEBUG 20:03:26] wrk exit code: 0
[DEBUG 20:03:26] Parsing wrk output: Running 10s test @ https://127.0.0.1:4043/index.html
  2 threads and 100 connections
  Thread Stats ...
  Requests/sec: 14395.15
Run 10/10...
[DEBUG 20:03:26] Running wrk with command: wrk https://127.0.0.1:4043/index.html -c 100 -d 10
[DEBUG 20:03:36] wrk exit code: 0
[DEBUG 20:03:36] Parsing wrk output: Running 10s test @ https://127.0.0.1:4043/index.html
  2 threads and 100 connections
  Thread Stats ...
  Requests/sec: 14329.24
[DEBUG 20:03:36] Terminating nginx

=== Running Kernel sslsniff Tests ===
[DEBUG 20:03:36] Cleaning up processes...
[DEBUG 20:03:36] Found nginx PIDs: []
[DEBUG 20:03:36] Found sslsniff PIDs: []
[DEBUG 20:03:37] After cleanup: nginx PIDs: [], sslsniff PIDs: []
[DEBUG 20:03:37] Removing access log: /bpftime/benchmark/ssl-nginx/access.log
[DEBUG 20:03:37] Access log removed successfully
[DEBUG 20:03:37] Checking file: /bpftime/example/sslsniff/sslsniff - EXISTS
[DEBUG 20:03:37] Starting nginx with command: nginx -c /bpftime/benchmark/ssl-nginx/nginx.conf -p /bpftime/benchmark/ssl-nginx
Run 1/10...
[DEBUG 20:03:39] Starting kernel sslsniff: sudo example/sslsniff/sslsniff
[DEBUG 20:03:41] Running wrk with command: wrk https://127.0.0.1:4043/index.html -c 100 -d 10
[DEBUG 20:03:52] Parsing wrk output: Running 10s test @ https://127.0.0.1:4043/index.html
  2 threads and 100 connections
  Thread Stats ...
[DEBUG 20:03:52] Killing sslsniff
  Requests/sec: 9900.36
Run 2/10...
[DEBUG 20:03:53] Starting kernel sslsniff: sudo example/sslsniff/sslsniff
[DEBUG 20:03:55] Running wrk with command: wrk https://127.0.0.1:4043/index.html -c 100 -d 10
[DEBUG 20:04:05] Parsing wrk output: Running 10s test @ https://127.0.0.1:4043/index.html
  2 threads and 100 connections
  Thread Stats ...
[DEBUG 20:04:05] Killing sslsniff
  Requests/sec: 9884.57
Run 3/10...
[DEBUG 20:04:06] Starting kernel sslsniff: sudo example/sslsniff/sslsniff
[DEBUG 20:04:08] Running wrk with command: wrk https://127.0.0.1:4043/index.html -c 100 -d 10
[DEBUG 20:04:18] Parsing wrk output: Running 10s test @ https://127.0.0.1:4043/index.html
  2 threads and 100 connections
  Thread Stats ...
[DEBUG 20:04:18] Killing sslsniff
  Requests/sec: 9836.65
Run 4/10...
[DEBUG 20:04:19] Starting kernel sslsniff: sudo example/sslsniff/sslsniff
[DEBUG 20:04:21] Running wrk with command: wrk https://127.0.0.1:4043/index.html -c 100 -d 10
[DEBUG 20:04:31] Parsing wrk output: Running 10s test @ https://127.0.0.1:4043/index.html
  2 threads and 100 connections
  Thread Stats ...
[DEBUG 20:04:31] Killing sslsniff
  Requests/sec: 9953.48
Run 5/10...
[DEBUG 20:04:32] Starting kernel sslsniff: sudo example/sslsniff/sslsniff
[DEBUG 20:04:34] Running wrk with command: wrk https://127.0.0.1:4043/index.html -c 100 -d 10
[DEBUG 20:04:44] Parsing wrk output: Running 10s test @ https://127.0.0.1:4043/index.html
  2 threads and 100 connections
  Thread Stats ...
[DEBUG 20:04:44] Killing sslsniff
  Requests/sec: 9928.22
Run 6/10...
[DEBUG 20:04:45] Starting kernel sslsniff: sudo example/sslsniff/sslsniff
[DEBUG 20:04:47] Running wrk with command: wrk https://127.0.0.1:4043/index.html -c 100 -d 10
[DEBUG 20:04:57] Parsing wrk output: Running 10s test @ https://127.0.0.1:4043/index.html
  2 threads and 100 connections
  Thread Stats ...
[DEBUG 20:04:57] Killing sslsniff
  Requests/sec: 9903.35
Run 7/10...
[DEBUG 20:04:58] Starting kernel sslsniff: sudo example/sslsniff/sslsniff
[DEBUG 20:05:00] Running wrk with command: wrk https://127.0.0.1:4043/index.html -c 100 -d 10
[DEBUG 20:05:10] Parsing wrk output: Running 10s test @ https://127.0.0.1:4043/index.html
  2 threads and 100 connections
  Thread Stats ...
[DEBUG 20:05:10] Killing sslsniff
  Requests/sec: 9931.21
Run 8/10...
[DEBUG 20:05:11] Starting kernel sslsniff: sudo example/sslsniff/sslsniff
[DEBUG 20:05:13] Running wrk with command: wrk https://127.0.0.1:4043/index.html -c 100 -d 10
[DEBUG 20:05:24] Parsing wrk output: Running 10s test @ https://127.0.0.1:4043/index.html
  2 threads and 100 connections
  Thread Stats ...
[DEBUG 20:05:24] Killing sslsniff
  Requests/sec: 9815.77
Run 9/10...
[DEBUG 20:05:25] Starting kernel sslsniff: sudo example/sslsniff/sslsniff
[DEBUG 20:05:27] Running wrk with command: wrk https://127.0.0.1:4043/index.html -c 100 -d 10
[DEBUG 20:05:37] Parsing wrk output: Running 10s test @ https://127.0.0.1:4043/index.html
  2 threads and 100 connections
  Thread Stats ...
[DEBUG 20:05:37] Killing sslsniff
  Requests/sec: 9924.13
Run 10/10...
[DEBUG 20:05:38] Starting kernel sslsniff: sudo example/sslsniff/sslsniff
[DEBUG 20:05:40] Running wrk with command: wrk https://127.0.0.1:4043/index.html -c 100 -d 10
[DEBUG 20:05:50] Parsing wrk output: Running 10s test @ https://127.0.0.1:4043/index.html
  2 threads and 100 connections
  Thread Stats ...
[DEBUG 20:05:50] Killing sslsniff
  Requests/sec: 9888.06
[DEBUG 20:05:51] Terminating nginx

=== Running bpftime sslsniff Tests ===
[DEBUG 20:05:51] Cleaning up processes...
[DEBUG 20:05:51] Found nginx PIDs: []
[DEBUG 20:05:51] Found sslsniff PIDs: []
[DEBUG 20:05:52] After cleanup: nginx PIDs: [], sslsniff PIDs: []
[DEBUG 20:05:52] Removing access log: /bpftime/benchmark/ssl-nginx/access.log
[DEBUG 20:05:52] Access log removed successfully
[DEBUG 20:05:52] Checking file: /bpftime/example/sslsniff/sslsniff - EXISTS
[DEBUG 20:05:52] Checking file: /bpftime/build/runtime/agent/libbpftime-agent.so - EXISTS
[DEBUG 20:05:52] Checking file: /bpftime/build/runtime/syscall-server/libbpftime-syscall-server.so - EXISTS
Run 1/10...
[DEBUG 20:05:52] Starting sslsniff with bpftime: LD_PRELOAD=build/runtime/syscall-server/libbpftime-syscall-server.so example/sslsniff/sslsniff
[DEBUG 20:05:54] Starting nginx with bpftime: LD_PRELOAD=build/runtime/agent/libbpftime-agent.so nginx -c /bpftime/benchmark/ssl-nginx/nginx.conf -p /bpftime/benchmark/ssl-nginx
[DEBUG 20:05:56] Running wrk with command: wrk https://127.0.0.1:4043/index.html -c 100 -d 10
[DEBUG 20:06:06] Parsing wrk output: Running 10s test @ https://127.0.0.1:4043/index.html
  2 threads and 100 connections
  Thread Stats ...
  Requests/sec: 9552.54
[DEBUG 20:06:06] Terminating processes
[DEBUG 20:06:06] Cleaning up processes...
[DEBUG 20:06:06] Found nginx PIDs: []
[DEBUG 20:06:06] Found sslsniff PIDs: []
[DEBUG 20:06:07] After cleanup: nginx PIDs: [], sslsniff PIDs: []
Run 2/10...
[DEBUG 20:06:07] Starting sslsniff with bpftime: LD_PRELOAD=build/runtime/syscall-server/libbpftime-syscall-server.so example/sslsniff/sslsniff
[DEBUG 20:06:09] Starting nginx with bpftime: LD_PRELOAD=build/runtime/agent/libbpftime-agent.so nginx -c /bpftime/benchmark/ssl-nginx/nginx.conf -p /bpftime/benchmark/ssl-nginx
[DEBUG 20:06:11] Running wrk with command: wrk https://127.0.0.1:4043/index.html -c 100 -d 10
[DEBUG 20:06:21] Parsing wrk output: Running 10s test @ https://127.0.0.1:4043/index.html
  2 threads and 100 connections
  Thread Stats ...
  Requests/sec: 9188.12
[DEBUG 20:06:21] Terminating processes
[DEBUG 20:06:21] Cleaning up processes...
[DEBUG 20:06:21] Found nginx PIDs: []
[DEBUG 20:06:21] Found sslsniff PIDs: []
[DEBUG 20:06:22] After cleanup: nginx PIDs: [], sslsniff PIDs: []
Run 3/10...
[DEBUG 20:06:22] Starting sslsniff with bpftime: LD_PRELOAD=build/runtime/syscall-server/libbpftime-syscall-server.so example/sslsniff/sslsniff
[DEBUG 20:06:24] Starting nginx with bpftime: LD_PRELOAD=build/runtime/agent/libbpftime-agent.so nginx -c /bpftime/benchmark/ssl-nginx/nginx.conf -p /bpftime/benchmark/ssl-nginx
[DEBUG 20:06:26] Running wrk with command: wrk https://127.0.0.1:4043/index.html -c 100 -d 10
[DEBUG 20:06:37] Parsing wrk output: Running 10s test @ https://127.0.0.1:4043/index.html
  2 threads and 100 connections
  Thread Stats ...
  Requests/sec: 9439.24
[DEBUG 20:06:37] Terminating processes
[DEBUG 20:06:37] Cleaning up processes...
[DEBUG 20:06:37] Found nginx PIDs: []
[DEBUG 20:06:37] Found sslsniff PIDs: []
[DEBUG 20:06:38] After cleanup: nginx PIDs: [], sslsniff PIDs: []
Run 4/10...
[DEBUG 20:06:38] Starting sslsniff with bpftime: LD_PRELOAD=build/runtime/syscall-server/libbpftime-syscall-server.so example/sslsniff/sslsniff
[DEBUG 20:06:40] Starting nginx with bpftime: LD_PRELOAD=build/runtime/agent/libbpftime-agent.so nginx -c /bpftime/benchmark/ssl-nginx/nginx.conf -p /bpftime/benchmark/ssl-nginx
[DEBUG 20:06:42] Running wrk with command: wrk https://127.0.0.1:4043/index.html -c 100 -d 10
[DEBUG 20:06:52] Parsing wrk output: Running 10s test @ https://127.0.0.1:4043/index.html
  2 threads and 100 connections
  Thread Stats ...
  Requests/sec: 9577.49
[DEBUG 20:06:52] Terminating processes
[DEBUG 20:06:52] Cleaning up processes...
[DEBUG 20:06:52] Found nginx PIDs: []
[DEBUG 20:06:52] Found sslsniff PIDs: []
[DEBUG 20:06:53] After cleanup: nginx PIDs: [], sslsniff PIDs: []
Run 5/10...
[DEBUG 20:06:53] Starting sslsniff with bpftime: LD_PRELOAD=build/runtime/syscall-server/libbpftime-syscall-server.so example/sslsniff/sslsniff
[DEBUG 20:06:55] Starting nginx with bpftime: LD_PRELOAD=build/runtime/agent/libbpftime-agent.so nginx -c /bpftime/benchmark/ssl-nginx/nginx.conf -p /bpftime/benchmark/ssl-nginx
[DEBUG 20:06:57] Running wrk with command: wrk https://127.0.0.1:4043/index.html -c 100 -d 10
[DEBUG 20:07:07] Parsing wrk output: Running 10s test @ https://127.0.0.1:4043/index.html
  2 threads and 100 connections
  Thread Stats ...
  Requests/sec: 8272.49
[DEBUG 20:07:07] Terminating processes
[DEBUG 20:07:07] Cleaning up processes...
[DEBUG 20:07:07] Found nginx PIDs: []
[DEBUG 20:07:07] Found sslsniff PIDs: []
[DEBUG 20:07:08] After cleanup: nginx PIDs: [], sslsniff PIDs: []
Run 6/10...
[DEBUG 20:07:08] Starting sslsniff with bpftime: LD_PRELOAD=build/runtime/syscall-server/libbpftime-syscall-server.so example/sslsniff/sslsniff
[DEBUG 20:07:10] Starting nginx with bpftime: LD_PRELOAD=build/runtime/agent/libbpftime-agent.so nginx -c /bpftime/benchmark/ssl-nginx/nginx.conf -p /bpftime/benchmark/ssl-nginx
[DEBUG 20:07:12] Running wrk with command: wrk https://127.0.0.1:4043/index.html -c 100 -d 10
[DEBUG 20:07:22] Parsing wrk output: Running 10s test @ https://127.0.0.1:4043/index.html
  2 threads and 100 connections
  Thread Stats ...
  Requests/sec: 9633.66
[DEBUG 20:07:22] Terminating processes
[DEBUG 20:07:22] Cleaning up processes...
[DEBUG 20:07:22] Found nginx PIDs: []
[DEBUG 20:07:22] Found sslsniff PIDs: []
[DEBUG 20:07:23] After cleanup: nginx PIDs: [], sslsniff PIDs: []
Run 7/10...
[DEBUG 20:07:23] Starting sslsniff with bpftime: LD_PRELOAD=build/runtime/syscall-server/libbpftime-syscall-server.so example/sslsniff/sslsniff
[DEBUG 20:07:25] Starting nginx with bpftime: LD_PRELOAD=build/runtime/agent/libbpftime-agent.so nginx -c /bpftime/benchmark/ssl-nginx/nginx.conf -p /bpftime/benchmark/ssl-nginx
[DEBUG 20:07:27] Running wrk with command: wrk https://127.0.0.1:4043/index.html -c 100 -d 10
[DEBUG 20:07:37] Parsing wrk output: Running 10s test @ https://127.0.0.1:4043/index.html
  2 threads and 100 connections
  Thread Stats ...
  Requests/sec: 9505.40
[DEBUG 20:07:37] Terminating processes
[DEBUG 20:07:37] Cleaning up processes...
[DEBUG 20:07:37] Found nginx PIDs: []
[DEBUG 20:07:37] Found sslsniff PIDs: []
[DEBUG 20:07:38] After cleanup: nginx PIDs: [], sslsniff PIDs: []
Run 8/10...
[DEBUG 20:07:38] Starting sslsniff with bpftime: LD_PRELOAD=build/runtime/syscall-server/libbpftime-syscall-server.so example/sslsniff/sslsniff
[DEBUG 20:07:40] Starting nginx with bpftime: LD_PRELOAD=build/runtime/agent/libbpftime-agent.so nginx -c /bpftime/benchmark/ssl-nginx/nginx.conf -p /bpftime/benchmark/ssl-nginx
[DEBUG 20:07:42] Running wrk with command: wrk https://127.0.0.1:4043/index.html -c 100 -d 10
[DEBUG 20:07:53] Parsing wrk output: Running 10s test @ https://127.0.0.1:4043/index.html
  2 threads and 100 connections
  Thread Stats ...
  Requests/sec: 9691.26
[DEBUG 20:07:53] Terminating processes
[DEBUG 20:07:53] Cleaning up processes...
[DEBUG 20:07:53] Found nginx PIDs: []
[DEBUG 20:07:53] Found sslsniff PIDs: []
[DEBUG 20:07:54] After cleanup: nginx PIDs: [], sslsniff PIDs: []
Run 9/10...
[DEBUG 20:07:54] Starting sslsniff with bpftime: LD_PRELOAD=build/runtime/syscall-server/libbpftime-syscall-server.so example/sslsniff/sslsniff
[DEBUG 20:07:56] Starting nginx with bpftime: LD_PRELOAD=build/runtime/agent/libbpftime-agent.so nginx -c /bpftime/benchmark/ssl-nginx/nginx.conf -p /bpftime/benchmark/ssl-nginx
[DEBUG 20:07:58] Running wrk with command: wrk https://127.0.0.1:4043/index.html -c 100 -d 10
[DEBUG 20:08:08] Parsing wrk output: Running 10s test @ https://127.0.0.1:4043/index.html
  2 threads and 100 connections
  Thread Stats ...
  Requests/sec: 9665.41
[DEBUG 20:08:08] Terminating processes
[DEBUG 20:08:08] Cleaning up processes...
[DEBUG 20:08:08] Found nginx PIDs: []
[DEBUG 20:08:08] Found sslsniff PIDs: []
[DEBUG 20:08:09] After cleanup: nginx PIDs: [], sslsniff PIDs: []
Run 10/10...
[DEBUG 20:08:09] Starting sslsniff with bpftime: LD_PRELOAD=build/runtime/syscall-server/libbpftime-syscall-server.so example/sslsniff/sslsniff
[DEBUG 20:08:11] Starting nginx with bpftime: LD_PRELOAD=build/runtime/agent/libbpftime-agent.so nginx -c /bpftime/benchmark/ssl-nginx/nginx.conf -p /bpftime/benchmark/ssl-nginx
[DEBUG 20:08:13] Running wrk with command: wrk https://127.0.0.1:4043/index.html -c 100 -d 10
[DEBUG 20:08:23] Parsing wrk output: Running 10s test @ https://127.0.0.1:4043/index.html
  2 threads and 100 connections
  Thread Stats ...
  Requests/sec: 9526.16
[DEBUG 20:08:23] Terminating processes
[DEBUG 20:08:23] Cleaning up processes...
[DEBUG 20:08:23] Found nginx PIDs: []
[DEBUG 20:08:23] Found sslsniff PIDs: []
[DEBUG 20:08:24] After cleanup: nginx PIDs: [], sslsniff PIDs: []

=== Benchmark Results ===
Each configuration run 10 times

Baseline:
  Requests/sec (mean):   14305.39
  Requests/sec (median): 14292.90
  Standard deviation:    127.58
  Min:                   14145.85
  Max:                   14563.29
  All runs:              [14563.29, 14377.61, 14369.26, 14240.56, 14224.0, 14152.41, 14256.56, 14145.85, 14395.15, 14329.24]

Kernel Sslsniff:
  Requests/sec (mean):   9896.58
  Requests/sec (median): 9901.85
  Standard deviation:    42.94
  Min:                   9815.77
  Max:                   9953.48
  All runs:              [9900.36, 9884.57, 9836.65, 9953.48, 9928.22, 9903.35, 9931.21, 9815.77, 9924.13, 9888.06]

Bpftime Sslsniff:
  Requests/sec (mean):   9405.18
  Requests/sec (median): 9539.35
  Standard deviation:    422.84
  Min:                   8272.49
  Max:                   9691.26
  All runs:              [9552.54, 9188.12, 9439.24, 9577.49, 8272.49, 9633.66, 9505.4, 9691.26, 9665.41, 9526.16]

Kernel sslsniff performance impact: 30.82% decrease
bpftime sslsniff performance impact: 34.25% decrease
bpftime improvement over kernel: -4.97%

Results saved to benchmark/ssl-nginx/benchmark_results_20260725_200824.json
[DEBUG 20:08:24] Cleaning up before exit
[DEBUG 20:08:24] Cleaning up processes...
[DEBUG 20:08:24] Found nginx PIDs: []
[DEBUG 20:08:24] Found sslsniff PIDs: []
[DEBUG 20:08:25] After cleanup: nginx PIDs: [], sslsniff PIDs: []


=== Running benchmark for 16kb file ===
Generating test file of size 16kb...
  Created benchmark/ssl-nginx/index.html (16384 bytes)
[DEBUG 20:08:27] Starting benchmark script
[DEBUG 20:08:27] Current working directory: /bpftime
[DEBUG 20:08:27] Checking command: nginx - EXISTS
[DEBUG 20:08:27]   Path: /usr/sbin/nginx
[DEBUG 20:08:27] Checking file: /bpftime/build/runtime/agent/libbpftime-agent.so - EXISTS
[DEBUG 20:08:27] Checking file: /bpftime/build/runtime/syscall-server/libbpftime-syscall-server.so - EXISTS
[DEBUG 20:08:27] Checking file: /bpftime/example/sslsniff/sslsniff - EXISTS
[DEBUG 20:08:27] Checking command: wrk - EXISTS
[DEBUG 20:08:27]   Path: /usr/bin/wrk

=== Running Baseline Tests ===
[DEBUG 20:08:27] Cleaning up processes...
[DEBUG 20:08:27] Found nginx PIDs: []
[DEBUG 20:08:27] Found sslsniff PIDs: []
[DEBUG 20:08:28] After cleanup: nginx PIDs: [], sslsniff PIDs: []
[DEBUG 20:08:28] Removing access log: /bpftime/benchmark/ssl-nginx/access.log
[DEBUG 20:08:28] Access log removed successfully
[DEBUG 20:08:28] Checking command: nginx - EXISTS
[DEBUG 20:08:28]   Path: /usr/sbin/nginx
[DEBUG 20:08:28] Current directory: /bpftime
[DEBUG 20:08:28] Checking if nginx.conf exists: True
[DEBUG 20:08:28] Starting nginx with command: nginx -c /bpftime/benchmark/ssl-nginx/nginx.conf -p /bpftime/benchmark/ssl-nginx
[DEBUG 20:08:30] nginx started successfully
[DEBUG 20:08:30] Error checking nginx: [Errno 2] No such file or directory: 'curl'
Run 1/10...
[DEBUG 20:08:30] Running wrk with command: wrk https://127.0.0.1:4043/index.html -c 100 -d 10
[DEBUG 20:08:40] wrk exit code: 0
[DEBUG 20:08:40] Parsing wrk output: Running 10s test @ https://127.0.0.1:4043/index.html
  2 threads and 100 connections
  Thread Stats ...
  Requests/sec: 9985.64
Run 2/10...
[DEBUG 20:08:40] Running wrk with command: wrk https://127.0.0.1:4043/index.html -c 100 -d 10
[DEBUG 20:08:51] wrk exit code: 0
[DEBUG 20:08:51] Parsing wrk output: Running 10s test @ https://127.0.0.1:4043/index.html
  2 threads and 100 connections
  Thread Stats ...
  Requests/sec: 9852.03
Run 3/10...
[DEBUG 20:08:51] Running wrk with command: wrk https://127.0.0.1:4043/index.html -c 100 -d 10
[DEBUG 20:09:01] wrk exit code: 0
[DEBUG 20:09:01] Parsing wrk output: Running 10s test @ https://127.0.0.1:4043/index.html
  2 threads and 100 connections
  Thread Stats ...
  Requests/sec: 9910.87
Run 4/10...
[DEBUG 20:09:01] Running wrk with command: wrk https://127.0.0.1:4043/index.html -c 100 -d 10
[DEBUG 20:09:11] wrk exit code: 0
[DEBUG 20:09:11] Parsing wrk output: Running 10s test @ https://127.0.0.1:4043/index.html
  2 threads and 100 connections
  Thread Stats ...
  Requests/sec: 9963.99
Run 5/10...
[DEBUG 20:09:11] Running wrk with command: wrk https://127.0.0.1:4043/index.html -c 100 -d 10
[DEBUG 20:09:21] wrk exit code: 0
[DEBUG 20:09:21] Parsing wrk output: Running 10s test @ https://127.0.0.1:4043/index.html
  2 threads and 100 connections
  Thread Stats ...
  Requests/sec: 9942.82
Run 6/10...
[DEBUG 20:09:21] Running wrk with command: wrk https://127.0.0.1:4043/index.html -c 100 -d 10
[DEBUG 20:09:31] wrk exit code: 0
[DEBUG 20:09:31] Parsing wrk output: Running 10s test @ https://127.0.0.1:4043/index.html
  2 threads and 100 connections
  Thread Stats ...
  Requests/sec: 9889.43
Run 7/10...
[DEBUG 20:09:31] Running wrk with command: wrk https://127.0.0.1:4043/index.html -c 100 -d 10
[DEBUG 20:09:41] wrk exit code: 0
[DEBUG 20:09:41] Parsing wrk output: Running 10s test @ https://127.0.0.1:4043/index.html
  2 threads and 100 connections
  Thread Stats ...
  Requests/sec: 9881.55
Run 8/10...
[DEBUG 20:09:41] Running wrk with command: wrk https://127.0.0.1:4043/index.html -c 100 -d 10
[DEBUG 20:09:51] wrk exit code: 0
[DEBUG 20:09:51] Parsing wrk output: Running 10s test @ https://127.0.0.1:4043/index.html
  2 threads and 100 connections
  Thread Stats ...
  Requests/sec: 9936.84
Run 9/10...
[DEBUG 20:09:51] Running wrk with command: wrk https://127.0.0.1:4043/index.html -c 100 -d 10
[DEBUG 20:10:01] wrk exit code: 0
[DEBUG 20:10:01] Parsing wrk output: Running 10s test @ https://127.0.0.1:4043/index.html
  2 threads and 100 connections
  Thread Stats ...
  Requests/sec: 9910.55
Run 10/10...
[DEBUG 20:10:01] Running wrk with command: wrk https://127.0.0.1:4043/index.html -c 100 -d 10
[DEBUG 20:10:11] wrk exit code: 0
[DEBUG 20:10:11] Parsing wrk output: Running 10s test @ https://127.0.0.1:4043/index.html
  2 threads and 100 connections
  Thread Stats ...
  Requests/sec: 9899.97
[DEBUG 20:10:11] Terminating nginx

=== Running Kernel sslsniff Tests ===
[DEBUG 20:10:11] Cleaning up processes...
[DEBUG 20:10:11] Found nginx PIDs: []
[DEBUG 20:10:11] Found sslsniff PIDs: []
[DEBUG 20:10:12] After cleanup: nginx PIDs: [], sslsniff PIDs: []
[DEBUG 20:10:12] Removing access log: /bpftime/benchmark/ssl-nginx/access.log
[DEBUG 20:10:12] Access log removed successfully
[DEBUG 20:10:12] Checking file: /bpftime/example/sslsniff/sslsniff - EXISTS
[DEBUG 20:10:12] Starting nginx with command: nginx -c /bpftime/benchmark/ssl-nginx/nginx.conf -p /bpftime/benchmark/ssl-nginx
Run 1/10...
[DEBUG 20:10:14] Starting kernel sslsniff: sudo example/sslsniff/sslsniff
[DEBUG 20:10:16] Running wrk with command: wrk https://127.0.0.1:4043/index.html -c 100 -d 10
[DEBUG 20:10:27] Parsing wrk output: Running 10s test @ https://127.0.0.1:4043/index.html
  2 threads and 100 connections
  Thread Stats ...
[DEBUG 20:10:27] Killing sslsniff
  Requests/sec: 7105.25
Run 2/10...
[DEBUG 20:10:28] Starting kernel sslsniff: sudo example/sslsniff/sslsniff
[DEBUG 20:10:30] Running wrk with command: wrk https://127.0.0.1:4043/index.html -c 100 -d 10
[DEBUG 20:10:40] Parsing wrk output: Running 10s test @ https://127.0.0.1:4043/index.html
  2 threads and 100 connections
  Thread Stats ...
[DEBUG 20:10:40] Killing sslsniff
  Requests/sec: 7112.26
Run 3/10...
[DEBUG 20:10:41] Starting kernel sslsniff: sudo example/sslsniff/sslsniff
[DEBUG 20:10:43] Running wrk with command: wrk https://127.0.0.1:4043/index.html -c 100 -d 10
[DEBUG 20:10:53] Parsing wrk output: Running 10s test @ https://127.0.0.1:4043/index.html
  2 threads and 100 connections
  Thread Stats ...
[DEBUG 20:10:53] Killing sslsniff
  Requests/sec: 7008.40
Run 4/10...
[DEBUG 20:10:54] Starting kernel sslsniff: sudo example/sslsniff/sslsniff
[DEBUG 20:10:56] Running wrk with command: wrk https://127.0.0.1:4043/index.html -c 100 -d 10
[DEBUG 20:11:06] Parsing wrk output: Running 10s test @ https://127.0.0.1:4043/index.html
  2 threads and 100 connections
  Thread Stats ...
[DEBUG 20:11:06] Killing sslsniff
  Requests/sec: 7056.15
Run 5/10...
[DEBUG 20:11:07] Starting kernel sslsniff: sudo example/sslsniff/sslsniff
[DEBUG 20:11:09] Running wrk with command: wrk https://127.0.0.1:4043/index.html -c 100 -d 10
[DEBUG 20:11:19] Parsing wrk output: Running 10s test @ https://127.0.0.1:4043/index.html
  2 threads and 100 connections
  Thread Stats ...
[DEBUG 20:11:19] Killing sslsniff
  Requests/sec: 7028.63
Run 6/10...
[DEBUG 20:11:20] Starting kernel sslsniff: sudo example/sslsniff/sslsniff
[DEBUG 20:11:22] Running wrk with command: wrk https://127.0.0.1:4043/index.html -c 100 -d 10
[DEBUG 20:11:32] Parsing wrk output: Running 10s test @ https://127.0.0.1:4043/index.html
  2 threads and 100 connections
  Thread Stats ...
[DEBUG 20:11:32] Killing sslsniff
  Requests/sec: 6993.42
Run 7/10...
[DEBUG 20:11:33] Starting kernel sslsniff: sudo example/sslsniff/sslsniff
[DEBUG 20:11:35] Running wrk with command: wrk https://127.0.0.1:4043/index.html -c 100 -d 10
[DEBUG 20:11:45] Parsing wrk output: Running 10s test @ https://127.0.0.1:4043/index.html
  2 threads and 100 connections
  Thread Stats ...
[DEBUG 20:11:45] Killing sslsniff
  Requests/sec: 7052.23
Run 8/10...
[DEBUG 20:11:46] Starting kernel sslsniff: sudo example/sslsniff/sslsniff
[DEBUG 20:11:48] Running wrk with command: wrk https://127.0.0.1:4043/index.html -c 100 -d 10
[DEBUG 20:11:58] Parsing wrk output: Running 10s test @ https://127.0.0.1:4043/index.html
  2 threads and 100 connections
  Thread Stats ...
[DEBUG 20:11:58] Killing sslsniff
  Requests/sec: 6982.80
Run 9/10...
[DEBUG 20:11:59] Starting kernel sslsniff: sudo example/sslsniff/sslsniff
[DEBUG 20:12:01] Running wrk with command: wrk https://127.0.0.1:4043/index.html -c 100 -d 10
[DEBUG 20:12:11] Parsing wrk output: Running 10s test @ https://127.0.0.1:4043/index.html
  2 threads and 100 connections
  Thread Stats ...
[DEBUG 20:12:11] Killing sslsniff
  Requests/sec: 7023.56
Run 10/10...
[DEBUG 20:12:12] Starting kernel sslsniff: sudo example/sslsniff/sslsniff
[DEBUG 20:12:14] Running wrk with command: wrk https://127.0.0.1:4043/index.html -c 100 -d 10
[DEBUG 20:12:24] Parsing wrk output: Running 10s test @ https://127.0.0.1:4043/index.html
  2 threads and 100 connections
  Thread Stats ...
[DEBUG 20:12:24] Killing sslsniff
  Requests/sec: 7046.93
[DEBUG 20:12:25] Terminating nginx

=== Running bpftime sslsniff Tests ===
[DEBUG 20:12:25] Cleaning up processes...
[DEBUG 20:12:26] Found nginx PIDs: []
[DEBUG 20:12:26] Found sslsniff PIDs: []
[DEBUG 20:12:27] After cleanup: nginx PIDs: [], sslsniff PIDs: []
[DEBUG 20:12:27] Removing access log: /bpftime/benchmark/ssl-nginx/access.log
[DEBUG 20:12:27] Access log removed successfully
[DEBUG 20:12:27] Checking file: /bpftime/example/sslsniff/sslsniff - EXISTS
[DEBUG 20:12:27] Checking file: /bpftime/build/runtime/agent/libbpftime-agent.so - EXISTS
[DEBUG 20:12:27] Checking file: /bpftime/build/runtime/syscall-server/libbpftime-syscall-server.so - EXISTS
Run 1/10...
[DEBUG 20:12:27] Starting sslsniff with bpftime: LD_PRELOAD=build/runtime/syscall-server/libbpftime-syscall-server.so example/sslsniff/sslsniff
[DEBUG 20:12:29] Starting nginx with bpftime: LD_PRELOAD=build/runtime/agent/libbpftime-agent.so nginx -c /bpftime/benchmark/ssl-nginx/nginx.conf -p /bpftime/benchmark/ssl-nginx
[DEBUG 20:12:31] Running wrk with command: wrk https://127.0.0.1:4043/index.html -c 100 -d 10
[DEBUG 20:12:41] Parsing wrk output: Running 10s test @ https://127.0.0.1:4043/index.html
  2 threads and 100 connections
  Thread Stats ...
  Requests/sec: 6435.54
[DEBUG 20:12:41] Terminating processes
[DEBUG 20:12:41] Cleaning up processes...
[DEBUG 20:12:41] Found nginx PIDs: []
[DEBUG 20:12:41] Found sslsniff PIDs: []
[DEBUG 20:12:42] After cleanup: nginx PIDs: [], sslsniff PIDs: []
Run 2/10...
[DEBUG 20:12:42] Starting sslsniff with bpftime: LD_PRELOAD=build/runtime/syscall-server/libbpftime-syscall-server.so example/sslsniff/sslsniff
[DEBUG 20:12:44] Starting nginx with bpftime: LD_PRELOAD=build/runtime/agent/libbpftime-agent.so nginx -c /bpftime/benchmark/ssl-nginx/nginx.conf -p /bpftime/benchmark/ssl-nginx
[DEBUG 20:12:46] Running wrk with command: wrk https://127.0.0.1:4043/index.html -c 100 -d 10
[DEBUG 20:12:56] Parsing wrk output: Running 10s test @ https://127.0.0.1:4043/index.html
  2 threads and 100 connections
  Thread Stats ...
  Requests/sec: 6169.75
[DEBUG 20:12:56] Terminating processes
[DEBUG 20:12:56] Cleaning up processes...
[DEBUG 20:12:56] Found nginx PIDs: []
[DEBUG 20:12:56] Found sslsniff PIDs: []
[DEBUG 20:12:57] After cleanup: nginx PIDs: [], sslsniff PIDs: []
Run 3/10...
[DEBUG 20:12:57] Starting sslsniff with bpftime: LD_PRELOAD=build/runtime/syscall-server/libbpftime-syscall-server.so example/sslsniff/sslsniff
[DEBUG 20:12:59] Starting nginx with bpftime: LD_PRELOAD=build/runtime/agent/libbpftime-agent.so nginx -c /bpftime/benchmark/ssl-nginx/nginx.conf -p /bpftime/benchmark/ssl-nginx
[DEBUG 20:13:01] Running wrk with command: wrk https://127.0.0.1:4043/index.html -c 100 -d 10
[DEBUG 20:13:11] Parsing wrk output: Running 10s test @ https://127.0.0.1:4043/index.html
  2 threads and 100 connections
  Thread Stats ...
  Requests/sec: 5868.98
[DEBUG 20:13:11] Terminating processes
[DEBUG 20:13:11] Cleaning up processes...
[DEBUG 20:13:11] Found nginx PIDs: []
[DEBUG 20:13:11] Found sslsniff PIDs: []
[DEBUG 20:13:12] After cleanup: nginx PIDs: [], sslsniff PIDs: []
Run 4/10...
[DEBUG 20:13:12] Starting sslsniff with bpftime: LD_PRELOAD=build/runtime/syscall-server/libbpftime-syscall-server.so example/sslsniff/sslsniff
[DEBUG 20:13:14] Starting nginx with bpftime: LD_PRELOAD=build/runtime/agent/libbpftime-agent.so nginx -c /bpftime/benchmark/ssl-nginx/nginx.conf -p /bpftime/benchmark/ssl-nginx
[DEBUG 20:13:16] Running wrk with command: wrk https://127.0.0.1:4043/index.html -c 100 -d 10
[DEBUG 20:13:26] Parsing wrk output: Running 10s test @ https://127.0.0.1:4043/index.html
  2 threads and 100 connections
  Thread Stats ...
  Requests/sec: 5961.00
[DEBUG 20:13:26] Terminating processes
[DEBUG 20:13:26] Cleaning up processes...
[DEBUG 20:13:26] Found nginx PIDs: []
[DEBUG 20:13:26] Found sslsniff PIDs: []
[DEBUG 20:13:28] After cleanup: nginx PIDs: [], sslsniff PIDs: []
Run 5/10...
[DEBUG 20:13:28] Starting sslsniff with bpftime: LD_PRELOAD=build/runtime/syscall-server/libbpftime-syscall-server.so example/sslsniff/sslsniff
[DEBUG 20:13:30] Starting nginx with bpftime: LD_PRELOAD=build/runtime/agent/libbpftime-agent.so nginx -c /bpftime/benchmark/ssl-nginx/nginx.conf -p /bpftime/benchmark/ssl-nginx
[DEBUG 20:13:32] Running wrk with command: wrk https://127.0.0.1:4043/index.html -c 100 -d 10
[DEBUG 20:13:42] Parsing wrk output: Running 10s test @ https://127.0.0.1:4043/index.html
  2 threads and 100 connections
  Thread Stats ...
  Requests/sec: 5786.80
[DEBUG 20:13:42] Terminating processes
[DEBUG 20:13:42] Cleaning up processes...
[DEBUG 20:13:42] Found nginx PIDs: []
[DEBUG 20:13:42] Found sslsniff PIDs: []
[DEBUG 20:13:43] After cleanup: nginx PIDs: [], sslsniff PIDs: []
Run 6/10...
[DEBUG 20:13:43] Starting sslsniff with bpftime: LD_PRELOAD=build/runtime/syscall-server/libbpftime-syscall-server.so example/sslsniff/sslsniff
[DEBUG 20:13:45] Starting nginx with bpftime: LD_PRELOAD=build/runtime/agent/libbpftime-agent.so nginx -c /bpftime/benchmark/ssl-nginx/nginx.conf -p /bpftime/benchmark/ssl-nginx
[DEBUG 20:13:47] Running wrk with command: wrk https://127.0.0.1:4043/index.html -c 100 -d 10
[DEBUG 20:13:57] Parsing wrk output: Running 10s test @ https://127.0.0.1:4043/index.html
  2 threads and 100 connections
  Thread Stats ...
  Requests/sec: 6367.65
[DEBUG 20:13:57] Terminating processes
[DEBUG 20:13:57] Cleaning up processes...
[DEBUG 20:13:57] Found nginx PIDs: []
[DEBUG 20:13:57] Found sslsniff PIDs: []
[DEBUG 20:13:58] After cleanup: nginx PIDs: [], sslsniff PIDs: []
Run 7/10...
[DEBUG 20:13:58] Starting sslsniff with bpftime: LD_PRELOAD=build/runtime/syscall-server/libbpftime-syscall-server.so example/sslsniff/sslsniff
[DEBUG 20:14:00] Starting nginx with bpftime: LD_PRELOAD=build/runtime/agent/libbpftime-agent.so nginx -c /bpftime/benchmark/ssl-nginx/nginx.conf -p /bpftime/benchmark/ssl-nginx
[DEBUG 20:14:02] Running wrk with command: wrk https://127.0.0.1:4043/index.html -c 100 -d 10
[DEBUG 20:14:12] Parsing wrk output: Running 10s test @ https://127.0.0.1:4043/index.html
  2 threads and 100 connections
  Thread Stats ...
  Requests/sec: 5897.15
[DEBUG 20:14:12] Terminating processes
[DEBUG 20:14:12] Cleaning up processes...
[DEBUG 20:14:12] Found nginx PIDs: []
[DEBUG 20:14:12] Found sslsniff PIDs: []
[DEBUG 20:14:13] After cleanup: nginx PIDs: [], sslsniff PIDs: []
Run 8/10...
[DEBUG 20:14:13] Starting sslsniff with bpftime: LD_PRELOAD=build/runtime/syscall-server/libbpftime-syscall-server.so example/sslsniff/sslsniff
[DEBUG 20:14:15] Starting nginx with bpftime: LD_PRELOAD=build/runtime/agent/libbpftime-agent.so nginx -c /bpftime/benchmark/ssl-nginx/nginx.conf -p /bpftime/benchmark/ssl-nginx
[DEBUG 20:14:17] Running wrk with command: wrk https://127.0.0.1:4043/index.html -c 100 -d 10
[DEBUG 20:14:27] Parsing wrk output: Running 10s test @ https://127.0.0.1:4043/index.html
  2 threads and 100 connections
  Thread Stats ...
  Requests/sec: 6434.90
[DEBUG 20:14:27] Terminating processes
[DEBUG 20:14:27] Cleaning up processes...
[DEBUG 20:14:27] Found nginx PIDs: []
[DEBUG 20:14:27] Found sslsniff PIDs: []
[DEBUG 20:14:28] After cleanup: nginx PIDs: [], sslsniff PIDs: []
Run 9/10...
[DEBUG 20:14:28] Starting sslsniff with bpftime: LD_PRELOAD=build/runtime/syscall-server/libbpftime-syscall-server.so example/sslsniff/sslsniff
[DEBUG 20:14:30] Starting nginx with bpftime: LD_PRELOAD=build/runtime/agent/libbpftime-agent.so nginx -c /bpftime/benchmark/ssl-nginx/nginx.conf -p /bpftime/benchmark/ssl-nginx
[DEBUG 20:14:32] Running wrk with command: wrk https://127.0.0.1:4043/index.html -c 100 -d 10
[DEBUG 20:14:42] Parsing wrk output: Running 10s test @ https://127.0.0.1:4043/index.html
  2 threads and 100 connections
  Thread Stats ...
  Requests/sec: 6505.98
[DEBUG 20:14:42] Terminating processes
[DEBUG 20:14:42] Cleaning up processes...
[DEBUG 20:14:42] Found nginx PIDs: []
[DEBUG 20:14:42] Found sslsniff PIDs: []
[DEBUG 20:14:43] After cleanup: nginx PIDs: [], sslsniff PIDs: []
Run 10/10...
[DEBUG 20:14:43] Starting sslsniff with bpftime: LD_PRELOAD=build/runtime/syscall-server/libbpftime-syscall-server.so example/sslsniff/sslsniff
[DEBUG 20:14:45] Starting nginx with bpftime: LD_PRELOAD=build/runtime/agent/libbpftime-agent.so nginx -c /bpftime/benchmark/ssl-nginx/nginx.conf -p /bpftime/benchmark/ssl-nginx
[DEBUG 20:14:47] Running wrk with command: wrk https://127.0.0.1:4043/index.html -c 100 -d 10
[DEBUG 20:14:57] Parsing wrk output: Running 10s test @ https://127.0.0.1:4043/index.html
  2 threads and 100 connections
  Thread Stats ...
  Requests/sec: 6135.11
[DEBUG 20:14:57] Terminating processes
[DEBUG 20:14:58] Cleaning up processes...
[DEBUG 20:14:58] Found nginx PIDs: []
[DEBUG 20:14:58] Found sslsniff PIDs: []
[DEBUG 20:14:59] After cleanup: nginx PIDs: [], sslsniff PIDs: []

=== Benchmark Results ===
Each configuration run 10 times

Baseline:
  Requests/sec (mean):   9917.37
  Requests/sec (median): 9910.71
  Standard deviation:    40.26
  Min:                   9852.03
  Max:                   9985.64
  All runs:              [9985.64, 9852.03, 9910.87, 9963.99, 9942.82, 9889.43, 9881.55, 9936.84, 9910.55, 9899.97]

Kernel Sslsniff:
  Requests/sec (mean):   7040.96
  Requests/sec (median): 7037.78
  Standard deviation:    43.16
  Min:                   6982.80
  Max:                   7112.26
  All runs:              [7105.25, 7112.26, 7008.4, 7056.15, 7028.63, 6993.42, 7052.23, 6982.8, 7023.56, 7046.93]

Bpftime Sslsniff:
  Requests/sec (mean):   6156.29
  Requests/sec (median): 6152.43
  Standard deviation:    268.24
  Min:                   5786.80
  Max:                   6505.98
  All runs:              [6435.54, 6169.75, 5868.98, 5961.0, 5786.8, 6367.65, 5897.15, 6434.9, 6505.98, 6135.11]

Kernel sslsniff performance impact: 29.00% decrease
bpftime sslsniff performance impact: 37.92% decrease
bpftime improvement over kernel: -12.56%

Results saved to benchmark/ssl-nginx/benchmark_results_20260725_201459.json
[DEBUG 20:14:59] Cleaning up before exit
[DEBUG 20:14:59] Cleaning up processes...
[DEBUG 20:14:59] Found nginx PIDs: []
[DEBUG 20:14:59] Found sslsniff PIDs: []
[DEBUG 20:15:00] After cleanup: nginx PIDs: [], sslsniff PIDs: []


=== Running benchmark for 128kb file ===
Generating test file of size 128kb...
  Created benchmark/ssl-nginx/index.html (131072 bytes)
[DEBUG 20:15:02] Starting benchmark script
[DEBUG 20:15:02] Current working directory: /bpftime
[DEBUG 20:15:02] Checking command: nginx - EXISTS
[DEBUG 20:15:02]   Path: /usr/sbin/nginx
[DEBUG 20:15:02] Checking file: /bpftime/build/runtime/agent/libbpftime-agent.so - EXISTS
[DEBUG 20:15:02] Checking file: /bpftime/build/runtime/syscall-server/libbpftime-syscall-server.so - EXISTS
[DEBUG 20:15:02] Checking file: /bpftime/example/sslsniff/sslsniff - EXISTS
[DEBUG 20:15:02] Checking command: wrk - EXISTS
[DEBUG 20:15:02]   Path: /usr/bin/wrk

=== Running Baseline Tests ===
[DEBUG 20:15:02] Cleaning up processes...
[DEBUG 20:15:02] Found nginx PIDs: []
[DEBUG 20:15:02] Found sslsniff PIDs: []
[DEBUG 20:15:03] After cleanup: nginx PIDs: [], sslsniff PIDs: []
[DEBUG 20:15:03] Removing access log: /bpftime/benchmark/ssl-nginx/access.log
[DEBUG 20:15:03] Access log removed successfully
[DEBUG 20:15:03] Checking command: nginx - EXISTS
[DEBUG 20:15:03]   Path: /usr/sbin/nginx
[DEBUG 20:15:03] Current directory: /bpftime
[DEBUG 20:15:03] Checking if nginx.conf exists: True
[DEBUG 20:15:03] Starting nginx with command: nginx -c /bpftime/benchmark/ssl-nginx/nginx.conf -p /bpftime/benchmark/ssl-nginx
[DEBUG 20:15:05] nginx started successfully
[DEBUG 20:15:05] Error checking nginx: [Errno 2] No such file or directory: 'curl'
Run 1/10...
[DEBUG 20:15:05] Running wrk with command: wrk https://127.0.0.1:4043/index.html -c 100 -d 10
[DEBUG 20:15:15] wrk exit code: 0
[DEBUG 20:15:15] Parsing wrk output: Running 10s test @ https://127.0.0.1:4043/index.html
  2 threads and 100 connections
  Thread Stats ...
  Requests/sec: 3058.46
Run 2/10...
[DEBUG 20:15:15] Running wrk with command: wrk https://127.0.0.1:4043/index.html -c 100 -d 10
[DEBUG 20:15:25] wrk exit code: 0
[DEBUG 20:15:25] Parsing wrk output: Running 10s test @ https://127.0.0.1:4043/index.html
  2 threads and 100 connections
  Thread Stats ...
  Requests/sec: 3011.71
Run 3/10...
[DEBUG 20:15:25] Running wrk with command: wrk https://127.0.0.1:4043/index.html -c 100 -d 10
[DEBUG 20:15:35] wrk exit code: 0
[DEBUG 20:15:35] Parsing wrk output: Running 10s test @ https://127.0.0.1:4043/index.html
  2 threads and 100 connections
  Thread Stats ...
  Requests/sec: 2923.54
Run 4/10...
[DEBUG 20:15:35] Running wrk with command: wrk https://127.0.0.1:4043/index.html -c 100 -d 10
[DEBUG 20:15:45] wrk exit code: 0
[DEBUG 20:15:45] Parsing wrk output: Running 10s test @ https://127.0.0.1:4043/index.html
  2 threads and 100 connections
  Thread Stats ...
  Requests/sec: 2908.43
Run 5/10...
[DEBUG 20:15:45] Running wrk with command: wrk https://127.0.0.1:4043/index.html -c 100 -d 10
[DEBUG 20:15:55] wrk exit code: 0
[DEBUG 20:15:55] Parsing wrk output: Running 10s test @ https://127.0.0.1:4043/index.html
  2 threads and 100 connections
  Thread Stats ...
  Requests/sec: 2990.68
Run 6/10...
[DEBUG 20:15:55] Running wrk with command: wrk https://127.0.0.1:4043/index.html -c 100 -d 10
[DEBUG 20:16:05] wrk exit code: 0
[DEBUG 20:16:05] Parsing wrk output: Running 10s test @ https://127.0.0.1:4043/index.html
  2 threads and 100 connections
  Thread Stats ...
  Requests/sec: 2919.24
Run 7/10...
[DEBUG 20:16:05] Running wrk with command: wrk https://127.0.0.1:4043/index.html -c 100 -d 10
[DEBUG 20:16:15] wrk exit code: 0
[DEBUG 20:16:15] Parsing wrk output: Running 10s test @ https://127.0.0.1:4043/index.html
  2 threads and 100 connections
  Thread Stats ...
  Requests/sec: 2948.06
Run 8/10...
[DEBUG 20:16:15] Running wrk with command: wrk https://127.0.0.1:4043/index.html -c 100 -d 10
[DEBUG 20:16:25] wrk exit code: 0
[DEBUG 20:16:25] Parsing wrk output: Running 10s test @ https://127.0.0.1:4043/index.html
  2 threads and 100 connections
  Thread Stats ...
  Requests/sec: 2945.31
Run 9/10...
[DEBUG 20:16:25] Running wrk with command: wrk https://127.0.0.1:4043/index.html -c 100 -d 10
[DEBUG 20:16:35] wrk exit code: 0
[DEBUG 20:16:35] Parsing wrk output: Running 10s test @ https://127.0.0.1:4043/index.html
  2 threads and 100 connections
  Thread Stats ...
  Requests/sec: 2995.25
Run 10/10...
[DEBUG 20:16:35] Running wrk with command: wrk https://127.0.0.1:4043/index.html -c 100 -d 10
[DEBUG 20:16:46] wrk exit code: 0
[DEBUG 20:16:46] Parsing wrk output: Running 10s test @ https://127.0.0.1:4043/index.html
  2 threads and 100 connections
  Thread Stats ...
  Requests/sec: 2910.41
[DEBUG 20:16:46] Terminating nginx

=== Running Kernel sslsniff Tests ===
[DEBUG 20:16:46] Cleaning up processes...
[DEBUG 20:16:46] Found nginx PIDs: []
[DEBUG 20:16:46] Found sslsniff PIDs: []
[DEBUG 20:16:47] After cleanup: nginx PIDs: [], sslsniff PIDs: []
[DEBUG 20:16:47] Removing access log: /bpftime/benchmark/ssl-nginx/access.log
[DEBUG 20:16:47] Access log removed successfully
[DEBUG 20:16:47] Checking file: /bpftime/example/sslsniff/sslsniff - EXISTS
[DEBUG 20:16:47] Starting nginx with command: nginx -c /bpftime/benchmark/ssl-nginx/nginx.conf -p /bpftime/benchmark/ssl-nginx
Run 1/10...
[DEBUG 20:16:49] Starting kernel sslsniff: sudo example/sslsniff/sslsniff
[DEBUG 20:16:51] Running wrk with command: wrk https://127.0.0.1:4043/index.html -c 100 -d 10
[DEBUG 20:17:01] Parsing wrk output: Running 10s test @ https://127.0.0.1:4043/index.html
  2 threads and 100 connections
  Thread Stats ...
[DEBUG 20:17:01] Killing sslsniff
  Requests/sec: 2086.85
Run 2/10...
[DEBUG 20:17:02] Starting kernel sslsniff: sudo example/sslsniff/sslsniff
[DEBUG 20:17:04] Running wrk with command: wrk https://127.0.0.1:4043/index.html -c 100 -d 10
[DEBUG 20:17:14] Parsing wrk output: Running 10s test @ https://127.0.0.1:4043/index.html
  2 threads and 100 connections
  Thread Stats ...
[DEBUG 20:17:14] Killing sslsniff
  Requests/sec: 2099.59
Run 3/10...
[DEBUG 20:17:15] Starting kernel sslsniff: sudo example/sslsniff/sslsniff
[DEBUG 20:17:17] Running wrk with command: wrk https://127.0.0.1:4043/index.html -c 100 -d 10
[DEBUG 20:17:27] Parsing wrk output: Running 10s test @ https://127.0.0.1:4043/index.html
  2 threads and 100 connections
  Thread Stats ...
[DEBUG 20:17:27] Killing sslsniff
  Requests/sec: 2047.07
Run 4/10...
[DEBUG 20:17:28] Starting kernel sslsniff: sudo example/sslsniff/sslsniff
[DEBUG 20:17:30] Running wrk with command: wrk https://127.0.0.1:4043/index.html -c 100 -d 10
[DEBUG 20:17:40] Parsing wrk output: Running 10s test @ https://127.0.0.1:4043/index.html
  2 threads and 100 connections
  Thread Stats ...
[DEBUG 20:17:40] Killing sslsniff
  Requests/sec: 2069.62
Run 5/10...
[DEBUG 20:17:41] Starting kernel sslsniff: sudo example/sslsniff/sslsniff
[DEBUG 20:17:43] Running wrk with command: wrk https://127.0.0.1:4043/index.html -c 100 -d 10
[DEBUG 20:17:53] Parsing wrk output: Running 10s test @ https://127.0.0.1:4043/index.html
  2 threads and 100 connections
  Thread Stats ...
[DEBUG 20:17:53] Killing sslsniff
  Requests/sec: 2068.45
Run 6/10...
[DEBUG 20:17:54] Starting kernel sslsniff: sudo example/sslsniff/sslsniff
[DEBUG 20:17:56] Running wrk with command: wrk https://127.0.0.1:4043/index.html -c 100 -d 10
[DEBUG 20:18:06] Parsing wrk output: Running 10s test @ https://127.0.0.1:4043/index.html
  2 threads and 100 connections
  Thread Stats ...
[DEBUG 20:18:06] Killing sslsniff
  Requests/sec: 2065.58
Run 7/10...
[DEBUG 20:18:07] Starting kernel sslsniff: sudo example/sslsniff/sslsniff
[DEBUG 20:18:09] Running wrk with command: wrk https://127.0.0.1:4043/index.html -c 100 -d 10
[DEBUG 20:18:19] Parsing wrk output: Running 10s test @ https://127.0.0.1:4043/index.html
  2 threads and 100 connections
  Thread Stats ...
[DEBUG 20:18:19] Killing sslsniff
  Requests/sec: 2084.85
Run 8/10...
[DEBUG 20:18:20] Starting kernel sslsniff: sudo example/sslsniff/sslsniff
[DEBUG 20:18:22] Running wrk with command: wrk https://127.0.0.1:4043/index.html -c 100 -d 10
[DEBUG 20:18:32] Parsing wrk output: Running 10s test @ https://127.0.0.1:4043/index.html
  2 threads and 100 connections
  Thread Stats ...
[DEBUG 20:18:32] Killing sslsniff
  Requests/sec: 2087.88
Run 9/10...
[DEBUG 20:18:34] Starting kernel sslsniff: sudo example/sslsniff/sslsniff
[DEBUG 20:18:36] Running wrk with command: wrk https://127.0.0.1:4043/index.html -c 100 -d 10
[DEBUG 20:18:46] Parsing wrk output: Running 10s test @ https://127.0.0.1:4043/index.html
  2 threads and 100 connections
  Thread Stats ...
[DEBUG 20:18:46] Killing sslsniff
  Requests/sec: 2077.12
Run 10/10...
[DEBUG 20:18:47] Starting kernel sslsniff: sudo example/sslsniff/sslsniff
[DEBUG 20:18:49] Running wrk with command: wrk https://127.0.0.1:4043/index.html -c 100 -d 10
[DEBUG 20:18:59] Parsing wrk output: Running 10s test @ https://127.0.0.1:4043/index.html
  2 threads and 100 connections
  Thread Stats ...
[DEBUG 20:18:59] Killing sslsniff
  Requests/sec: 2088.32
[DEBUG 20:19:00] Terminating nginx

=== Running bpftime sslsniff Tests ===
[DEBUG 20:19:00] Cleaning up processes...
[DEBUG 20:19:00] Found nginx PIDs: []
[DEBUG 20:19:00] Found sslsniff PIDs: []
[DEBUG 20:19:01] After cleanup: nginx PIDs: [], sslsniff PIDs: []
[DEBUG 20:19:01] Removing access log: /bpftime/benchmark/ssl-nginx/access.log
[DEBUG 20:19:01] Access log removed successfully
[DEBUG 20:19:01] Checking file: /bpftime/example/sslsniff/sslsniff - EXISTS
[DEBUG 20:19:01] Checking file: /bpftime/build/runtime/agent/libbpftime-agent.so - EXISTS
[DEBUG 20:19:01] Checking file: /bpftime/build/runtime/syscall-server/libbpftime-syscall-server.so - EXISTS
Run 1/10...
[DEBUG 20:19:01] Starting sslsniff with bpftime: LD_PRELOAD=build/runtime/syscall-server/libbpftime-syscall-server.so example/sslsniff/sslsniff
[DEBUG 20:19:03] Starting nginx with bpftime: LD_PRELOAD=build/runtime/agent/libbpftime-agent.so nginx -c /bpftime/benchmark/ssl-nginx/nginx.conf -p /bpftime/benchmark/ssl-nginx
[DEBUG 20:19:05] Running wrk with command: wrk https://127.0.0.1:4043/index.html -c 100 -d 10
[DEBUG 20:19:15] Parsing wrk output: Running 10s test @ https://127.0.0.1:4043/index.html
  2 threads and 100 connections
  Thread Stats ...
  Requests/sec: 1999.89
[DEBUG 20:19:15] Terminating processes
[DEBUG 20:19:15] Cleaning up processes...
[DEBUG 20:19:15] Found nginx PIDs: []
[DEBUG 20:19:15] Found sslsniff PIDs: []
[DEBUG 20:19:16] After cleanup: nginx PIDs: [], sslsniff PIDs: []
Run 2/10...
[DEBUG 20:19:16] Starting sslsniff with bpftime: LD_PRELOAD=build/runtime/syscall-server/libbpftime-syscall-server.so example/sslsniff/sslsniff
[DEBUG 20:19:18] Starting nginx with bpftime: LD_PRELOAD=build/runtime/agent/libbpftime-agent.so nginx -c /bpftime/benchmark/ssl-nginx/nginx.conf -p /bpftime/benchmark/ssl-nginx
[DEBUG 20:19:20] Running wrk with command: wrk https://127.0.0.1:4043/index.html -c 100 -d 10
[DEBUG 20:19:30] Parsing wrk output: Running 10s test @ https://127.0.0.1:4043/index.html
  2 threads and 100 connections
  Thread Stats ...
  Requests/sec: 1978.91
[DEBUG 20:19:30] Terminating processes
[DEBUG 20:19:30] Cleaning up processes...
[DEBUG 20:19:30] Found nginx PIDs: []
[DEBUG 20:19:30] Found sslsniff PIDs: []
[DEBUG 20:19:31] After cleanup: nginx PIDs: [], sslsniff PIDs: []
Run 3/10...
[DEBUG 20:19:31] Starting sslsniff with bpftime: LD_PRELOAD=build/runtime/syscall-server/libbpftime-syscall-server.so example/sslsniff/sslsniff
[DEBUG 20:19:33] Starting nginx with bpftime: LD_PRELOAD=build/runtime/agent/libbpftime-agent.so nginx -c /bpftime/benchmark/ssl-nginx/nginx.conf -p /bpftime/benchmark/ssl-nginx
[DEBUG 20:19:35] Running wrk with command: wrk https://127.0.0.1:4043/index.html -c 100 -d 10
[DEBUG 20:19:45] Parsing wrk output: Running 10s test @ https://127.0.0.1:4043/index.html
  2 threads and 100 connections
  Thread Stats ...
  Requests/sec: 1968.77
[DEBUG 20:19:45] Terminating processes
[DEBUG 20:19:45] Cleaning up processes...
[DEBUG 20:19:45] Found nginx PIDs: []
[DEBUG 20:19:45] Found sslsniff PIDs: []
[DEBUG 20:19:47] After cleanup: nginx PIDs: [], sslsniff PIDs: []
Run 4/10...
[DEBUG 20:19:47] Starting sslsniff with bpftime: LD_PRELOAD=build/runtime/syscall-server/libbpftime-syscall-server.so example/sslsniff/sslsniff
[DEBUG 20:19:49] Starting nginx with bpftime: LD_PRELOAD=build/runtime/agent/libbpftime-agent.so nginx -c /bpftime/benchmark/ssl-nginx/nginx.conf -p /bpftime/benchmark/ssl-nginx
[DEBUG 20:19:51] Running wrk with command: wrk https://127.0.0.1:4043/index.html -c 100 -d 10
[DEBUG 20:20:01] Parsing wrk output: Running 10s test @ https://127.0.0.1:4043/index.html
  2 threads and 100 connections
  Thread Stats ...
  Requests/sec: 1903.00
[DEBUG 20:20:01] Terminating processes
[DEBUG 20:20:01] Cleaning up processes...
[DEBUG 20:20:01] Found nginx PIDs: []
[DEBUG 20:20:01] Found sslsniff PIDs: []
[DEBUG 20:20:02] After cleanup: nginx PIDs: [], sslsniff PIDs: []
Run 5/10...
[DEBUG 20:20:02] Starting sslsniff with bpftime: LD_PRELOAD=build/runtime/syscall-server/libbpftime-syscall-server.so example/sslsniff/sslsniff
[DEBUG 20:20:04] Starting nginx with bpftime: LD_PRELOAD=build/runtime/agent/libbpftime-agent.so nginx -c /bpftime/benchmark/ssl-nginx/nginx.conf -p /bpftime/benchmark/ssl-nginx
[DEBUG 20:20:06] Running wrk with command: wrk https://127.0.0.1:4043/index.html -c 100 -d 10
[DEBUG 20:20:16] Parsing wrk output: Running 10s test @ https://127.0.0.1:4043/index.html
  2 threads and 100 connections
  Thread Stats ...
  Requests/sec: 1952.24
[DEBUG 20:20:16] Terminating processes
[DEBUG 20:20:16] Cleaning up processes...
[DEBUG 20:20:16] Found nginx PIDs: []
[DEBUG 20:20:16] Found sslsniff PIDs: []
[DEBUG 20:20:17] After cleanup: nginx PIDs: [], sslsniff PIDs: []
Run 6/10...
[DEBUG 20:20:17] Starting sslsniff with bpftime: LD_PRELOAD=build/runtime/syscall-server/libbpftime-syscall-server.so example/sslsniff/sslsniff
[DEBUG 20:20:19] Starting nginx with bpftime: LD_PRELOAD=build/runtime/agent/libbpftime-agent.so nginx -c /bpftime/benchmark/ssl-nginx/nginx.conf -p /bpftime/benchmark/ssl-nginx
[DEBUG 20:20:21] Running wrk with command: wrk https://127.0.0.1:4043/index.html -c 100 -d 10
[DEBUG 20:20:31] Parsing wrk output: Running 10s test @ https://127.0.0.1:4043/index.html
  2 threads and 100 connections
  Thread Stats ...
  Requests/sec: 1964.83
[DEBUG 20:20:31] Terminating processes
[DEBUG 20:20:31] Cleaning up processes...
[DEBUG 20:20:31] Found nginx PIDs: []
[DEBUG 20:20:31] Found sslsniff PIDs: []
[DEBUG 20:20:32] After cleanup: nginx PIDs: [], sslsniff PIDs: []
Run 7/10...
[DEBUG 20:20:32] Starting sslsniff with bpftime: LD_PRELOAD=build/runtime/syscall-server/libbpftime-syscall-server.so example/sslsniff/sslsniff
[DEBUG 20:20:34] Starting nginx with bpftime: LD_PRELOAD=build/runtime/agent/libbpftime-agent.so nginx -c /bpftime/benchmark/ssl-nginx/nginx.conf -p /bpftime/benchmark/ssl-nginx
[DEBUG 20:20:36] Running wrk with command: wrk https://127.0.0.1:4043/index.html -c 100 -d 10
[DEBUG 20:20:46] Parsing wrk output: Running 10s test @ https://127.0.0.1:4043/index.html
  2 threads and 100 connections
  Thread Stats ...
  Requests/sec: 2022.85
[DEBUG 20:20:46] Terminating processes
[DEBUG 20:20:46] Cleaning up processes...
[DEBUG 20:20:46] Found nginx PIDs: []
[DEBUG 20:20:46] Found sslsniff PIDs: []
[DEBUG 20:20:47] After cleanup: nginx PIDs: [], sslsniff PIDs: []
Run 8/10...
[DEBUG 20:20:47] Starting sslsniff with bpftime: LD_PRELOAD=build/runtime/syscall-server/libbpftime-syscall-server.so example/sslsniff/sslsniff
[DEBUG 20:20:49] Starting nginx with bpftime: LD_PRELOAD=build/runtime/agent/libbpftime-agent.so nginx -c /bpftime/benchmark/ssl-nginx/nginx.conf -p /bpftime/benchmark/ssl-nginx
[DEBUG 20:20:51] Running wrk with command: wrk https://127.0.0.1:4043/index.html -c 100 -d 10
[DEBUG 20:21:01] Parsing wrk output: Running 10s test @ https://127.0.0.1:4043/index.html
  2 threads and 100 connections
  Thread Stats ...
  Requests/sec: 1934.88
[DEBUG 20:21:01] Terminating processes
[DEBUG 20:21:01] Cleaning up processes...
[DEBUG 20:21:01] Found nginx PIDs: []
[DEBUG 20:21:01] Found sslsniff PIDs: []
[DEBUG 20:21:02] After cleanup: nginx PIDs: [], sslsniff PIDs: []
Run 9/10...
[DEBUG 20:21:02] Starting sslsniff with bpftime: LD_PRELOAD=build/runtime/syscall-server/libbpftime-syscall-server.so example/sslsniff/sslsniff
[DEBUG 20:21:04] Starting nginx with bpftime: LD_PRELOAD=build/runtime/agent/libbpftime-agent.so nginx -c /bpftime/benchmark/ssl-nginx/nginx.conf -p /bpftime/benchmark/ssl-nginx
[DEBUG 20:21:06] Running wrk with command: wrk https://127.0.0.1:4043/index.html -c 100 -d 10
[DEBUG 20:21:17] Parsing wrk output: Running 10s test @ https://127.0.0.1:4043/index.html
  2 threads and 100 connections
  Thread Stats ...
  Requests/sec: 1964.88
[DEBUG 20:21:17] Terminating processes
[DEBUG 20:21:17] Cleaning up processes...
[DEBUG 20:21:17] Found nginx PIDs: []
[DEBUG 20:21:17] Found sslsniff PIDs: []
[DEBUG 20:21:18] After cleanup: nginx PIDs: [], sslsniff PIDs: []
Run 10/10...
[DEBUG 20:21:18] Starting sslsniff with bpftime: LD_PRELOAD=build/runtime/syscall-server/libbpftime-syscall-server.so example/sslsniff/sslsniff
[DEBUG 20:21:20] Starting nginx with bpftime: LD_PRELOAD=build/runtime/agent/libbpftime-agent.so nginx -c /bpftime/benchmark/ssl-nginx/nginx.conf -p /bpftime/benchmark/ssl-nginx
[DEBUG 20:21:22] Running wrk with command: wrk https://127.0.0.1:4043/index.html -c 100 -d 10
[DEBUG 20:21:32] Parsing wrk output: Running 10s test @ https://127.0.0.1:4043/index.html
  2 threads and 100 connections
  Thread Stats ...
  Requests/sec: 1855.61
[DEBUG 20:21:32] Terminating processes
[DEBUG 20:21:32] Cleaning up processes...
[DEBUG 20:21:32] Found nginx PIDs: []
[DEBUG 20:21:32] Found sslsniff PIDs: []
[DEBUG 20:21:33] After cleanup: nginx PIDs: [], sslsniff PIDs: []

=== Benchmark Results ===
Each configuration run 10 times

Baseline:
  Requests/sec (mean):   2961.11
  Requests/sec (median): 2946.68
  Standard deviation:    50.56
  Min:                   2908.43
  Max:                   3058.46
  All runs:              [3058.46, 3011.71, 2923.54, 2908.43, 2990.68, 2919.24, 2948.06, 2945.31, 2995.25, 2910.41]

Kernel Sslsniff:
  Requests/sec (mean):   2077.53
  Requests/sec (median): 2080.98
  Standard deviation:    15.15
  Min:                   2047.07
  Max:                   2099.59
  All runs:              [2086.85, 2099.59, 2047.07, 2069.62, 2068.45, 2065.58, 2084.85, 2087.88, 2077.12, 2088.32]

Bpftime Sslsniff:
  Requests/sec (mean):   1954.59
  Requests/sec (median): 1964.86
  Standard deviation:    47.80
  Min:                   1855.61
  Max:                   2022.85
  All runs:              [1999.89, 1978.91, 1968.77, 1903.0, 1952.24, 1964.83, 2022.85, 1934.88, 1964.88, 1855.61]

Kernel sslsniff performance impact: 29.84% decrease
bpftime sslsniff performance impact: 33.99% decrease
bpftime improvement over kernel: -5.92%

Results saved to benchmark/ssl-nginx/benchmark_results_20260725_202133.json
[DEBUG 20:21:33] Cleaning up before exit
[DEBUG 20:21:33] Cleaning up processes...
[DEBUG 20:21:33] Found nginx PIDs: []
[DEBUG 20:21:33] Found sslsniff PIDs: []
[DEBUG 20:21:34] After cleanup: nginx PIDs: [], sslsniff PIDs: []


=== Running benchmark for 256kb file ===
Generating test file of size 256kb...
  Created benchmark/ssl-nginx/index.html (262144 bytes)
[DEBUG 20:21:36] Starting benchmark script
[DEBUG 20:21:36] Current working directory: /bpftime
[DEBUG 20:21:36] Checking command: nginx - EXISTS
[DEBUG 20:21:36]   Path: /usr/sbin/nginx
[DEBUG 20:21:36] Checking file: /bpftime/build/runtime/agent/libbpftime-agent.so - EXISTS
[DEBUG 20:21:36] Checking file: /bpftime/build/runtime/syscall-server/libbpftime-syscall-server.so - EXISTS
[DEBUG 20:21:36] Checking file: /bpftime/example/sslsniff/sslsniff - EXISTS
[DEBUG 20:21:36] Checking command: wrk - EXISTS
[DEBUG 20:21:36]   Path: /usr/bin/wrk

=== Running Baseline Tests ===
[DEBUG 20:21:36] Cleaning up processes...
[DEBUG 20:21:36] Found nginx PIDs: []
[DEBUG 20:21:36] Found sslsniff PIDs: []
[DEBUG 20:21:37] After cleanup: nginx PIDs: [], sslsniff PIDs: []
[DEBUG 20:21:37] Removing access log: /bpftime/benchmark/ssl-nginx/access.log
[DEBUG 20:21:37] Access log removed successfully
[DEBUG 20:21:37] Checking command: nginx - EXISTS
[DEBUG 20:21:37]   Path: /usr/sbin/nginx
[DEBUG 20:21:37] Current directory: /bpftime
[DEBUG 20:21:37] Checking if nginx.conf exists: True
[DEBUG 20:21:37] Starting nginx with command: nginx -c /bpftime/benchmark/ssl-nginx/nginx.conf -p /bpftime/benchmark/ssl-nginx
[DEBUG 20:21:39] nginx started successfully
[DEBUG 20:21:39] Error checking nginx: [Errno 2] No such file or directory: 'curl'
Run 1/10...
[DEBUG 20:21:39] Running wrk with command: wrk https://127.0.0.1:4043/index.html -c 100 -d 10
[DEBUG 20:21:49] wrk exit code: 0
[DEBUG 20:21:49] Parsing wrk output: Running 10s test @ https://127.0.0.1:4043/index.html
  2 threads and 100 connections
  Thread Stats ...
  Requests/sec: 1685.50
Run 2/10...
[DEBUG 20:21:49] Running wrk with command: wrk https://127.0.0.1:4043/index.html -c 100 -d 10
[DEBUG 20:21:59] wrk exit code: 0
[DEBUG 20:21:59] Parsing wrk output: Running 10s test @ https://127.0.0.1:4043/index.html
  2 threads and 100 connections
  Thread Stats ...
  Requests/sec: 1624.39
Run 3/10...
[DEBUG 20:21:59] Running wrk with command: wrk https://127.0.0.1:4043/index.html -c 100 -d 10
[DEBUG 20:22:09] wrk exit code: 0
[DEBUG 20:22:09] Parsing wrk output: Running 10s test @ https://127.0.0.1:4043/index.html
  2 threads and 100 connections
  Thread Stats ...
  Requests/sec: 1620.58
Run 4/10...
[DEBUG 20:22:09] Running wrk with command: wrk https://127.0.0.1:4043/index.html -c 100 -d 10
[DEBUG 20:22:19] wrk exit code: 0
[DEBUG 20:22:19] Parsing wrk output: Running 10s test @ https://127.0.0.1:4043/index.html
  2 threads and 100 connections
  Thread Stats ...
  Requests/sec: 1606.89
Run 5/10...
[DEBUG 20:22:19] Running wrk with command: wrk https://127.0.0.1:4043/index.html -c 100 -d 10
[DEBUG 20:22:30] wrk exit code: 0
[DEBUG 20:22:30] Parsing wrk output: Running 10s test @ https://127.0.0.1:4043/index.html
  2 threads and 100 connections
  Thread Stats ...
  Requests/sec: 1651.44
Run 6/10...
[DEBUG 20:22:30] Running wrk with command: wrk https://127.0.0.1:4043/index.html -c 100 -d 10
[DEBUG 20:22:40] wrk exit code: 0
[DEBUG 20:22:40] Parsing wrk output: Running 10s test @ https://127.0.0.1:4043/index.html
  2 threads and 100 connections
  Thread Stats ...
  Requests/sec: 1644.15
Run 7/10...
[DEBUG 20:22:40] Running wrk with command: wrk https://127.0.0.1:4043/index.html -c 100 -d 10
[DEBUG 20:22:50] wrk exit code: 0
[DEBUG 20:22:50] Parsing wrk output: Running 10s test @ https://127.0.0.1:4043/index.html
  2 threads and 100 connections
  Thread Stats ...
  Requests/sec: 1653.61
Run 8/10...
[DEBUG 20:22:50] Running wrk with command: wrk https://127.0.0.1:4043/index.html -c 100 -d 10
[DEBUG 20:23:00] wrk exit code: 0
[DEBUG 20:23:00] Parsing wrk output: Running 10s test @ https://127.0.0.1:4043/index.html
  2 threads and 100 connections
  Thread Stats ...
  Requests/sec: 1655.96
Run 9/10...
[DEBUG 20:23:00] Running wrk with command: wrk https://127.0.0.1:4043/index.html -c 100 -d 10
[DEBUG 20:23:10] wrk exit code: 0
[DEBUG 20:23:10] Parsing wrk output: Running 10s test @ https://127.0.0.1:4043/index.html
  2 threads and 100 connections
  Thread Stats ...
  Requests/sec: 1606.41
Run 10/10...
[DEBUG 20:23:10] Running wrk with command: wrk https://127.0.0.1:4043/index.html -c 100 -d 10
[DEBUG 20:23:20] wrk exit code: 0
[DEBUG 20:23:20] Parsing wrk output: Running 10s test @ https://127.0.0.1:4043/index.html
  2 threads and 100 connections
  Thread Stats ...
  Requests/sec: 1621.96
[DEBUG 20:23:20] Terminating nginx

=== Running Kernel sslsniff Tests ===
[DEBUG 20:23:20] Cleaning up processes...
[DEBUG 20:23:20] Found nginx PIDs: []
[DEBUG 20:23:20] Found sslsniff PIDs: []
[DEBUG 20:23:21] After cleanup: nginx PIDs: [], sslsniff PIDs: []
[DEBUG 20:23:21] Removing access log: /bpftime/benchmark/ssl-nginx/access.log
[DEBUG 20:23:21] Access log removed successfully
[DEBUG 20:23:21] Checking file: /bpftime/example/sslsniff/sslsniff - EXISTS
[DEBUG 20:23:21] Starting nginx with command: nginx -c /bpftime/benchmark/ssl-nginx/nginx.conf -p /bpftime/benchmark/ssl-nginx
Run 1/10...
[DEBUG 20:23:23] Starting kernel sslsniff: sudo example/sslsniff/sslsniff
[DEBUG 20:23:25] Running wrk with command: wrk https://127.0.0.1:4043/index.html -c 100 -d 10
[DEBUG 20:23:35] Parsing wrk output: Running 10s test @ https://127.0.0.1:4043/index.html
  2 threads and 100 connections
  Thread Stats ...
[DEBUG 20:23:35] Killing sslsniff
  Requests/sec: 1210.98
Run 2/10...
[DEBUG 20:23:36] Starting kernel sslsniff: sudo example/sslsniff/sslsniff
[DEBUG 20:23:38] Running wrk with command: wrk https://127.0.0.1:4043/index.html -c 100 -d 10
[DEBUG 20:23:48] Parsing wrk output: Running 10s test @ https://127.0.0.1:4043/index.html
  2 threads and 100 connections
  Thread Stats ...
[DEBUG 20:23:48] Killing sslsniff
  Requests/sec: 1175.48
Run 3/10...
[DEBUG 20:23:49] Starting kernel sslsniff: sudo example/sslsniff/sslsniff
[DEBUG 20:23:51] Running wrk with command: wrk https://127.0.0.1:4043/index.html -c 100 -d 10
[DEBUG 20:24:01] Parsing wrk output: Running 10s test @ https://127.0.0.1:4043/index.html
  2 threads and 100 connections
  Thread Stats ...
[DEBUG 20:24:01] Killing sslsniff
  Requests/sec: 1173.35
Run 4/10...
[DEBUG 20:24:02] Starting kernel sslsniff: sudo example/sslsniff/sslsniff
[DEBUG 20:24:04] Running wrk with command: wrk https://127.0.0.1:4043/index.html -c 100 -d 10
[DEBUG 20:24:14] Parsing wrk output: Running 10s test @ https://127.0.0.1:4043/index.html
  2 threads and 100 connections
  Thread Stats ...
[DEBUG 20:24:14] Killing sslsniff
  Requests/sec: 1161.68
Run 5/10...
[DEBUG 20:24:15] Starting kernel sslsniff: sudo example/sslsniff/sslsniff
[DEBUG 20:24:17] Running wrk with command: wrk https://127.0.0.1:4043/index.html -c 100 -d 10
[DEBUG 20:24:27] Parsing wrk output: Running 10s test @ https://127.0.0.1:4043/index.html
  2 threads and 100 connections
  Thread Stats ...
[DEBUG 20:24:27] Killing sslsniff
  Requests/sec: 1174.49
Run 6/10...
[DEBUG 20:24:28] Starting kernel sslsniff: sudo example/sslsniff/sslsniff
[DEBUG 20:24:30] Running wrk with command: wrk https://127.0.0.1:4043/index.html -c 100 -d 10
[DEBUG 20:24:41] Parsing wrk output: Running 10s test @ https://127.0.0.1:4043/index.html
  2 threads and 100 connections
  Thread Stats ...
[DEBUG 20:24:41] Killing sslsniff
  Requests/sec: 1179.36
Run 7/10...
[DEBUG 20:24:42] Starting kernel sslsniff: sudo example/sslsniff/sslsniff
[DEBUG 20:24:44] Running wrk with command: wrk https://127.0.0.1:4043/index.html -c 100 -d 10
[DEBUG 20:24:54] Parsing wrk output: Running 10s test @ https://127.0.0.1:4043/index.html
  2 threads and 100 connections
  Thread Stats ...
[DEBUG 20:24:54] Killing sslsniff
  Requests/sec: 1168.88
Run 8/10...
[DEBUG 20:24:55] Starting kernel sslsniff: sudo example/sslsniff/sslsniff
[DEBUG 20:24:57] Running wrk with command: wrk https://127.0.0.1:4043/index.html -c 100 -d 10
[DEBUG 20:25:07] Parsing wrk output: Running 10s test @ https://127.0.0.1:4043/index.html
  2 threads and 100 connections
  Thread Stats ...
[DEBUG 20:25:07] Killing sslsniff
  Requests/sec: 1171.56
Run 9/10...
[DEBUG 20:25:08] Starting kernel sslsniff: sudo example/sslsniff/sslsniff
[DEBUG 20:25:10] Running wrk with command: wrk https://127.0.0.1:4043/index.html -c 100 -d 10
[DEBUG 20:25:20] Parsing wrk output: Running 10s test @ https://127.0.0.1:4043/index.html
  2 threads and 100 connections
  Thread Stats ...
[DEBUG 20:25:20] Killing sslsniff
  Requests/sec: 1161.43
Run 10/10...
[DEBUG 20:25:21] Starting kernel sslsniff: sudo example/sslsniff/sslsniff
[DEBUG 20:25:23] Running wrk with command: wrk https://127.0.0.1:4043/index.html -c 100 -d 10
[DEBUG 20:25:33] Parsing wrk output: Running 10s test @ https://127.0.0.1:4043/index.html
  2 threads and 100 connections
  Thread Stats ...
[DEBUG 20:25:33] Killing sslsniff
  Requests/sec: 1208.97
[DEBUG 20:25:34] Terminating nginx

=== Running bpftime sslsniff Tests ===
[DEBUG 20:25:34] Cleaning up processes...
[DEBUG 20:25:34] Found nginx PIDs: []
[DEBUG 20:25:34] Found sslsniff PIDs: []
[DEBUG 20:25:35] After cleanup: nginx PIDs: [], sslsniff PIDs: []
[DEBUG 20:25:35] Removing access log: /bpftime/benchmark/ssl-nginx/access.log
[DEBUG 20:25:35] Access log removed successfully
[DEBUG 20:25:35] Checking file: /bpftime/example/sslsniff/sslsniff - EXISTS
[DEBUG 20:25:35] Checking file: /bpftime/build/runtime/agent/libbpftime-agent.so - EXISTS
[DEBUG 20:25:35] Checking file: /bpftime/build/runtime/syscall-server/libbpftime-syscall-server.so - EXISTS
Run 1/10...
[DEBUG 20:25:35] Starting sslsniff with bpftime: LD_PRELOAD=build/runtime/syscall-server/libbpftime-syscall-server.so example/sslsniff/sslsniff
[DEBUG 20:25:37] Starting nginx with bpftime: LD_PRELOAD=build/runtime/agent/libbpftime-agent.so nginx -c /bpftime/benchmark/ssl-nginx/nginx.conf -p /bpftime/benchmark/ssl-nginx
[DEBUG 20:25:39] Running wrk with command: wrk https://127.0.0.1:4043/index.html -c 100 -d 10
[DEBUG 20:25:49] Parsing wrk output: Running 10s test @ https://127.0.0.1:4043/index.html
  2 threads and 100 connections
  Thread Stats ...
  Requests/sec: 1019.06
[DEBUG 20:25:49] Terminating processes
[DEBUG 20:25:49] Cleaning up processes...
[DEBUG 20:25:49] Found nginx PIDs: []
[DEBUG 20:25:49] Found sslsniff PIDs: []
[DEBUG 20:25:50] After cleanup: nginx PIDs: [], sslsniff PIDs: []
Run 2/10...
[DEBUG 20:25:50] Starting sslsniff with bpftime: LD_PRELOAD=build/runtime/syscall-server/libbpftime-syscall-server.so example/sslsniff/sslsniff
[DEBUG 20:25:52] Starting nginx with bpftime: LD_PRELOAD=build/runtime/agent/libbpftime-agent.so nginx -c /bpftime/benchmark/ssl-nginx/nginx.conf -p /bpftime/benchmark/ssl-nginx
[DEBUG 20:25:54] Running wrk with command: wrk https://127.0.0.1:4043/index.html -c 100 -d 10
[DEBUG 20:26:04] Parsing wrk output: Running 10s test @ https://127.0.0.1:4043/index.html
  2 threads and 100 connections
  Thread Stats ...
  Requests/sec: 1082.84
[DEBUG 20:26:04] Terminating processes
[DEBUG 20:26:04] Cleaning up processes...
[DEBUG 20:26:05] Found nginx PIDs: []
[DEBUG 20:26:05] Found sslsniff PIDs: []
[DEBUG 20:26:06] After cleanup: nginx PIDs: [], sslsniff PIDs: []
Run 3/10...
[DEBUG 20:26:06] Starting sslsniff with bpftime: LD_PRELOAD=build/runtime/syscall-server/libbpftime-syscall-server.so example/sslsniff/sslsniff
[DEBUG 20:26:08] Starting nginx with bpftime: LD_PRELOAD=build/runtime/agent/libbpftime-agent.so nginx -c /bpftime/benchmark/ssl-nginx/nginx.conf -p /bpftime/benchmark/ssl-nginx
[DEBUG 20:26:10] Running wrk with command: wrk https://127.0.0.1:4043/index.html -c 100 -d 10
[DEBUG 20:26:20] Parsing wrk output: Running 10s test @ https://127.0.0.1:4043/index.html
  2 threads and 100 connections
  Thread Stats ...
  Requests/sec: 1090.54
[DEBUG 20:26:20] Terminating processes
[DEBUG 20:26:20] Cleaning up processes...
[DEBUG 20:26:20] Found nginx PIDs: []
[DEBUG 20:26:20] Found sslsniff PIDs: []
[DEBUG 20:26:21] After cleanup: nginx PIDs: [], sslsniff PIDs: []
Run 4/10...
[DEBUG 20:26:21] Starting sslsniff with bpftime: LD_PRELOAD=build/runtime/syscall-server/libbpftime-syscall-server.so example/sslsniff/sslsniff
[DEBUG 20:26:23] Starting nginx with bpftime: LD_PRELOAD=build/runtime/agent/libbpftime-agent.so nginx -c /bpftime/benchmark/ssl-nginx/nginx.conf -p /bpftime/benchmark/ssl-nginx
[DEBUG 20:26:25] Running wrk with command: wrk https://127.0.0.1:4043/index.html -c 100 -d 10
[DEBUG 20:26:35] Parsing wrk output: Running 10s test @ https://127.0.0.1:4043/index.html
  2 threads and 100 connections
  Thread Stats ...
  Requests/sec: 1031.00
[DEBUG 20:26:35] Terminating processes
[DEBUG 20:26:35] Cleaning up processes...
[DEBUG 20:26:35] Found nginx PIDs: []
[DEBUG 20:26:35] Found sslsniff PIDs: []
[DEBUG 20:26:36] After cleanup: nginx PIDs: [], sslsniff PIDs: []
Run 5/10...
[DEBUG 20:26:36] Starting sslsniff with bpftime: LD_PRELOAD=build/runtime/syscall-server/libbpftime-syscall-server.so example/sslsniff/sslsniff
[DEBUG 20:26:38] Starting nginx with bpftime: LD_PRELOAD=build/runtime/agent/libbpftime-agent.so nginx -c /bpftime/benchmark/ssl-nginx/nginx.conf -p /bpftime/benchmark/ssl-nginx
[DEBUG 20:26:40] Running wrk with command: wrk https://127.0.0.1:4043/index.html -c 100 -d 10
[DEBUG 20:26:50] Parsing wrk output: Running 10s test @ https://127.0.0.1:4043/index.html
  2 threads and 100 connections
  Thread Stats ...
  Requests/sec: 1102.65
[DEBUG 20:26:50] Terminating processes
[DEBUG 20:26:50] Cleaning up processes...
[DEBUG 20:26:50] Found nginx PIDs: []
[DEBUG 20:26:50] Found sslsniff PIDs: []
[DEBUG 20:26:51] After cleanup: nginx PIDs: [], sslsniff PIDs: []
Run 6/10...
[DEBUG 20:26:51] Starting sslsniff with bpftime: LD_PRELOAD=build/runtime/syscall-server/libbpftime-syscall-server.so example/sslsniff/sslsniff
[DEBUG 20:26:53] Starting nginx with bpftime: LD_PRELOAD=build/runtime/agent/libbpftime-agent.so nginx -c /bpftime/benchmark/ssl-nginx/nginx.conf -p /bpftime/benchmark/ssl-nginx
[DEBUG 20:26:55] Running wrk with command: wrk https://127.0.0.1:4043/index.html -c 100 -d 10
[DEBUG 20:27:05] Parsing wrk output: Running 10s test @ https://127.0.0.1:4043/index.html
  2 threads and 100 connections
  Thread Stats ...
  Requests/sec: 1081.36
[DEBUG 20:27:05] Terminating processes
[DEBUG 20:27:05] Cleaning up processes...
[DEBUG 20:27:05] Found nginx PIDs: []
[DEBUG 20:27:05] Found sslsniff PIDs: []
[DEBUG 20:27:06] After cleanup: nginx PIDs: [], sslsniff PIDs: []
Run 7/10...
[DEBUG 20:27:06] Starting sslsniff with bpftime: LD_PRELOAD=build/runtime/syscall-server/libbpftime-syscall-server.so example/sslsniff/sslsniff
[DEBUG 20:27:08] Starting nginx with bpftime: LD_PRELOAD=build/runtime/agent/libbpftime-agent.so nginx -c /bpftime/benchmark/ssl-nginx/nginx.conf -p /bpftime/benchmark/ssl-nginx
[DEBUG 20:27:10] Running wrk with command: wrk https://127.0.0.1:4043/index.html -c 100 -d 10
[DEBUG 20:27:21] Parsing wrk output: Running 10s test @ https://127.0.0.1:4043/index.html
  2 threads and 100 connections
  Thread Stats ...
  Requests/sec: 979.20
[DEBUG 20:27:21] Terminating processes
[DEBUG 20:27:21] Cleaning up processes...
[DEBUG 20:27:21] Found nginx PIDs: []
[DEBUG 20:27:21] Found sslsniff PIDs: []
[DEBUG 20:27:22] After cleanup: nginx PIDs: [], sslsniff PIDs: []
Run 8/10...
[DEBUG 20:27:22] Starting sslsniff with bpftime: LD_PRELOAD=build/runtime/syscall-server/libbpftime-syscall-server.so example/sslsniff/sslsniff
[DEBUG 20:27:24] Starting nginx with bpftime: LD_PRELOAD=build/runtime/agent/libbpftime-agent.so nginx -c /bpftime/benchmark/ssl-nginx/nginx.conf -p /bpftime/benchmark/ssl-nginx
[DEBUG 20:27:26] Running wrk with command: wrk https://127.0.0.1:4043/index.html -c 100 -d 10
[DEBUG 20:27:36] Parsing wrk output: Running 10s test @ https://127.0.0.1:4043/index.html
  2 threads and 100 connections
  Thread Stats ...
  Requests/sec: 1043.49
[DEBUG 20:27:36] Terminating processes
[DEBUG 20:27:36] Cleaning up processes...
[DEBUG 20:27:36] Found nginx PIDs: []
[DEBUG 20:27:36] Found sslsniff PIDs: []
[DEBUG 20:27:37] After cleanup: nginx PIDs: [], sslsniff PIDs: []
Run 9/10...
[DEBUG 20:27:37] Starting sslsniff with bpftime: LD_PRELOAD=build/runtime/syscall-server/libbpftime-syscall-server.so example/sslsniff/sslsniff
[DEBUG 20:27:39] Starting nginx with bpftime: LD_PRELOAD=build/runtime/agent/libbpftime-agent.so nginx -c /bpftime/benchmark/ssl-nginx/nginx.conf -p /bpftime/benchmark/ssl-nginx
[DEBUG 20:27:41] Running wrk with command: wrk https://127.0.0.1:4043/index.html -c 100 -d 10
[DEBUG 20:27:51] Parsing wrk output: Running 10s test @ https://127.0.0.1:4043/index.html
  2 threads and 100 connections
  Thread Stats ...
  Requests/sec: 1088.48
[DEBUG 20:27:51] Terminating processes
[DEBUG 20:27:51] Cleaning up processes...
[DEBUG 20:27:51] Found nginx PIDs: []
[DEBUG 20:27:51] Found sslsniff PIDs: []
[DEBUG 20:27:52] After cleanup: nginx PIDs: [], sslsniff PIDs: []
Run 10/10...
[DEBUG 20:27:52] Starting sslsniff with bpftime: LD_PRELOAD=build/runtime/syscall-server/libbpftime-syscall-server.so example/sslsniff/sslsniff
[DEBUG 20:27:54] Starting nginx with bpftime: LD_PRELOAD=build/runtime/agent/libbpftime-agent.so nginx -c /bpftime/benchmark/ssl-nginx/nginx.conf -p /bpftime/benchmark/ssl-nginx
[DEBUG 20:27:56] Running wrk with command: wrk https://127.0.0.1:4043/index.html -c 100 -d 10
[DEBUG 20:28:06] Parsing wrk output: Running 10s test @ https://127.0.0.1:4043/index.html
  2 threads and 100 connections
  Thread Stats ...
  Requests/sec: 1048.76
[DEBUG 20:28:06] Terminating processes
[DEBUG 20:28:06] Cleaning up processes...
[DEBUG 20:28:06] Found nginx PIDs: []
[DEBUG 20:28:06] Found sslsniff PIDs: []
[DEBUG 20:28:07] After cleanup: nginx PIDs: [], sslsniff PIDs: []

=== Benchmark Results ===
Each configuration run 10 times

Baseline:
  Requests/sec (mean):   1637.09
  Requests/sec (median): 1634.27
  Standard deviation:    25.26
  Min:                   1606.41
  Max:                   1685.50
  All runs:              [1685.5, 1624.39, 1620.58, 1606.89, 1651.44, 1644.15, 1653.61, 1655.96, 1606.41, 1621.96]

Kernel Sslsniff:
  Requests/sec (mean):   1178.62
  Requests/sec (median): 1173.92
  Standard deviation:    17.48
  Min:                   1161.43
  Max:                   1210.98
  All runs:              [1210.98, 1175.48, 1173.35, 1161.68, 1174.49, 1179.36, 1168.88, 1171.56, 1161.43, 1208.97]

Bpftime Sslsniff:
  Requests/sec (mean):   1056.74
  Requests/sec (median): 1065.06
  Standard deviation:    39.27
  Min:                   979.20
  Max:                   1102.65
  All runs:              [1019.06, 1082.84, 1090.54, 1031.0, 1102.65, 1081.36, 979.2, 1043.49, 1088.48, 1048.76]

Kernel sslsniff performance impact: 28.01% decrease
bpftime sslsniff performance impact: 35.45% decrease
bpftime improvement over kernel: -10.34%

Results saved to benchmark/ssl-nginx/benchmark_results_20260725_202807.json
[DEBUG 20:28:07] Cleaning up before exit
[DEBUG 20:28:07] Cleaning up processes...
[DEBUG 20:28:07] Found nginx PIDs: []
[DEBUG 20:28:07] Found sslsniff PIDs: []
[DEBUG 20:28:08] After cleanup: nginx PIDs: [], sslsniff PIDs: []


Results saved to benchmark/ssl-nginx/size_benchmark_20260725_202810.json and benchmark/ssl-nginx/size_benchmark_20260725_202810.txt

Benchmark completed successfully!
