
=== Running benchmark for 16b file ===
Generating test file of size 16b...
  Created benchmark/ssl-nginx/index.html (16 bytes)
[DEBUG 16:30:22] Starting benchmark script
[DEBUG 16:30:22] Current working directory: /bpftime
[DEBUG 16:30:22] Checking command: nginx - EXISTS
[DEBUG 16:30:22]   Path: /usr/sbin/nginx
[DEBUG 16:30:22] Checking file: /bpftime/build/runtime/agent/libbpftime-agent.so - EXISTS
[DEBUG 16:30:22] Checking file: /bpftime/build/runtime/syscall-server/libbpftime-syscall-server.so - EXISTS
[DEBUG 16:30:22] Checking file: /bpftime/example/sslsniff/sslsniff - EXISTS
[DEBUG 16:30:22] Checking command: wrk - EXISTS
[DEBUG 16:30:22]   Path: /usr/bin/wrk

=== Running Baseline Tests ===
[DEBUG 16:30:22] Cleaning up processes...
[DEBUG 16:30:22] Found nginx PIDs: []
[DEBUG 16:30:22] Found sslsniff PIDs: []
[DEBUG 16:30:23] After cleanup: nginx PIDs: [], sslsniff PIDs: []
[DEBUG 16:30:23] Removing access log: /bpftime/benchmark/ssl-nginx/access.log
[DEBUG 16:30:23] Access log removed successfully
[DEBUG 16:30:23] Checking command: nginx - EXISTS
[DEBUG 16:30:23]   Path: /usr/sbin/nginx
[DEBUG 16:30:23] Current directory: /bpftime
[DEBUG 16:30:23] Checking if nginx.conf exists: True
[DEBUG 16:30:23] Starting nginx with command: nginx -c /bpftime/benchmark/ssl-nginx/nginx.conf -p /bpftime/benchmark/ssl-nginx
[DEBUG 16:30:25] nginx started successfully
[DEBUG 16:30:25] Error checking nginx: [Errno 2] No such file or directory: 'curl'
Run 1/10...
[DEBUG 16:30:25] Running wrk with command: wrk https://127.0.0.1:4043/index.html -c 100 -d 10
[DEBUG 16:30:36] wrk exit code: 0
[DEBUG 16:30:36] Parsing wrk output: Running 10s test @ https://127.0.0.1:4043/index.html
  2 threads and 100 connections
  Thread Stats ...
  Requests/sec: 16609.93
Run 2/10...
[DEBUG 16:30:36] Running wrk with command: wrk https://127.0.0.1:4043/index.html -c 100 -d 10
[DEBUG 16:30:46] wrk exit code: 0
[DEBUG 16:30:46] Parsing wrk output: Running 10s test @ https://127.0.0.1:4043/index.html
  2 threads and 100 connections
  Thread Stats ...
  Requests/sec: 16732.68
Run 3/10...
[DEBUG 16:30:46] Running wrk with command: wrk https://127.0.0.1:4043/index.html -c 100 -d 10
[DEBUG 16:30:56] wrk exit code: 0
[DEBUG 16:30:56] Parsing wrk output: Running 10s test @ https://127.0.0.1:4043/index.html
  2 threads and 100 connections
  Thread Stats ...
  Requests/sec: 16702.47
Run 4/10...
[DEBUG 16:30:56] Running wrk with command: wrk https://127.0.0.1:4043/index.html -c 100 -d 10
[DEBUG 16:31:06] wrk exit code: 0
[DEBUG 16:31:06] Parsing wrk output: Running 10s test @ https://127.0.0.1:4043/index.html
  2 threads and 100 connections
  Thread Stats ...
  Requests/sec: 16580.59
Run 5/10...
[DEBUG 16:31:06] Running wrk with command: wrk https://127.0.0.1:4043/index.html -c 100 -d 10
[DEBUG 16:31:16] wrk exit code: 0
[DEBUG 16:31:16] Parsing wrk output: Running 10s test @ https://127.0.0.1:4043/index.html
  2 threads and 100 connections
  Thread Stats ...
  Requests/sec: 16554.82
Run 6/10...
[DEBUG 16:31:16] Running wrk with command: wrk https://127.0.0.1:4043/index.html -c 100 -d 10
[DEBUG 16:31:26] wrk exit code: 0
[DEBUG 16:31:26] Parsing wrk output: Running 10s test @ https://127.0.0.1:4043/index.html
  2 threads and 100 connections
  Thread Stats ...
  Requests/sec: 16706.18
Run 7/10...
[DEBUG 16:31:26] Running wrk with command: wrk https://127.0.0.1:4043/index.html -c 100 -d 10
[DEBUG 16:31:36] wrk exit code: 0
[DEBUG 16:31:36] Parsing wrk output: Running 10s test @ https://127.0.0.1:4043/index.html
  2 threads and 100 connections
  Thread Stats ...
  Requests/sec: 16606.39
Run 8/10...
[DEBUG 16:31:36] Running wrk with command: wrk https://127.0.0.1:4043/index.html -c 100 -d 10
[DEBUG 16:31:46] wrk exit code: 0
[DEBUG 16:31:46] Parsing wrk output: Running 10s test @ https://127.0.0.1:4043/index.html
  2 threads and 100 connections
  Thread Stats ...
  Requests/sec: 16706.35
Run 9/10...
[DEBUG 16:31:46] Running wrk with command: wrk https://127.0.0.1:4043/index.html -c 100 -d 10
[DEBUG 16:31:56] wrk exit code: 0
[DEBUG 16:31:56] Parsing wrk output: Running 10s test @ https://127.0.0.1:4043/index.html
  2 threads and 100 connections
  Thread Stats ...
  Requests/sec: 16001.10
Run 10/10...
[DEBUG 16:31:56] Running wrk with command: wrk https://127.0.0.1:4043/index.html -c 100 -d 10
[DEBUG 16:32:06] wrk exit code: 0
[DEBUG 16:32:06] Parsing wrk output: Running 10s test @ https://127.0.0.1:4043/index.html
  2 threads and 100 connections
  Thread Stats ...
  Requests/sec: 16328.61
[DEBUG 16:32:06] Terminating nginx

=== Running Kernel sslsniff Tests ===
[DEBUG 16:32:06] Cleaning up processes...
[DEBUG 16:32:06] Found nginx PIDs: []
[DEBUG 16:32:06] Found sslsniff PIDs: []
[DEBUG 16:32:07] After cleanup: nginx PIDs: [], sslsniff PIDs: []
[DEBUG 16:32:07] Removing access log: /bpftime/benchmark/ssl-nginx/access.log
[DEBUG 16:32:07] Access log removed successfully
[DEBUG 16:32:07] Checking file: /bpftime/example/sslsniff/sslsniff - EXISTS
[DEBUG 16:32:07] Starting nginx with command: nginx -c /bpftime/benchmark/ssl-nginx/nginx.conf -p /bpftime/benchmark/ssl-nginx
Run 1/10...
[DEBUG 16:32:09] Starting kernel sslsniff: sudo example/sslsniff/sslsniff
[DEBUG 16:32:11] Running wrk with command: wrk https://127.0.0.1:4043/index.html -c 100 -d 10
[DEBUG 16:32:22] Parsing wrk output: Running 10s test @ https://127.0.0.1:4043/index.html
  2 threads and 100 connections
  Thread Stats ...
[DEBUG 16:32:22] Killing sslsniff
  Requests/sec: 13041.02
Run 2/10...
[DEBUG 16:32:23] Starting kernel sslsniff: sudo example/sslsniff/sslsniff
[DEBUG 16:32:25] Running wrk with command: wrk https://127.0.0.1:4043/index.html -c 100 -d 10
[DEBUG 16:32:35] Parsing wrk output: Running 10s test @ https://127.0.0.1:4043/index.html
  2 threads and 100 connections
  Thread Stats ...
[DEBUG 16:32:35] Killing sslsniff
  Requests/sec: 13195.78
Run 3/10...
[DEBUG 16:32:36] Starting kernel sslsniff: sudo example/sslsniff/sslsniff
[DEBUG 16:32:38] Running wrk with command: wrk https://127.0.0.1:4043/index.html -c 100 -d 10
[DEBUG 16:32:48] Parsing wrk output: Running 10s test @ https://127.0.0.1:4043/index.html
  2 threads and 100 connections
  Thread Stats ...
[DEBUG 16:32:48] Killing sslsniff
  Requests/sec: 12853.89
Run 4/10...
[DEBUG 16:32:49] Starting kernel sslsniff: sudo example/sslsniff/sslsniff
[DEBUG 16:32:51] Running wrk with command: wrk https://127.0.0.1:4043/index.html -c 100 -d 10
[DEBUG 16:33:01] Parsing wrk output: Running 10s test @ https://127.0.0.1:4043/index.html
  2 threads and 100 connections
  Thread Stats ...
[DEBUG 16:33:01] Killing sslsniff
  Requests/sec: 13024.51
Run 5/10...
[DEBUG 16:33:02] Starting kernel sslsniff: sudo example/sslsniff/sslsniff
[DEBUG 16:33:04] Running wrk with command: wrk https://127.0.0.1:4043/index.html -c 100 -d 10
[DEBUG 16:33:14] Parsing wrk output: Running 10s test @ https://127.0.0.1:4043/index.html
  2 threads and 100 connections
  Thread Stats ...
[DEBUG 16:33:14] Killing sslsniff
  Requests/sec: 12524.22
Run 6/10...
[DEBUG 16:33:15] Starting kernel sslsniff: sudo example/sslsniff/sslsniff
[DEBUG 16:33:17] Running wrk with command: wrk https://127.0.0.1:4043/index.html -c 100 -d 10
[DEBUG 16:33:27] Parsing wrk output: Running 10s test @ https://127.0.0.1:4043/index.html
  2 threads and 100 connections
  Thread Stats ...
[DEBUG 16:33:27] Killing sslsniff
  Requests/sec: 12645.44
Run 7/10...
[DEBUG 16:33:28] Starting kernel sslsniff: sudo example/sslsniff/sslsniff
[DEBUG 16:33:30] Running wrk with command: wrk https://127.0.0.1:4043/index.html -c 100 -d 10
[DEBUG 16:33:40] Parsing wrk output: Running 10s test @ https://127.0.0.1:4043/index.html
  2 threads and 100 connections
  Thread Stats ...
[DEBUG 16:33:40] Killing sslsniff
  Requests/sec: 13055.57
Run 8/10...
[DEBUG 16:33:41] Starting kernel sslsniff: sudo example/sslsniff/sslsniff
[DEBUG 16:33:43] Running wrk with command: wrk https://127.0.0.1:4043/index.html -c 100 -d 10
[DEBUG 16:33:53] Parsing wrk output: Running 10s test @ https://127.0.0.1:4043/index.html
  2 threads and 100 connections
  Thread Stats ...
[DEBUG 16:33:53] Killing sslsniff
  Requests/sec: 12899.25
Run 9/10...
[DEBUG 16:33:55] Starting kernel sslsniff: sudo example/sslsniff/sslsniff
[DEBUG 16:33:57] Running wrk with command: wrk https://127.0.0.1:4043/index.html -c 100 -d 10
[DEBUG 16:34:07] Parsing wrk output: Running 10s test @ https://127.0.0.1:4043/index.html
  2 threads and 100 connections
  Thread Stats ...
[DEBUG 16:34:07] Killing sslsniff
  Requests/sec: 13141.91
Run 10/10...
[DEBUG 16:34:08] Starting kernel sslsniff: sudo example/sslsniff/sslsniff
[DEBUG 16:34:10] Running wrk with command: wrk https://127.0.0.1:4043/index.html -c 100 -d 10
[DEBUG 16:34:20] Parsing wrk output: Running 10s test @ https://127.0.0.1:4043/index.html
  2 threads and 100 connections
  Thread Stats ...
[DEBUG 16:34:20] Killing sslsniff
  Requests/sec: 13077.97
[DEBUG 16:34:21] Terminating nginx

=== Running bpftime sslsniff Tests ===
[DEBUG 16:34:21] Cleaning up processes...
[DEBUG 16:34:21] Found nginx PIDs: []
[DEBUG 16:34:21] Found sslsniff PIDs: []
[DEBUG 16:34:22] After cleanup: nginx PIDs: [], sslsniff PIDs: []
[DEBUG 16:34:22] Removing access log: /bpftime/benchmark/ssl-nginx/access.log
[DEBUG 16:34:22] Access log removed successfully
[DEBUG 16:34:22] Checking file: /bpftime/example/sslsniff/sslsniff - EXISTS
[DEBUG 16:34:22] Checking file: /bpftime/build/runtime/agent/libbpftime-agent.so - EXISTS
[DEBUG 16:34:22] Checking file: /bpftime/build/runtime/syscall-server/libbpftime-syscall-server.so - EXISTS
Run 1/10...
[DEBUG 16:34:22] Starting sslsniff with bpftime: LD_PRELOAD=build/runtime/syscall-server/libbpftime-syscall-server.so example/sslsniff/sslsniff
[DEBUG 16:34:24] Starting nginx with bpftime: LD_PRELOAD=build/runtime/agent/libbpftime-agent.so nginx -c /bpftime/benchmark/ssl-nginx/nginx.conf -p /bpftime/benchmark/ssl-nginx
[DEBUG 16:34:26] Running wrk with command: wrk https://127.0.0.1:4043/index.html -c 100 -d 10
[DEBUG 16:34:36] Parsing wrk output: Running 10s test @ https://127.0.0.1:4043/index.html
  2 threads and 100 connections
  Thread Stats ...
  Requests/sec: 13778.57
[DEBUG 16:34:36] Terminating processes
[DEBUG 16:34:36] Cleaning up processes...
[DEBUG 16:34:36] Found nginx PIDs: []
[DEBUG 16:34:36] Found sslsniff PIDs: []
[DEBUG 16:34:37] After cleanup: nginx PIDs: [], sslsniff PIDs: []
Run 2/10...
[DEBUG 16:34:37] Starting sslsniff with bpftime: LD_PRELOAD=build/runtime/syscall-server/libbpftime-syscall-server.so example/sslsniff/sslsniff
[DEBUG 16:34:39] Starting nginx with bpftime: LD_PRELOAD=build/runtime/agent/libbpftime-agent.so nginx -c /bpftime/benchmark/ssl-nginx/nginx.conf -p /bpftime/benchmark/ssl-nginx
[DEBUG 16:34:41] Running wrk with command: wrk https://127.0.0.1:4043/index.html -c 100 -d 10
[DEBUG 16:34:51] Parsing wrk output: Running 10s test @ https://127.0.0.1:4043/index.html
  2 threads and 100 connections
  Thread Stats ...
  Requests/sec: 13596.22
[DEBUG 16:34:51] Terminating processes
[DEBUG 16:34:51] Cleaning up processes...
[DEBUG 16:34:51] Found nginx PIDs: []
[DEBUG 16:34:51] Found sslsniff PIDs: []
[DEBUG 16:34:52] After cleanup: nginx PIDs: [], sslsniff PIDs: []
Run 3/10...
[DEBUG 16:34:52] Starting sslsniff with bpftime: LD_PRELOAD=build/runtime/syscall-server/libbpftime-syscall-server.so example/sslsniff/sslsniff
[DEBUG 16:34:54] Starting nginx with bpftime: LD_PRELOAD=build/runtime/agent/libbpftime-agent.so nginx -c /bpftime/benchmark/ssl-nginx/nginx.conf -p /bpftime/benchmark/ssl-nginx
[DEBUG 16:34:56] Running wrk with command: wrk https://127.0.0.1:4043/index.html -c 100 -d 10
[DEBUG 16:35:06] Parsing wrk output: Running 10s test @ https://127.0.0.1:4043/index.html
  2 threads and 100 connections
  Thread Stats ...
  Requests/sec: 13867.15
[DEBUG 16:35:06] Terminating processes
[DEBUG 16:35:06] Cleaning up processes...
[DEBUG 16:35:06] Found nginx PIDs: []
[DEBUG 16:35:06] Found sslsniff PIDs: []
[DEBUG 16:35:07] After cleanup: nginx PIDs: [], sslsniff PIDs: []
Run 4/10...
[DEBUG 16:35:07] Starting sslsniff with bpftime: LD_PRELOAD=build/runtime/syscall-server/libbpftime-syscall-server.so example/sslsniff/sslsniff
[DEBUG 16:35:09] Starting nginx with bpftime: LD_PRELOAD=build/runtime/agent/libbpftime-agent.so nginx -c /bpftime/benchmark/ssl-nginx/nginx.conf -p /bpftime/benchmark/ssl-nginx
[DEBUG 16:35:11] Running wrk with command: wrk https://127.0.0.1:4043/index.html -c 100 -d 10
[DEBUG 16:35:22] Parsing wrk output: Running 10s test @ https://127.0.0.1:4043/index.html
  2 threads and 100 connections
  Thread Stats ...
  Requests/sec: 13783.05
[DEBUG 16:35:22] Terminating processes
[DEBUG 16:35:22] Cleaning up processes...
[DEBUG 16:35:22] Found nginx PIDs: []
[DEBUG 16:35:22] Found sslsniff PIDs: []
[DEBUG 16:35:23] After cleanup: nginx PIDs: [], sslsniff PIDs: []
Run 5/10...
[DEBUG 16:35:23] Starting sslsniff with bpftime: LD_PRELOAD=build/runtime/syscall-server/libbpftime-syscall-server.so example/sslsniff/sslsniff
[DEBUG 16:35:25] Starting nginx with bpftime: LD_PRELOAD=build/runtime/agent/libbpftime-agent.so nginx -c /bpftime/benchmark/ssl-nginx/nginx.conf -p /bpftime/benchmark/ssl-nginx
[DEBUG 16:35:27] Running wrk with command: wrk https://127.0.0.1:4043/index.html -c 100 -d 10
[DEBUG 16:35:37] Parsing wrk output: Running 10s test @ https://127.0.0.1:4043/index.html
  2 threads and 100 connections
  Thread Stats ...
  Requests/sec: 13554.49
[DEBUG 16:35:37] Terminating processes
[DEBUG 16:35:37] Cleaning up processes...
[DEBUG 16:35:37] Found nginx PIDs: []
[DEBUG 16:35:37] Found sslsniff PIDs: []
[DEBUG 16:35:38] After cleanup: nginx PIDs: [], sslsniff PIDs: []
Run 6/10...
[DEBUG 16:35:38] Starting sslsniff with bpftime: LD_PRELOAD=build/runtime/syscall-server/libbpftime-syscall-server.so example/sslsniff/sslsniff
[DEBUG 16:35:40] Starting nginx with bpftime: LD_PRELOAD=build/runtime/agent/libbpftime-agent.so nginx -c /bpftime/benchmark/ssl-nginx/nginx.conf -p /bpftime/benchmark/ssl-nginx
[DEBUG 16:35:42] Running wrk with command: wrk https://127.0.0.1:4043/index.html -c 100 -d 10
[DEBUG 16:35:52] Parsing wrk output: Running 10s test @ https://127.0.0.1:4043/index.html
  2 threads and 100 connections
  Thread Stats ...
  Requests/sec: 13691.51
[DEBUG 16:35:52] Terminating processes
[DEBUG 16:35:52] Cleaning up processes...
[DEBUG 16:35:52] Found nginx PIDs: []
[DEBUG 16:35:52] Found sslsniff PIDs: []
[DEBUG 16:35:53] After cleanup: nginx PIDs: [], sslsniff PIDs: []
Run 7/10...
[DEBUG 16:35:53] Starting sslsniff with bpftime: LD_PRELOAD=build/runtime/syscall-server/libbpftime-syscall-server.so example/sslsniff/sslsniff
[DEBUG 16:35:55] Starting nginx with bpftime: LD_PRELOAD=build/runtime/agent/libbpftime-agent.so nginx -c /bpftime/benchmark/ssl-nginx/nginx.conf -p /bpftime/benchmark/ssl-nginx
[DEBUG 16:35:57] Running wrk with command: wrk https://127.0.0.1:4043/index.html -c 100 -d 10
[DEBUG 16:36:07] Parsing wrk output: Running 10s test @ https://127.0.0.1:4043/index.html
  2 threads and 100 connections
  Thread Stats ...
  Requests/sec: 13629.61
[DEBUG 16:36:07] Terminating processes
[DEBUG 16:36:07] Cleaning up processes...
[DEBUG 16:36:07] Found nginx PIDs: []
[DEBUG 16:36:07] Found sslsniff PIDs: []
[DEBUG 16:36:08] After cleanup: nginx PIDs: [], sslsniff PIDs: []
Run 8/10...
[DEBUG 16:36:08] Starting sslsniff with bpftime: LD_PRELOAD=build/runtime/syscall-server/libbpftime-syscall-server.so example/sslsniff/sslsniff
[DEBUG 16:36:10] Starting nginx with bpftime: LD_PRELOAD=build/runtime/agent/libbpftime-agent.so nginx -c /bpftime/benchmark/ssl-nginx/nginx.conf -p /bpftime/benchmark/ssl-nginx
[DEBUG 16:36:12] Running wrk with command: wrk https://127.0.0.1:4043/index.html -c 100 -d 10
[DEBUG 16:36:22] Parsing wrk output: Running 10s test @ https://127.0.0.1:4043/index.html
  2 threads and 100 connections
  Thread Stats ...
  Requests/sec: 13778.96
[DEBUG 16:36:22] Terminating processes
[DEBUG 16:36:22] Cleaning up processes...
[DEBUG 16:36:22] Found nginx PIDs: []
[DEBUG 16:36:22] Found sslsniff PIDs: []
[DEBUG 16:36:23] After cleanup: nginx PIDs: [], sslsniff PIDs: []
Run 9/10...
[DEBUG 16:36:23] Starting sslsniff with bpftime: LD_PRELOAD=build/runtime/syscall-server/libbpftime-syscall-server.so example/sslsniff/sslsniff
[DEBUG 16:36:25] Starting nginx with bpftime: LD_PRELOAD=build/runtime/agent/libbpftime-agent.so nginx -c /bpftime/benchmark/ssl-nginx/nginx.conf -p /bpftime/benchmark/ssl-nginx
[DEBUG 16:36:27] Running wrk with command: wrk https://127.0.0.1:4043/index.html -c 100 -d 10
[DEBUG 16:36:38] Parsing wrk output: Running 10s test @ https://127.0.0.1:4043/index.html
  2 threads and 100 connections
  Thread Stats ...
  Requests/sec: 13493.24
[DEBUG 16:36:38] Terminating processes
[DEBUG 16:36:38] Cleaning up processes...
[DEBUG 16:36:38] Found nginx PIDs: []
[DEBUG 16:36:38] Found sslsniff PIDs: []
[DEBUG 16:36:39] After cleanup: nginx PIDs: [], sslsniff PIDs: []
Run 10/10...
[DEBUG 16:36:39] Starting sslsniff with bpftime: LD_PRELOAD=build/runtime/syscall-server/libbpftime-syscall-server.so example/sslsniff/sslsniff
[DEBUG 16:36:41] Starting nginx with bpftime: LD_PRELOAD=build/runtime/agent/libbpftime-agent.so nginx -c /bpftime/benchmark/ssl-nginx/nginx.conf -p /bpftime/benchmark/ssl-nginx
[DEBUG 16:36:43] Running wrk with command: wrk https://127.0.0.1:4043/index.html -c 100 -d 10
[DEBUG 16:36:53] Parsing wrk output: Running 10s test @ https://127.0.0.1:4043/index.html
  2 threads and 100 connections
  Thread Stats ...
  Requests/sec: 13595.53
[DEBUG 16:36:53] Terminating processes
[DEBUG 16:36:53] Cleaning up processes...
[DEBUG 16:36:53] Found nginx PIDs: []
[DEBUG 16:36:53] Found sslsniff PIDs: []
[DEBUG 16:36:54] After cleanup: nginx PIDs: [], sslsniff PIDs: []

=== Benchmark Results ===
Each configuration run 10 times

Baseline:
  Requests/sec (mean):   16552.91
  Requests/sec (median): 16608.16
  Standard deviation:    226.91
  Min:                   16001.10
  Max:                   16732.68
  All runs:              [16609.93, 16732.68, 16702.47, 16580.59, 16554.82, 16706.18, 16606.39, 16706.35, 16001.1, 16328.61]

Kernel Sslsniff:
  Requests/sec (mean):   12945.96
  Requests/sec (median): 13032.76
  Standard deviation:    217.13
  Min:                   12524.22
  Max:                   13195.78
  All runs:              [13041.02, 13195.78, 12853.89, 13024.51, 12524.22, 12645.44, 13055.57, 12899.25, 13141.91, 13077.97]

Bpftime Sslsniff:
  Requests/sec (mean):   13676.83
  Requests/sec (median): 13660.56
  Standard deviation:    121.34
  Min:                   13493.24
  Max:                   13867.15
  All runs:              [13778.57, 13596.22, 13867.15, 13783.05, 13554.49, 13691.51, 13629.61, 13778.96, 13493.24, 13595.53]

Kernel sslsniff performance impact: 21.79% decrease
bpftime sslsniff performance impact: 17.38% decrease
bpftime improvement over kernel: 5.65%

Results saved to benchmark/ssl-nginx/benchmark_results_20260724_163654.json
[DEBUG 16:36:54] Cleaning up before exit
[DEBUG 16:36:54] Cleaning up processes...
[DEBUG 16:36:54] Found nginx PIDs: []
[DEBUG 16:36:54] Found sslsniff PIDs: []
[DEBUG 16:36:55] After cleanup: nginx PIDs: [], sslsniff PIDs: []


=== Running benchmark for 1kb file ===
Generating test file of size 1kb...
  Created benchmark/ssl-nginx/index.html (1024 bytes)
[DEBUG 16:36:57] Starting benchmark script
[DEBUG 16:36:57] Current working directory: /bpftime
[DEBUG 16:36:57] Checking command: nginx - EXISTS
[DEBUG 16:36:57]   Path: /usr/sbin/nginx
[DEBUG 16:36:57] Checking file: /bpftime/build/runtime/agent/libbpftime-agent.so - EXISTS
[DEBUG 16:36:57] Checking file: /bpftime/build/runtime/syscall-server/libbpftime-syscall-server.so - EXISTS
[DEBUG 16:36:57] Checking file: /bpftime/example/sslsniff/sslsniff - EXISTS
[DEBUG 16:36:57] Checking command: wrk - EXISTS
[DEBUG 16:36:57]   Path: /usr/bin/wrk

=== Running Baseline Tests ===
[DEBUG 16:36:57] Cleaning up processes...
[DEBUG 16:36:57] Found nginx PIDs: []
[DEBUG 16:36:57] Found sslsniff PIDs: []
[DEBUG 16:36:58] After cleanup: nginx PIDs: [], sslsniff PIDs: []
[DEBUG 16:36:58] Removing access log: /bpftime/benchmark/ssl-nginx/access.log
[DEBUG 16:36:58] Access log removed successfully
[DEBUG 16:36:58] Checking command: nginx - EXISTS
[DEBUG 16:36:58]   Path: /usr/sbin/nginx
[DEBUG 16:36:58] Current directory: /bpftime
[DEBUG 16:36:58] Checking if nginx.conf exists: True
[DEBUG 16:36:58] Starting nginx with command: nginx -c /bpftime/benchmark/ssl-nginx/nginx.conf -p /bpftime/benchmark/ssl-nginx
[DEBUG 16:37:00] nginx started successfully
[DEBUG 16:37:00] Error checking nginx: [Errno 2] No such file or directory: 'curl'
Run 1/10...
[DEBUG 16:37:00] Running wrk with command: wrk https://127.0.0.1:4043/index.html -c 100 -d 10
[DEBUG 16:37:10] wrk exit code: 0
[DEBUG 16:37:10] Parsing wrk output: Running 10s test @ https://127.0.0.1:4043/index.html
  2 threads and 100 connections
  Thread Stats ...
  Requests/sec: 16217.77
Run 2/10...
[DEBUG 16:37:10] Running wrk with command: wrk https://127.0.0.1:4043/index.html -c 100 -d 10
[DEBUG 16:37:20] wrk exit code: 0
[DEBUG 16:37:20] Parsing wrk output: Running 10s test @ https://127.0.0.1:4043/index.html
  2 threads and 100 connections
  Thread Stats ...
  Requests/sec: 15949.42
Run 3/10...
[DEBUG 16:37:20] Running wrk with command: wrk https://127.0.0.1:4043/index.html -c 100 -d 10
[DEBUG 16:37:30] wrk exit code: 0
[DEBUG 16:37:30] Parsing wrk output: Running 10s test @ https://127.0.0.1:4043/index.html
  2 threads and 100 connections
  Thread Stats ...
  Requests/sec: 16144.02
Run 4/10...
[DEBUG 16:37:30] Running wrk with command: wrk https://127.0.0.1:4043/index.html -c 100 -d 10
[DEBUG 16:37:41] wrk exit code: 0
[DEBUG 16:37:41] Parsing wrk output: Running 10s test @ https://127.0.0.1:4043/index.html
  2 threads and 100 connections
  Thread Stats ...
  Requests/sec: 15608.38
Run 5/10...
[DEBUG 16:37:41] Running wrk with command: wrk https://127.0.0.1:4043/index.html -c 100 -d 10
[DEBUG 16:37:51] wrk exit code: 0
[DEBUG 16:37:51] Parsing wrk output: Running 10s test @ https://127.0.0.1:4043/index.html
  2 threads and 100 connections
  Thread Stats ...
  Requests/sec: 15726.74
Run 6/10...
[DEBUG 16:37:51] Running wrk with command: wrk https://127.0.0.1:4043/index.html -c 100 -d 10
[DEBUG 16:38:01] wrk exit code: 0
[DEBUG 16:38:01] Parsing wrk output: Running 10s test @ https://127.0.0.1:4043/index.html
  2 threads and 100 connections
  Thread Stats ...
  Requests/sec: 15443.39
Run 7/10...
[DEBUG 16:38:01] Running wrk with command: wrk https://127.0.0.1:4043/index.html -c 100 -d 10
[DEBUG 16:38:11] wrk exit code: 0
[DEBUG 16:38:11] Parsing wrk output: Running 10s test @ https://127.0.0.1:4043/index.html
  2 threads and 100 connections
  Thread Stats ...
  Requests/sec: 15788.53
Run 8/10...
[DEBUG 16:38:11] Running wrk with command: wrk https://127.0.0.1:4043/index.html -c 100 -d 10
[DEBUG 16:38:21] wrk exit code: 0
[DEBUG 16:38:21] Parsing wrk output: Running 10s test @ https://127.0.0.1:4043/index.html
  2 threads and 100 connections
  Thread Stats ...
  Requests/sec: 15955.07
Run 9/10...
[DEBUG 16:38:21] Running wrk with command: wrk https://127.0.0.1:4043/index.html -c 100 -d 10
[DEBUG 16:38:31] wrk exit code: 0
[DEBUG 16:38:31] Parsing wrk output: Running 10s test @ https://127.0.0.1:4043/index.html
  2 threads and 100 connections
  Thread Stats ...
  Requests/sec: 15916.55
Run 10/10...
[DEBUG 16:38:31] Running wrk with command: wrk https://127.0.0.1:4043/index.html -c 100 -d 10
[DEBUG 16:38:41] wrk exit code: 0
[DEBUG 16:38:41] Parsing wrk output: Running 10s test @ https://127.0.0.1:4043/index.html
  2 threads and 100 connections
  Thread Stats ...
  Requests/sec: 15678.89
[DEBUG 16:38:41] Terminating nginx

=== Running Kernel sslsniff Tests ===
[DEBUG 16:38:41] Cleaning up processes...
[DEBUG 16:38:41] Found nginx PIDs: []
[DEBUG 16:38:41] Found sslsniff PIDs: []
[DEBUG 16:38:42] After cleanup: nginx PIDs: [], sslsniff PIDs: []
[DEBUG 16:38:42] Removing access log: /bpftime/benchmark/ssl-nginx/access.log
[DEBUG 16:38:42] Access log removed successfully
[DEBUG 16:38:42] Checking file: /bpftime/example/sslsniff/sslsniff - EXISTS
[DEBUG 16:38:42] Starting nginx with command: nginx -c /bpftime/benchmark/ssl-nginx/nginx.conf -p /bpftime/benchmark/ssl-nginx
Run 1/10...
[DEBUG 16:38:44] Starting kernel sslsniff: sudo example/sslsniff/sslsniff
[DEBUG 16:38:46] Running wrk with command: wrk https://127.0.0.1:4043/index.html -c 100 -d 10
[DEBUG 16:38:56] Parsing wrk output: Running 10s test @ https://127.0.0.1:4043/index.html
  2 threads and 100 connections
  Thread Stats ...
[DEBUG 16:38:56] Killing sslsniff
  Requests/sec: 12249.96
Run 2/10...
[DEBUG 16:38:57] Starting kernel sslsniff: sudo example/sslsniff/sslsniff
[DEBUG 16:38:59] Running wrk with command: wrk https://127.0.0.1:4043/index.html -c 100 -d 10
[DEBUG 16:39:09] Parsing wrk output: Running 10s test @ https://127.0.0.1:4043/index.html
  2 threads and 100 connections
  Thread Stats ...
[DEBUG 16:39:09] Killing sslsniff
  Requests/sec: 12433.69
Run 3/10...
[DEBUG 16:39:10] Starting kernel sslsniff: sudo example/sslsniff/sslsniff
[DEBUG 16:39:12] Running wrk with command: wrk https://127.0.0.1:4043/index.html -c 100 -d 10
[DEBUG 16:39:23] Parsing wrk output: Running 10s test @ https://127.0.0.1:4043/index.html
  2 threads and 100 connections
  Thread Stats ...
[DEBUG 16:39:23] Killing sslsniff
  Requests/sec: 12316.02
Run 4/10...
[DEBUG 16:39:24] Starting kernel sslsniff: sudo example/sslsniff/sslsniff
[DEBUG 16:39:26] Running wrk with command: wrk https://127.0.0.1:4043/index.html -c 100 -d 10
[DEBUG 16:39:36] Parsing wrk output: Running 10s test @ https://127.0.0.1:4043/index.html
  2 threads and 100 connections
  Thread Stats ...
[DEBUG 16:39:36] Killing sslsniff
  Requests/sec: 12194.34
Run 5/10...
[DEBUG 16:39:37] Starting kernel sslsniff: sudo example/sslsniff/sslsniff
[DEBUG 16:39:39] Running wrk with command: wrk https://127.0.0.1:4043/index.html -c 100 -d 10
[DEBUG 16:39:49] Parsing wrk output: Running 10s test @ https://127.0.0.1:4043/index.html
  2 threads and 100 connections
  Thread Stats ...
[DEBUG 16:39:49] Killing sslsniff
  Requests/sec: 12344.05
Run 6/10...
[DEBUG 16:39:50] Starting kernel sslsniff: sudo example/sslsniff/sslsniff
[DEBUG 16:39:52] Running wrk with command: wrk https://127.0.0.1:4043/index.html -c 100 -d 10
[DEBUG 16:40:02] Parsing wrk output: Running 10s test @ https://127.0.0.1:4043/index.html
  2 threads and 100 connections
  Thread Stats ...
[DEBUG 16:40:02] Killing sslsniff
  Requests/sec: 12089.09
Run 7/10...
[DEBUG 16:40:03] Starting kernel sslsniff: sudo example/sslsniff/sslsniff
[DEBUG 16:40:05] Running wrk with command: wrk https://127.0.0.1:4043/index.html -c 100 -d 10
[DEBUG 16:40:15] Parsing wrk output: Running 10s test @ https://127.0.0.1:4043/index.html
  2 threads and 100 connections
  Thread Stats ...
[DEBUG 16:40:15] Killing sslsniff
  Requests/sec: 12289.62
Run 8/10...
[DEBUG 16:40:16] Starting kernel sslsniff: sudo example/sslsniff/sslsniff
[DEBUG 16:40:18] Running wrk with command: wrk https://127.0.0.1:4043/index.html -c 100 -d 10
[DEBUG 16:40:28] Parsing wrk output: Running 10s test @ https://127.0.0.1:4043/index.html
  2 threads and 100 connections
  Thread Stats ...
[DEBUG 16:40:28] Killing sslsniff
  Requests/sec: 12028.41
Run 9/10...
[DEBUG 16:40:29] Starting kernel sslsniff: sudo example/sslsniff/sslsniff
[DEBUG 16:40:31] Running wrk with command: wrk https://127.0.0.1:4043/index.html -c 100 -d 10
[DEBUG 16:40:41] Parsing wrk output: Running 10s test @ https://127.0.0.1:4043/index.html
  2 threads and 100 connections
  Thread Stats ...
[DEBUG 16:40:41] Killing sslsniff
  Requests/sec: 12473.14
Run 10/10...
[DEBUG 16:40:42] Starting kernel sslsniff: sudo example/sslsniff/sslsniff
[DEBUG 16:40:44] Running wrk with command: wrk https://127.0.0.1:4043/index.html -c 100 -d 10
[DEBUG 16:40:54] Parsing wrk output: Running 10s test @ https://127.0.0.1:4043/index.html
  2 threads and 100 connections
  Thread Stats ...
[DEBUG 16:40:54] Killing sslsniff
  Requests/sec: 12484.46
[DEBUG 16:40:55] Terminating nginx

=== Running bpftime sslsniff Tests ===
[DEBUG 16:40:55] Cleaning up processes...
[DEBUG 16:40:55] Found nginx PIDs: []
[DEBUG 16:40:55] Found sslsniff PIDs: []
[DEBUG 16:40:56] After cleanup: nginx PIDs: [], sslsniff PIDs: []
[DEBUG 16:40:56] Removing access log: /bpftime/benchmark/ssl-nginx/access.log
[DEBUG 16:40:57] Access log removed successfully
[DEBUG 16:40:57] Checking file: /bpftime/example/sslsniff/sslsniff - EXISTS
[DEBUG 16:40:57] Checking file: /bpftime/build/runtime/agent/libbpftime-agent.so - EXISTS
[DEBUG 16:40:57] Checking file: /bpftime/build/runtime/syscall-server/libbpftime-syscall-server.so - EXISTS
Run 1/10...
[DEBUG 16:40:57] Starting sslsniff with bpftime: LD_PRELOAD=build/runtime/syscall-server/libbpftime-syscall-server.so example/sslsniff/sslsniff
[DEBUG 16:40:59] Starting nginx with bpftime: LD_PRELOAD=build/runtime/agent/libbpftime-agent.so nginx -c /bpftime/benchmark/ssl-nginx/nginx.conf -p /bpftime/benchmark/ssl-nginx
[DEBUG 16:41:01] Running wrk with command: wrk https://127.0.0.1:4043/index.html -c 100 -d 10
[DEBUG 16:41:11] Parsing wrk output: Running 10s test @ https://127.0.0.1:4043/index.html
  2 threads and 100 connections
  Thread Stats ...
  Requests/sec: 13380.18
[DEBUG 16:41:11] Terminating processes
[DEBUG 16:41:11] Cleaning up processes...
[DEBUG 16:41:11] Found nginx PIDs: []
[DEBUG 16:41:11] Found sslsniff PIDs: []
[DEBUG 16:41:12] After cleanup: nginx PIDs: [], sslsniff PIDs: []
Run 2/10...
[DEBUG 16:41:12] Starting sslsniff with bpftime: LD_PRELOAD=build/runtime/syscall-server/libbpftime-syscall-server.so example/sslsniff/sslsniff
[DEBUG 16:41:14] Starting nginx with bpftime: LD_PRELOAD=build/runtime/agent/libbpftime-agent.so nginx -c /bpftime/benchmark/ssl-nginx/nginx.conf -p /bpftime/benchmark/ssl-nginx
[DEBUG 16:41:16] Running wrk with command: wrk https://127.0.0.1:4043/index.html -c 100 -d 10
[DEBUG 16:41:26] Parsing wrk output: Running 10s test @ https://127.0.0.1:4043/index.html
  2 threads and 100 connections
  Thread Stats ...
  Requests/sec: 12791.39
[DEBUG 16:41:26] Terminating processes
[DEBUG 16:41:26] Cleaning up processes...
[DEBUG 16:41:26] Found nginx PIDs: []
[DEBUG 16:41:26] Found sslsniff PIDs: []
[DEBUG 16:41:27] After cleanup: nginx PIDs: [], sslsniff PIDs: []
Run 3/10...
[DEBUG 16:41:27] Starting sslsniff with bpftime: LD_PRELOAD=build/runtime/syscall-server/libbpftime-syscall-server.so example/sslsniff/sslsniff
[DEBUG 16:41:29] Starting nginx with bpftime: LD_PRELOAD=build/runtime/agent/libbpftime-agent.so nginx -c /bpftime/benchmark/ssl-nginx/nginx.conf -p /bpftime/benchmark/ssl-nginx
[DEBUG 16:41:31] Running wrk with command: wrk https://127.0.0.1:4043/index.html -c 100 -d 10
[DEBUG 16:41:41] Parsing wrk output: Running 10s test @ https://127.0.0.1:4043/index.html
  2 threads and 100 connections
  Thread Stats ...
  Requests/sec: 13272.59
[DEBUG 16:41:41] Terminating processes
[DEBUG 16:41:41] Cleaning up processes...
[DEBUG 16:41:41] Found nginx PIDs: []
[DEBUG 16:41:41] Found sslsniff PIDs: []
[DEBUG 16:41:42] After cleanup: nginx PIDs: [], sslsniff PIDs: []
Run 4/10...
[DEBUG 16:41:42] Starting sslsniff with bpftime: LD_PRELOAD=build/runtime/syscall-server/libbpftime-syscall-server.so example/sslsniff/sslsniff
[DEBUG 16:41:44] Starting nginx with bpftime: LD_PRELOAD=build/runtime/agent/libbpftime-agent.so nginx -c /bpftime/benchmark/ssl-nginx/nginx.conf -p /bpftime/benchmark/ssl-nginx
[DEBUG 16:41:46] Running wrk with command: wrk https://127.0.0.1:4043/index.html -c 100 -d 10
[DEBUG 16:41:56] Parsing wrk output: Running 10s test @ https://127.0.0.1:4043/index.html
  2 threads and 100 connections
  Thread Stats ...
  Requests/sec: 13285.89
[DEBUG 16:41:56] Terminating processes
[DEBUG 16:41:56] Cleaning up processes...
[DEBUG 16:41:56] Found nginx PIDs: []
[DEBUG 16:41:56] Found sslsniff PIDs: []
[DEBUG 16:41:57] After cleanup: nginx PIDs: [], sslsniff PIDs: []
Run 5/10...
[DEBUG 16:41:57] Starting sslsniff with bpftime: LD_PRELOAD=build/runtime/syscall-server/libbpftime-syscall-server.so example/sslsniff/sslsniff
[DEBUG 16:41:59] Starting nginx with bpftime: LD_PRELOAD=build/runtime/agent/libbpftime-agent.so nginx -c /bpftime/benchmark/ssl-nginx/nginx.conf -p /bpftime/benchmark/ssl-nginx
[DEBUG 16:42:01] Running wrk with command: wrk https://127.0.0.1:4043/index.html -c 100 -d 10
[DEBUG 16:42:11] Parsing wrk output: Running 10s test @ https://127.0.0.1:4043/index.html
  2 threads and 100 connections
  Thread Stats ...
  Requests/sec: 13099.48
[DEBUG 16:42:11] Terminating processes
[DEBUG 16:42:11] Cleaning up processes...
[DEBUG 16:42:12] Found nginx PIDs: []
[DEBUG 16:42:12] Found sslsniff PIDs: []
[DEBUG 16:42:13] After cleanup: nginx PIDs: [], sslsniff PIDs: []
Run 6/10...
[DEBUG 16:42:13] Starting sslsniff with bpftime: LD_PRELOAD=build/runtime/syscall-server/libbpftime-syscall-server.so example/sslsniff/sslsniff
[DEBUG 16:42:15] Starting nginx with bpftime: LD_PRELOAD=build/runtime/agent/libbpftime-agent.so nginx -c /bpftime/benchmark/ssl-nginx/nginx.conf -p /bpftime/benchmark/ssl-nginx
[DEBUG 16:42:17] Running wrk with command: wrk https://127.0.0.1:4043/index.html -c 100 -d 10
[DEBUG 16:42:27] Parsing wrk output: Running 10s test @ https://127.0.0.1:4043/index.html
  2 threads and 100 connections
  Thread Stats ...
  Requests/sec: 13331.48
[DEBUG 16:42:27] Terminating processes
[DEBUG 16:42:27] Cleaning up processes...
[DEBUG 16:42:27] Found nginx PIDs: []
[DEBUG 16:42:27] Found sslsniff PIDs: []
[DEBUG 16:42:28] After cleanup: nginx PIDs: [], sslsniff PIDs: []
Run 7/10...
[DEBUG 16:42:28] Starting sslsniff with bpftime: LD_PRELOAD=build/runtime/syscall-server/libbpftime-syscall-server.so example/sslsniff/sslsniff
[DEBUG 16:42:30] Starting nginx with bpftime: LD_PRELOAD=build/runtime/agent/libbpftime-agent.so nginx -c /bpftime/benchmark/ssl-nginx/nginx.conf -p /bpftime/benchmark/ssl-nginx
[DEBUG 16:42:32] Running wrk with command: wrk https://127.0.0.1:4043/index.html -c 100 -d 10
[DEBUG 16:42:42] Parsing wrk output: Running 10s test @ https://127.0.0.1:4043/index.html
  2 threads and 100 connections
  Thread Stats ...
  Requests/sec: 13031.65
[DEBUG 16:42:42] Terminating processes
[DEBUG 16:42:42] Cleaning up processes...
[DEBUG 16:42:42] Found nginx PIDs: []
[DEBUG 16:42:42] Found sslsniff PIDs: []
[DEBUG 16:42:43] After cleanup: nginx PIDs: [], sslsniff PIDs: []
Run 8/10...
[DEBUG 16:42:43] Starting sslsniff with bpftime: LD_PRELOAD=build/runtime/syscall-server/libbpftime-syscall-server.so example/sslsniff/sslsniff
[DEBUG 16:42:45] Starting nginx with bpftime: LD_PRELOAD=build/runtime/agent/libbpftime-agent.so nginx -c /bpftime/benchmark/ssl-nginx/nginx.conf -p /bpftime/benchmark/ssl-nginx
[DEBUG 16:42:47] Running wrk with command: wrk https://127.0.0.1:4043/index.html -c 100 -d 10
[DEBUG 16:42:57] Parsing wrk output: Running 10s test @ https://127.0.0.1:4043/index.html
  2 threads and 100 connections
  Thread Stats ...
  Requests/sec: 13410.07
[DEBUG 16:42:57] Terminating processes
[DEBUG 16:42:57] Cleaning up processes...
[DEBUG 16:42:57] Found nginx PIDs: []
[DEBUG 16:42:57] Found sslsniff PIDs: []
[DEBUG 16:42:58] After cleanup: nginx PIDs: [], sslsniff PIDs: []
Run 9/10...
[DEBUG 16:42:58] Starting sslsniff with bpftime: LD_PRELOAD=build/runtime/syscall-server/libbpftime-syscall-server.so example/sslsniff/sslsniff
[DEBUG 16:43:00] Starting nginx with bpftime: LD_PRELOAD=build/runtime/agent/libbpftime-agent.so nginx -c /bpftime/benchmark/ssl-nginx/nginx.conf -p /bpftime/benchmark/ssl-nginx
[DEBUG 16:43:02] Running wrk with command: wrk https://127.0.0.1:4043/index.html -c 100 -d 10
[DEBUG 16:43:12] Parsing wrk output: Running 10s test @ https://127.0.0.1:4043/index.html
  2 threads and 100 connections
  Thread Stats ...
  Requests/sec: 13415.65
[DEBUG 16:43:12] Terminating processes
[DEBUG 16:43:12] Cleaning up processes...
[DEBUG 16:43:12] Found nginx PIDs: []
[DEBUG 16:43:12] Found sslsniff PIDs: []
[DEBUG 16:43:13] After cleanup: nginx PIDs: [], sslsniff PIDs: []
Run 10/10...
[DEBUG 16:43:13] Starting sslsniff with bpftime: LD_PRELOAD=build/runtime/syscall-server/libbpftime-syscall-server.so example/sslsniff/sslsniff
[DEBUG 16:43:15] Starting nginx with bpftime: LD_PRELOAD=build/runtime/agent/libbpftime-agent.so nginx -c /bpftime/benchmark/ssl-nginx/nginx.conf -p /bpftime/benchmark/ssl-nginx
[DEBUG 16:43:17] Running wrk with command: wrk https://127.0.0.1:4043/index.html -c 100 -d 10
[DEBUG 16:43:28] Parsing wrk output: Running 10s test @ https://127.0.0.1:4043/index.html
  2 threads and 100 connections
  Thread Stats ...
  Requests/sec: 13320.27
[DEBUG 16:43:28] Terminating processes
[DEBUG 16:43:28] Cleaning up processes...
[DEBUG 16:43:28] Found nginx PIDs: []
[DEBUG 16:43:28] Found sslsniff PIDs: []
[DEBUG 16:43:29] After cleanup: nginx PIDs: [], sslsniff PIDs: []

=== Benchmark Results ===
Each configuration run 10 times

Baseline:
  Requests/sec (mean):   15842.88
  Requests/sec (median): 15852.54
  Standard deviation:    240.03
  Min:                   15443.39
  Max:                   16217.77
  All runs:              [16217.77, 15949.42, 16144.02, 15608.38, 15726.74, 15443.39, 15788.53, 15955.07, 15916.55, 15678.89]

Kernel Sslsniff:
  Requests/sec (mean):   12290.28
  Requests/sec (median): 12302.82
  Standard deviation:    154.61
  Min:                   12028.41
  Max:                   12484.46
  All runs:              [12249.96, 12433.69, 12316.02, 12194.34, 12344.05, 12089.09, 12289.62, 12028.41, 12473.14, 12484.46]

Bpftime Sslsniff:
  Requests/sec (mean):   13233.86
  Requests/sec (median): 13303.08
  Standard deviation:    200.40
  Min:                   12791.39
  Max:                   13415.65
  All runs:              [13380.18, 12791.39, 13272.59, 13285.89, 13099.48, 13331.48, 13031.65, 13410.07, 13415.65, 13320.27]

Kernel sslsniff performance impact: 22.42% decrease
bpftime sslsniff performance impact: 16.47% decrease
bpftime improvement over kernel: 7.68%

Results saved to benchmark/ssl-nginx/benchmark_results_20260724_164329.json
[DEBUG 16:43:29] Cleaning up before exit
[DEBUG 16:43:29] Cleaning up processes...
[DEBUG 16:43:29] Found nginx PIDs: []
[DEBUG 16:43:29] Found sslsniff PIDs: []
[DEBUG 16:43:30] After cleanup: nginx PIDs: [], sslsniff PIDs: []


=== Running benchmark for 2kb file ===
Generating test file of size 2kb...
  Created benchmark/ssl-nginx/index.html (2048 bytes)
[DEBUG 16:43:32] Starting benchmark script
[DEBUG 16:43:32] Current working directory: /bpftime
[DEBUG 16:43:32] Checking command: nginx - EXISTS
[DEBUG 16:43:32]   Path: /usr/sbin/nginx
[DEBUG 16:43:32] Checking file: /bpftime/build/runtime/agent/libbpftime-agent.so - EXISTS
[DEBUG 16:43:32] Checking file: /bpftime/build/runtime/syscall-server/libbpftime-syscall-server.so - EXISTS
[DEBUG 16:43:32] Checking file: /bpftime/example/sslsniff/sslsniff - EXISTS
[DEBUG 16:43:32] Checking command: wrk - EXISTS
[DEBUG 16:43:32]   Path: /usr/bin/wrk

=== Running Baseline Tests ===
[DEBUG 16:43:32] Cleaning up processes...
[DEBUG 16:43:32] Found nginx PIDs: []
[DEBUG 16:43:32] Found sslsniff PIDs: []
[DEBUG 16:43:33] After cleanup: nginx PIDs: [], sslsniff PIDs: []
[DEBUG 16:43:33] Removing access log: /bpftime/benchmark/ssl-nginx/access.log
[DEBUG 16:43:33] Access log removed successfully
[DEBUG 16:43:33] Checking command: nginx - EXISTS
[DEBUG 16:43:33]   Path: /usr/sbin/nginx
[DEBUG 16:43:33] Current directory: /bpftime
[DEBUG 16:43:33] Checking if nginx.conf exists: True
[DEBUG 16:43:33] Starting nginx with command: nginx -c /bpftime/benchmark/ssl-nginx/nginx.conf -p /bpftime/benchmark/ssl-nginx
[DEBUG 16:43:35] nginx started successfully
[DEBUG 16:43:35] Error checking nginx: [Errno 2] No such file or directory: 'curl'
Run 1/10...
[DEBUG 16:43:35] Running wrk with command: wrk https://127.0.0.1:4043/index.html -c 100 -d 10
[DEBUG 16:43:45] wrk exit code: 0
[DEBUG 16:43:45] Parsing wrk output: Running 10s test @ https://127.0.0.1:4043/index.html
  2 threads and 100 connections
  Thread Stats ...
  Requests/sec: 15207.63
Run 2/10...
[DEBUG 16:43:45] Running wrk with command: wrk https://127.0.0.1:4043/index.html -c 100 -d 10
[DEBUG 16:43:55] wrk exit code: 0
[DEBUG 16:43:55] Parsing wrk output: Running 10s test @ https://127.0.0.1:4043/index.html
  2 threads and 100 connections
  Thread Stats ...
  Requests/sec: 15174.80
Run 3/10...
[DEBUG 16:43:55] Running wrk with command: wrk https://127.0.0.1:4043/index.html -c 100 -d 10
[DEBUG 16:44:05] wrk exit code: 0
[DEBUG 16:44:05] Parsing wrk output: Running 10s test @ https://127.0.0.1:4043/index.html
  2 threads and 100 connections
  Thread Stats ...
  Requests/sec: 15148.52
Run 4/10...
[DEBUG 16:44:05] Running wrk with command: wrk https://127.0.0.1:4043/index.html -c 100 -d 10
[DEBUG 16:44:15] wrk exit code: 0
[DEBUG 16:44:15] Parsing wrk output: Running 10s test @ https://127.0.0.1:4043/index.html
  2 threads and 100 connections
  Thread Stats ...
  Requests/sec: 15082.00
Run 5/10...
[DEBUG 16:44:15] Running wrk with command: wrk https://127.0.0.1:4043/index.html -c 100 -d 10
[DEBUG 16:44:25] wrk exit code: 0
[DEBUG 16:44:25] Parsing wrk output: Running 10s test @ https://127.0.0.1:4043/index.html
  2 threads and 100 connections
  Thread Stats ...
  Requests/sec: 15050.43
Run 6/10...
[DEBUG 16:44:25] Running wrk with command: wrk https://127.0.0.1:4043/index.html -c 100 -d 10
[DEBUG 16:44:35] wrk exit code: 0
[DEBUG 16:44:35] Parsing wrk output: Running 10s test @ https://127.0.0.1:4043/index.html
  2 threads and 100 connections
  Thread Stats ...
  Requests/sec: 15010.76
Run 7/10...
[DEBUG 16:44:35] Running wrk with command: wrk https://127.0.0.1:4043/index.html -c 100 -d 10
[DEBUG 16:44:45] wrk exit code: 0
[DEBUG 16:44:45] Parsing wrk output: Running 10s test @ https://127.0.0.1:4043/index.html
  2 threads and 100 connections
  Thread Stats ...
  Requests/sec: 15218.25
Run 8/10...
[DEBUG 16:44:45] Running wrk with command: wrk https://127.0.0.1:4043/index.html -c 100 -d 10
[DEBUG 16:44:56] wrk exit code: 0
[DEBUG 16:44:56] Parsing wrk output: Running 10s test @ https://127.0.0.1:4043/index.html
  2 threads and 100 connections
  Thread Stats ...
  Requests/sec: 15006.25
Run 9/10...
[DEBUG 16:44:56] Running wrk with command: wrk https://127.0.0.1:4043/index.html -c 100 -d 10
[DEBUG 16:45:06] wrk exit code: 0
[DEBUG 16:45:06] Parsing wrk output: Running 10s test @ https://127.0.0.1:4043/index.html
  2 threads and 100 connections
  Thread Stats ...
  Requests/sec: 14960.67
Run 10/10...
[DEBUG 16:45:06] Running wrk with command: wrk https://127.0.0.1:4043/index.html -c 100 -d 10
[DEBUG 16:45:16] wrk exit code: 0
[DEBUG 16:45:16] Parsing wrk output: Running 10s test @ https://127.0.0.1:4043/index.html
  2 threads and 100 connections
  Thread Stats ...
  Requests/sec: 15105.21
[DEBUG 16:45:16] Terminating nginx

=== Running Kernel sslsniff Tests ===
[DEBUG 16:45:16] Cleaning up processes...
[DEBUG 16:45:16] Found nginx PIDs: []
[DEBUG 16:45:16] Found sslsniff PIDs: []
[DEBUG 16:45:17] After cleanup: nginx PIDs: [], sslsniff PIDs: []
[DEBUG 16:45:17] Removing access log: /bpftime/benchmark/ssl-nginx/access.log
[DEBUG 16:45:17] Access log removed successfully
[DEBUG 16:45:17] Checking file: /bpftime/example/sslsniff/sslsniff - EXISTS
[DEBUG 16:45:17] Starting nginx with command: nginx -c /bpftime/benchmark/ssl-nginx/nginx.conf -p /bpftime/benchmark/ssl-nginx
Run 1/10...
[DEBUG 16:45:19] Starting kernel sslsniff: sudo example/sslsniff/sslsniff
[DEBUG 16:45:21] Running wrk with command: wrk https://127.0.0.1:4043/index.html -c 100 -d 10
[DEBUG 16:45:31] Parsing wrk output: Running 10s test @ https://127.0.0.1:4043/index.html
  2 threads and 100 connections
  Thread Stats ...
[DEBUG 16:45:31] Killing sslsniff
  Requests/sec: 11758.50
Run 2/10...
[DEBUG 16:45:32] Starting kernel sslsniff: sudo example/sslsniff/sslsniff
[DEBUG 16:45:34] Running wrk with command: wrk https://127.0.0.1:4043/index.html -c 100 -d 10
[DEBUG 16:45:44] Parsing wrk output: Running 10s test @ https://127.0.0.1:4043/index.html
  2 threads and 100 connections
  Thread Stats ...
[DEBUG 16:45:44] Killing sslsniff
  Requests/sec: 11119.26
Run 3/10...
[DEBUG 16:45:45] Starting kernel sslsniff: sudo example/sslsniff/sslsniff
[DEBUG 16:45:47] Running wrk with command: wrk https://127.0.0.1:4043/index.html -c 100 -d 10
[DEBUG 16:45:57] Parsing wrk output: Running 10s test @ https://127.0.0.1:4043/index.html
  2 threads and 100 connections
  Thread Stats ...
[DEBUG 16:45:57] Killing sslsniff
  Requests/sec: 11538.85
Run 4/10...
[DEBUG 16:45:58] Starting kernel sslsniff: sudo example/sslsniff/sslsniff
[DEBUG 16:46:00] Running wrk with command: wrk https://127.0.0.1:4043/index.html -c 100 -d 10
[DEBUG 16:46:10] Parsing wrk output: Running 10s test @ https://127.0.0.1:4043/index.html
  2 threads and 100 connections
  Thread Stats ...
[DEBUG 16:46:10] Killing sslsniff
  Requests/sec: 11577.13
Run 5/10...
[DEBUG 16:46:11] Starting kernel sslsniff: sudo example/sslsniff/sslsniff
[DEBUG 16:46:13] Running wrk with command: wrk https://127.0.0.1:4043/index.html -c 100 -d 10
[DEBUG 16:46:23] Parsing wrk output: Running 10s test @ https://127.0.0.1:4043/index.html
  2 threads and 100 connections
  Thread Stats ...
[DEBUG 16:46:23] Killing sslsniff
  Requests/sec: 11618.15
Run 6/10...
[DEBUG 16:46:24] Starting kernel sslsniff: sudo example/sslsniff/sslsniff
[DEBUG 16:46:26] Running wrk with command: wrk https://127.0.0.1:4043/index.html -c 100 -d 10
[DEBUG 16:46:37] Parsing wrk output: Running 10s test @ https://127.0.0.1:4043/index.html
  2 threads and 100 connections
  Thread Stats ...
[DEBUG 16:46:37] Killing sslsniff
  Requests/sec: 11302.44
Run 7/10...
[DEBUG 16:46:38] Starting kernel sslsniff: sudo example/sslsniff/sslsniff
[DEBUG 16:46:40] Running wrk with command: wrk https://127.0.0.1:4043/index.html -c 100 -d 10
[DEBUG 16:46:50] Parsing wrk output: Running 10s test @ https://127.0.0.1:4043/index.html
  2 threads and 100 connections
  Thread Stats ...
[DEBUG 16:46:50] Killing sslsniff
  Requests/sec: 11363.56
Run 8/10...
[DEBUG 16:46:51] Starting kernel sslsniff: sudo example/sslsniff/sslsniff
[DEBUG 16:46:53] Running wrk with command: wrk https://127.0.0.1:4043/index.html -c 100 -d 10
[DEBUG 16:47:03] Parsing wrk output: Running 10s test @ https://127.0.0.1:4043/index.html
  2 threads and 100 connections
  Thread Stats ...
[DEBUG 16:47:03] Killing sslsniff
  Requests/sec: 11372.82
Run 9/10...
[DEBUG 16:47:04] Starting kernel sslsniff: sudo example/sslsniff/sslsniff
[DEBUG 16:47:06] Running wrk with command: wrk https://127.0.0.1:4043/index.html -c 100 -d 10
[DEBUG 16:47:16] Parsing wrk output: Running 10s test @ https://127.0.0.1:4043/index.html
  2 threads and 100 connections
  Thread Stats ...
[DEBUG 16:47:16] Killing sslsniff
  Requests/sec: 11475.93
Run 10/10...
[DEBUG 16:47:17] Starting kernel sslsniff: sudo example/sslsniff/sslsniff
[DEBUG 16:47:19] Running wrk with command: wrk https://127.0.0.1:4043/index.html -c 100 -d 10
[DEBUG 16:47:29] Parsing wrk output: Running 10s test @ https://127.0.0.1:4043/index.html
  2 threads and 100 connections
  Thread Stats ...
[DEBUG 16:47:29] Killing sslsniff
  Requests/sec: 11438.97
[DEBUG 16:47:30] Terminating nginx

=== Running bpftime sslsniff Tests ===
[DEBUG 16:47:30] Cleaning up processes...
[DEBUG 16:47:30] Found nginx PIDs: []
[DEBUG 16:47:30] Found sslsniff PIDs: []
[DEBUG 16:47:31] After cleanup: nginx PIDs: [], sslsniff PIDs: []
[DEBUG 16:47:31] Removing access log: /bpftime/benchmark/ssl-nginx/access.log
[DEBUG 16:47:31] Access log removed successfully
[DEBUG 16:47:31] Checking file: /bpftime/example/sslsniff/sslsniff - EXISTS
[DEBUG 16:47:31] Checking file: /bpftime/build/runtime/agent/libbpftime-agent.so - EXISTS
[DEBUG 16:47:31] Checking file: /bpftime/build/runtime/syscall-server/libbpftime-syscall-server.so - EXISTS
Run 1/10...
[DEBUG 16:47:31] Starting sslsniff with bpftime: LD_PRELOAD=build/runtime/syscall-server/libbpftime-syscall-server.so example/sslsniff/sslsniff
[DEBUG 16:47:33] Starting nginx with bpftime: LD_PRELOAD=build/runtime/agent/libbpftime-agent.so nginx -c /bpftime/benchmark/ssl-nginx/nginx.conf -p /bpftime/benchmark/ssl-nginx
[DEBUG 16:47:35] Running wrk with command: wrk https://127.0.0.1:4043/index.html -c 100 -d 10
[DEBUG 16:47:45] Parsing wrk output: Running 10s test @ https://127.0.0.1:4043/index.html
  2 threads and 100 connections
  Thread Stats ...
  Requests/sec: 12666.69
[DEBUG 16:47:45] Terminating processes
[DEBUG 16:47:45] Cleaning up processes...
[DEBUG 16:47:45] Found nginx PIDs: []
[DEBUG 16:47:45] Found sslsniff PIDs: []
[DEBUG 16:47:46] After cleanup: nginx PIDs: [], sslsniff PIDs: []
Run 2/10...
[DEBUG 16:47:46] Starting sslsniff with bpftime: LD_PRELOAD=build/runtime/syscall-server/libbpftime-syscall-server.so example/sslsniff/sslsniff
[DEBUG 16:47:48] Starting nginx with bpftime: LD_PRELOAD=build/runtime/agent/libbpftime-agent.so nginx -c /bpftime/benchmark/ssl-nginx/nginx.conf -p /bpftime/benchmark/ssl-nginx
[DEBUG 16:47:50] Running wrk with command: wrk https://127.0.0.1:4043/index.html -c 100 -d 10
[DEBUG 16:48:00] Parsing wrk output: Running 10s test @ https://127.0.0.1:4043/index.html
  2 threads and 100 connections
  Thread Stats ...
  Requests/sec: 12957.27
[DEBUG 16:48:00] Terminating processes
[DEBUG 16:48:00] Cleaning up processes...
[DEBUG 16:48:00] Found nginx PIDs: []
[DEBUG 16:48:00] Found sslsniff PIDs: []
[DEBUG 16:48:02] After cleanup: nginx PIDs: [], sslsniff PIDs: []
Run 3/10...
[DEBUG 16:48:02] Starting sslsniff with bpftime: LD_PRELOAD=build/runtime/syscall-server/libbpftime-syscall-server.so example/sslsniff/sslsniff
[DEBUG 16:48:04] Starting nginx with bpftime: LD_PRELOAD=build/runtime/agent/libbpftime-agent.so nginx -c /bpftime/benchmark/ssl-nginx/nginx.conf -p /bpftime/benchmark/ssl-nginx
[DEBUG 16:48:06] Running wrk with command: wrk https://127.0.0.1:4043/index.html -c 100 -d 10
[DEBUG 16:48:16] Parsing wrk output: Running 10s test @ https://127.0.0.1:4043/index.html
  2 threads and 100 connections
  Thread Stats ...
  Requests/sec: 12881.12
[DEBUG 16:48:16] Terminating processes
[DEBUG 16:48:16] Cleaning up processes...
[DEBUG 16:48:16] Found nginx PIDs: []
[DEBUG 16:48:16] Found sslsniff PIDs: []
[DEBUG 16:48:17] After cleanup: nginx PIDs: [], sslsniff PIDs: []
Run 4/10...
[DEBUG 16:48:17] Starting sslsniff with bpftime: LD_PRELOAD=build/runtime/syscall-server/libbpftime-syscall-server.so example/sslsniff/sslsniff
[DEBUG 16:48:19] Starting nginx with bpftime: LD_PRELOAD=build/runtime/agent/libbpftime-agent.so nginx -c /bpftime/benchmark/ssl-nginx/nginx.conf -p /bpftime/benchmark/ssl-nginx
[DEBUG 16:48:21] Running wrk with command: wrk https://127.0.0.1:4043/index.html -c 100 -d 10
[DEBUG 16:48:31] Parsing wrk output: Running 10s test @ https://127.0.0.1:4043/index.html
  2 threads and 100 connections
  Thread Stats ...
  Requests/sec: 12704.37
[DEBUG 16:48:31] Terminating processes
[DEBUG 16:48:31] Cleaning up processes...
[DEBUG 16:48:31] Found nginx PIDs: []
[DEBUG 16:48:31] Found sslsniff PIDs: []
[DEBUG 16:48:32] After cleanup: nginx PIDs: [], sslsniff PIDs: []
Run 5/10...
[DEBUG 16:48:32] Starting sslsniff with bpftime: LD_PRELOAD=build/runtime/syscall-server/libbpftime-syscall-server.so example/sslsniff/sslsniff
[DEBUG 16:48:34] Starting nginx with bpftime: LD_PRELOAD=build/runtime/agent/libbpftime-agent.so nginx -c /bpftime/benchmark/ssl-nginx/nginx.conf -p /bpftime/benchmark/ssl-nginx
[DEBUG 16:48:36] Running wrk with command: wrk https://127.0.0.1:4043/index.html -c 100 -d 10
[DEBUG 16:48:46] Parsing wrk output: Running 10s test @ https://127.0.0.1:4043/index.html
  2 threads and 100 connections
  Thread Stats ...
  Requests/sec: 12716.44
[DEBUG 16:48:46] Terminating processes
[DEBUG 16:48:46] Cleaning up processes...
[DEBUG 16:48:46] Found nginx PIDs: []
[DEBUG 16:48:46] Found sslsniff PIDs: []
[DEBUG 16:48:47] After cleanup: nginx PIDs: [], sslsniff PIDs: []
Run 6/10...
[DEBUG 16:48:47] Starting sslsniff with bpftime: LD_PRELOAD=build/runtime/syscall-server/libbpftime-syscall-server.so example/sslsniff/sslsniff
[DEBUG 16:48:49] Starting nginx with bpftime: LD_PRELOAD=build/runtime/agent/libbpftime-agent.so nginx -c /bpftime/benchmark/ssl-nginx/nginx.conf -p /bpftime/benchmark/ssl-nginx
[DEBUG 16:48:51] Running wrk with command: wrk https://127.0.0.1:4043/index.html -c 100 -d 10
[DEBUG 16:49:01] Parsing wrk output: Running 10s test @ https://127.0.0.1:4043/index.html
  2 threads and 100 connections
  Thread Stats ...
  Requests/sec: 12409.03
[DEBUG 16:49:01] Terminating processes
[DEBUG 16:49:01] Cleaning up processes...
[DEBUG 16:49:01] Found nginx PIDs: []
[DEBUG 16:49:01] Found sslsniff PIDs: []
[DEBUG 16:49:02] After cleanup: nginx PIDs: [], sslsniff PIDs: []
Run 7/10...
[DEBUG 16:49:02] Starting sslsniff with bpftime: LD_PRELOAD=build/runtime/syscall-server/libbpftime-syscall-server.so example/sslsniff/sslsniff
[DEBUG 16:49:04] Starting nginx with bpftime: LD_PRELOAD=build/runtime/agent/libbpftime-agent.so nginx -c /bpftime/benchmark/ssl-nginx/nginx.conf -p /bpftime/benchmark/ssl-nginx
[DEBUG 16:49:06] Running wrk with command: wrk https://127.0.0.1:4043/index.html -c 100 -d 10
[DEBUG 16:49:16] Parsing wrk output: Running 10s test @ https://127.0.0.1:4043/index.html
  2 threads and 100 connections
  Thread Stats ...
  Requests/sec: 12492.04
[DEBUG 16:49:16] Terminating processes
[DEBUG 16:49:16] Cleaning up processes...
[DEBUG 16:49:17] Found nginx PIDs: []
[DEBUG 16:49:17] Found sslsniff PIDs: []
[DEBUG 16:49:18] After cleanup: nginx PIDs: [], sslsniff PIDs: []
Run 8/10...
[DEBUG 16:49:18] Starting sslsniff with bpftime: LD_PRELOAD=build/runtime/syscall-server/libbpftime-syscall-server.so example/sslsniff/sslsniff
[DEBUG 16:49:20] Starting nginx with bpftime: LD_PRELOAD=build/runtime/agent/libbpftime-agent.so nginx -c /bpftime/benchmark/ssl-nginx/nginx.conf -p /bpftime/benchmark/ssl-nginx
[DEBUG 16:49:22] Running wrk with command: wrk https://127.0.0.1:4043/index.html -c 100 -d 10
[DEBUG 16:49:32] Parsing wrk output: Running 10s test @ https://127.0.0.1:4043/index.html
  2 threads and 100 connections
  Thread Stats ...
  Requests/sec: 12921.16
[DEBUG 16:49:32] Terminating processes
[DEBUG 16:49:32] Cleaning up processes...
[DEBUG 16:49:32] Found nginx PIDs: []
[DEBUG 16:49:32] Found sslsniff PIDs: []
[DEBUG 16:49:33] After cleanup: nginx PIDs: [], sslsniff PIDs: []
Run 9/10...
[DEBUG 16:49:33] Starting sslsniff with bpftime: LD_PRELOAD=build/runtime/syscall-server/libbpftime-syscall-server.so example/sslsniff/sslsniff
[DEBUG 16:49:35] Starting nginx with bpftime: LD_PRELOAD=build/runtime/agent/libbpftime-agent.so nginx -c /bpftime/benchmark/ssl-nginx/nginx.conf -p /bpftime/benchmark/ssl-nginx
[DEBUG 16:49:37] Running wrk with command: wrk https://127.0.0.1:4043/index.html -c 100 -d 10
[DEBUG 16:49:47] Parsing wrk output: Running 10s test @ https://127.0.0.1:4043/index.html
  2 threads and 100 connections
  Thread Stats ...
  Requests/sec: 12772.34
[DEBUG 16:49:47] Terminating processes
[DEBUG 16:49:47] Cleaning up processes...
[DEBUG 16:49:47] Found nginx PIDs: []
[DEBUG 16:49:47] Found sslsniff PIDs: []
[DEBUG 16:49:48] After cleanup: nginx PIDs: [], sslsniff PIDs: []
Run 10/10...
[DEBUG 16:49:48] Starting sslsniff with bpftime: LD_PRELOAD=build/runtime/syscall-server/libbpftime-syscall-server.so example/sslsniff/sslsniff
[DEBUG 16:49:50] Starting nginx with bpftime: LD_PRELOAD=build/runtime/agent/libbpftime-agent.so nginx -c /bpftime/benchmark/ssl-nginx/nginx.conf -p /bpftime/benchmark/ssl-nginx
[DEBUG 16:49:52] Running wrk with command: wrk https://127.0.0.1:4043/index.html -c 100 -d 10
[DEBUG 16:50:02] Parsing wrk output: Running 10s test @ https://127.0.0.1:4043/index.html
  2 threads and 100 connections
  Thread Stats ...
  Requests/sec: 12636.57
[DEBUG 16:50:02] Terminating processes
[DEBUG 16:50:02] Cleaning up processes...
[DEBUG 16:50:02] Found nginx PIDs: []
[DEBUG 16:50:02] Found sslsniff PIDs: []
[DEBUG 16:50:03] After cleanup: nginx PIDs: [], sslsniff PIDs: []

=== Benchmark Results ===
Each configuration run 10 times

Baseline:
  Requests/sec (mean):   15096.45
  Requests/sec (median): 15093.60
  Standard deviation:    89.67
  Min:                   14960.67
  Max:                   15218.25
  All runs:              [15207.63, 15174.8, 15148.52, 15082.0, 15050.43, 15010.76, 15218.25, 15006.25, 14960.67, 15105.21]

Kernel Sslsniff:
  Requests/sec (mean):   11456.56
  Requests/sec (median): 11457.45
  Standard deviation:    180.26
  Min:                   11119.26
  Max:                   11758.50
  All runs:              [11758.5, 11119.26, 11538.85, 11577.13, 11618.15, 11302.44, 11363.56, 11372.82, 11475.93, 11438.97]

Bpftime Sslsniff:
  Requests/sec (mean):   12715.70
  Requests/sec (median): 12710.41
  Standard deviation:    177.64
  Min:                   12409.03
  Max:                   12957.27
  All runs:              [12666.69, 12957.27, 12881.12, 12704.37, 12716.44, 12409.03, 12492.04, 12921.16, 12772.34, 12636.57]

Kernel sslsniff performance impact: 24.11% decrease
bpftime sslsniff performance impact: 15.77% decrease
bpftime improvement over kernel: 10.99%

Results saved to benchmark/ssl-nginx/benchmark_results_20260724_165003.json
[DEBUG 16:50:03] Cleaning up before exit
[DEBUG 16:50:03] Cleaning up processes...
[DEBUG 16:50:03] Found nginx PIDs: []
[DEBUG 16:50:03] Found sslsniff PIDs: []
[DEBUG 16:50:04] After cleanup: nginx PIDs: [], sslsniff PIDs: []


=== Running benchmark for 4kb file ===
Generating test file of size 4kb...
  Created benchmark/ssl-nginx/index.html (4096 bytes)
[DEBUG 16:50:06] Starting benchmark script
[DEBUG 16:50:06] Current working directory: /bpftime
[DEBUG 16:50:06] Checking command: nginx - EXISTS
[DEBUG 16:50:06]   Path: /usr/sbin/nginx
[DEBUG 16:50:06] Checking file: /bpftime/build/runtime/agent/libbpftime-agent.so - EXISTS
[DEBUG 16:50:06] Checking file: /bpftime/build/runtime/syscall-server/libbpftime-syscall-server.so - EXISTS
[DEBUG 16:50:06] Checking file: /bpftime/example/sslsniff/sslsniff - EXISTS
[DEBUG 16:50:06] Checking command: wrk - EXISTS
[DEBUG 16:50:06]   Path: /usr/bin/wrk

=== Running Baseline Tests ===
[DEBUG 16:50:06] Cleaning up processes...
[DEBUG 16:50:07] Found nginx PIDs: []
[DEBUG 16:50:07] Found sslsniff PIDs: []
[DEBUG 16:50:08] After cleanup: nginx PIDs: [], sslsniff PIDs: []
[DEBUG 16:50:08] Removing access log: /bpftime/benchmark/ssl-nginx/access.log
[DEBUG 16:50:08] Access log removed successfully
[DEBUG 16:50:08] Checking command: nginx - EXISTS
[DEBUG 16:50:08]   Path: /usr/sbin/nginx
[DEBUG 16:50:08] Current directory: /bpftime
[DEBUG 16:50:08] Checking if nginx.conf exists: True
[DEBUG 16:50:08] Starting nginx with command: nginx -c /bpftime/benchmark/ssl-nginx/nginx.conf -p /bpftime/benchmark/ssl-nginx
[DEBUG 16:50:10] nginx started successfully
[DEBUG 16:50:10] Error checking nginx: [Errno 2] No such file or directory: 'curl'
Run 1/10...
[DEBUG 16:50:10] Running wrk with command: wrk https://127.0.0.1:4043/index.html -c 100 -d 10
[DEBUG 16:50:20] wrk exit code: 0
[DEBUG 16:50:20] Parsing wrk output: Running 10s test @ https://127.0.0.1:4043/index.html
  2 threads and 100 connections
  Thread Stats ...
  Requests/sec: 14599.46
Run 2/10...
[DEBUG 16:50:20] Running wrk with command: wrk https://127.0.0.1:4043/index.html -c 100 -d 10
[DEBUG 16:50:30] wrk exit code: 0
[DEBUG 16:50:30] Parsing wrk output: Running 10s test @ https://127.0.0.1:4043/index.html
  2 threads and 100 connections
  Thread Stats ...
  Requests/sec: 14412.40
Run 3/10...
[DEBUG 16:50:30] Running wrk with command: wrk https://127.0.0.1:4043/index.html -c 100 -d 10
[DEBUG 16:50:40] wrk exit code: 0
[DEBUG 16:50:40] Parsing wrk output: Running 10s test @ https://127.0.0.1:4043/index.html
  2 threads and 100 connections
  Thread Stats ...
  Requests/sec: 14334.38
Run 4/10...
[DEBUG 16:50:40] Running wrk with command: wrk https://127.0.0.1:4043/index.html -c 100 -d 10
[DEBUG 16:50:50] wrk exit code: 0
[DEBUG 16:50:50] Parsing wrk output: Running 10s test @ https://127.0.0.1:4043/index.html
  2 threads and 100 connections
  Thread Stats ...
  Requests/sec: 14088.81
Run 5/10...
[DEBUG 16:50:50] Running wrk with command: wrk https://127.0.0.1:4043/index.html -c 100 -d 10
[DEBUG 16:51:00] wrk exit code: 0
[DEBUG 16:51:00] Parsing wrk output: Running 10s test @ https://127.0.0.1:4043/index.html
  2 threads and 100 connections
  Thread Stats ...
  Requests/sec: 14072.27
Run 6/10...
[DEBUG 16:51:00] Running wrk with command: wrk https://127.0.0.1:4043/index.html -c 100 -d 10
[DEBUG 16:51:10] wrk exit code: 0
[DEBUG 16:51:10] Parsing wrk output: Running 10s test @ https://127.0.0.1:4043/index.html
  2 threads and 100 connections
  Thread Stats ...
  Requests/sec: 14196.24
Run 7/10...
[DEBUG 16:51:10] Running wrk with command: wrk https://127.0.0.1:4043/index.html -c 100 -d 10
[DEBUG 16:51:20] wrk exit code: 0
[DEBUG 16:51:20] Parsing wrk output: Running 10s test @ https://127.0.0.1:4043/index.html
  2 threads and 100 connections
  Thread Stats ...
  Requests/sec: 14105.15
Run 8/10...
[DEBUG 16:51:20] Running wrk with command: wrk https://127.0.0.1:4043/index.html -c 100 -d 10
[DEBUG 16:51:30] wrk exit code: 0
[DEBUG 16:51:30] Parsing wrk output: Running 10s test @ https://127.0.0.1:4043/index.html
  2 threads and 100 connections
  Thread Stats ...
  Requests/sec: 13998.81
Run 9/10...
[DEBUG 16:51:30] Running wrk with command: wrk https://127.0.0.1:4043/index.html -c 100 -d 10
[DEBUG 16:51:40] wrk exit code: 0
[DEBUG 16:51:40] Parsing wrk output: Running 10s test @ https://127.0.0.1:4043/index.html
  2 threads and 100 connections
  Thread Stats ...
  Requests/sec: 14254.83
Run 10/10...
[DEBUG 16:51:40] Running wrk with command: wrk https://127.0.0.1:4043/index.html -c 100 -d 10
[DEBUG 16:51:50] wrk exit code: 0
[DEBUG 16:51:50] Parsing wrk output: Running 10s test @ https://127.0.0.1:4043/index.html
  2 threads and 100 connections
  Thread Stats ...
  Requests/sec: 14215.96
[DEBUG 16:51:50] Terminating nginx

=== Running Kernel sslsniff Tests ===
[DEBUG 16:51:50] Cleaning up processes...
[DEBUG 16:51:50] Found nginx PIDs: []
[DEBUG 16:51:50] Found sslsniff PIDs: []
[DEBUG 16:51:51] After cleanup: nginx PIDs: [], sslsniff PIDs: []
[DEBUG 16:51:51] Removing access log: /bpftime/benchmark/ssl-nginx/access.log
[DEBUG 16:51:51] Access log removed successfully
[DEBUG 16:51:51] Checking file: /bpftime/example/sslsniff/sslsniff - EXISTS
[DEBUG 16:51:51] Starting nginx with command: nginx -c /bpftime/benchmark/ssl-nginx/nginx.conf -p /bpftime/benchmark/ssl-nginx
Run 1/10...
[DEBUG 16:51:53] Starting kernel sslsniff: sudo example/sslsniff/sslsniff
[DEBUG 16:51:55] Running wrk with command: wrk https://127.0.0.1:4043/index.html -c 100 -d 10
[DEBUG 16:52:06] Parsing wrk output: Running 10s test @ https://127.0.0.1:4043/index.html
  2 threads and 100 connections
  Thread Stats ...
[DEBUG 16:52:06] Killing sslsniff
  Requests/sec: 11683.13
Run 2/10...
[DEBUG 16:52:07] Starting kernel sslsniff: sudo example/sslsniff/sslsniff
[DEBUG 16:52:09] Running wrk with command: wrk https://127.0.0.1:4043/index.html -c 100 -d 10
[DEBUG 16:52:19] Parsing wrk output: Running 10s test @ https://127.0.0.1:4043/index.html
  2 threads and 100 connections
  Thread Stats ...
[DEBUG 16:52:19] Killing sslsniff
  Requests/sec: 11510.45
Run 3/10...
[DEBUG 16:52:20] Starting kernel sslsniff: sudo example/sslsniff/sslsniff
[DEBUG 16:52:22] Running wrk with command: wrk https://127.0.0.1:4043/index.html -c 100 -d 10
[DEBUG 16:52:32] Parsing wrk output: Running 10s test @ https://127.0.0.1:4043/index.html
  2 threads and 100 connections
  Thread Stats ...
[DEBUG 16:52:32] Killing sslsniff
  Requests/sec: 11327.66
Run 4/10...
[DEBUG 16:52:33] Starting kernel sslsniff: sudo example/sslsniff/sslsniff
[DEBUG 16:52:35] Running wrk with command: wrk https://127.0.0.1:4043/index.html -c 100 -d 10
[DEBUG 16:52:45] Parsing wrk output: Running 10s test @ https://127.0.0.1:4043/index.html
  2 threads and 100 connections
  Thread Stats ...
[DEBUG 16:52:45] Killing sslsniff
  Requests/sec: 11544.68
Run 5/10...
[DEBUG 16:52:46] Starting kernel sslsniff: sudo example/sslsniff/sslsniff
[DEBUG 16:52:48] Running wrk with command: wrk https://127.0.0.1:4043/index.html -c 100 -d 10
[DEBUG 16:52:58] Parsing wrk output: Running 10s test @ https://127.0.0.1:4043/index.html
  2 threads and 100 connections
  Thread Stats ...
[DEBUG 16:52:58] Killing sslsniff
  Requests/sec: 11443.22
Run 6/10...
[DEBUG 16:52:59] Starting kernel sslsniff: sudo example/sslsniff/sslsniff
[DEBUG 16:53:01] Running wrk with command: wrk https://127.0.0.1:4043/index.html -c 100 -d 10
[DEBUG 16:53:11] Parsing wrk output: Running 10s test @ https://127.0.0.1:4043/index.html
  2 threads and 100 connections
  Thread Stats ...
[DEBUG 16:53:11] Killing sslsniff
  Requests/sec: 11470.05
Run 7/10...
[DEBUG 16:53:12] Starting kernel sslsniff: sudo example/sslsniff/sslsniff
[DEBUG 16:53:14] Running wrk with command: wrk https://127.0.0.1:4043/index.html -c 100 -d 10
[DEBUG 16:53:24] Parsing wrk output: Running 10s test @ https://127.0.0.1:4043/index.html
  2 threads and 100 connections
  Thread Stats ...
[DEBUG 16:53:24] Killing sslsniff
  Requests/sec: 11550.58
Run 8/10...
[DEBUG 16:53:25] Starting kernel sslsniff: sudo example/sslsniff/sslsniff
[DEBUG 16:53:27] Running wrk with command: wrk https://127.0.0.1:4043/index.html -c 100 -d 10
[DEBUG 16:53:37] Parsing wrk output: Running 10s test @ https://127.0.0.1:4043/index.html
  2 threads and 100 connections
  Thread Stats ...
[DEBUG 16:53:37] Killing sslsniff
  Requests/sec: 11187.56
Run 9/10...
[DEBUG 16:53:38] Starting kernel sslsniff: sudo example/sslsniff/sslsniff
[DEBUG 16:53:40] Running wrk with command: wrk https://127.0.0.1:4043/index.html -c 100 -d 10
[DEBUG 16:53:51] Parsing wrk output: Running 10s test @ https://127.0.0.1:4043/index.html
  2 threads and 100 connections
  Thread Stats ...
[DEBUG 16:53:51] Killing sslsniff
  Requests/sec: 11534.09
Run 10/10...
[DEBUG 16:53:52] Starting kernel sslsniff: sudo example/sslsniff/sslsniff
[DEBUG 16:53:54] Running wrk with command: wrk https://127.0.0.1:4043/index.html -c 100 -d 10
[DEBUG 16:54:04] Parsing wrk output: Running 10s test @ https://127.0.0.1:4043/index.html
  2 threads and 100 connections
  Thread Stats ...
[DEBUG 16:54:04] Killing sslsniff
  Requests/sec: 11510.40
[DEBUG 16:54:05] Terminating nginx

=== Running bpftime sslsniff Tests ===
[DEBUG 16:54:05] Cleaning up processes...
[DEBUG 16:54:05] Found nginx PIDs: []
[DEBUG 16:54:05] Found sslsniff PIDs: []
[DEBUG 16:54:06] After cleanup: nginx PIDs: [], sslsniff PIDs: []
[DEBUG 16:54:06] Removing access log: /bpftime/benchmark/ssl-nginx/access.log
[DEBUG 16:54:06] Access log removed successfully
[DEBUG 16:54:06] Checking file: /bpftime/example/sslsniff/sslsniff - EXISTS
[DEBUG 16:54:06] Checking file: /bpftime/build/runtime/agent/libbpftime-agent.so - EXISTS
[DEBUG 16:54:06] Checking file: /bpftime/build/runtime/syscall-server/libbpftime-syscall-server.so - EXISTS
Run 1/10...
[DEBUG 16:54:06] Starting sslsniff with bpftime: LD_PRELOAD=build/runtime/syscall-server/libbpftime-syscall-server.so example/sslsniff/sslsniff
[DEBUG 16:54:08] Starting nginx with bpftime: LD_PRELOAD=build/runtime/agent/libbpftime-agent.so nginx -c /bpftime/benchmark/ssl-nginx/nginx.conf -p /bpftime/benchmark/ssl-nginx
[DEBUG 16:54:10] Running wrk with command: wrk https://127.0.0.1:4043/index.html -c 100 -d 10
[DEBUG 16:54:20] Parsing wrk output: Running 10s test @ https://127.0.0.1:4043/index.html
  2 threads and 100 connections
  Thread Stats ...
  Requests/sec: 12204.39
[DEBUG 16:54:20] Terminating processes
[DEBUG 16:54:20] Cleaning up processes...
[DEBUG 16:54:20] Found nginx PIDs: []
[DEBUG 16:54:20] Found sslsniff PIDs: []
[DEBUG 16:54:21] After cleanup: nginx PIDs: [], sslsniff PIDs: []
Run 2/10...
[DEBUG 16:54:21] Starting sslsniff with bpftime: LD_PRELOAD=build/runtime/syscall-server/libbpftime-syscall-server.so example/sslsniff/sslsniff
[DEBUG 16:54:23] Starting nginx with bpftime: LD_PRELOAD=build/runtime/agent/libbpftime-agent.so nginx -c /bpftime/benchmark/ssl-nginx/nginx.conf -p /bpftime/benchmark/ssl-nginx
[DEBUG 16:54:25] Running wrk with command: wrk https://127.0.0.1:4043/index.html -c 100 -d 10
[DEBUG 16:54:35] Parsing wrk output: Running 10s test @ https://127.0.0.1:4043/index.html
  2 threads and 100 connections
  Thread Stats ...
  Requests/sec: 12244.21
[DEBUG 16:54:35] Terminating processes
[DEBUG 16:54:35] Cleaning up processes...
[DEBUG 16:54:35] Found nginx PIDs: []
[DEBUG 16:54:35] Found sslsniff PIDs: []
[DEBUG 16:54:36] After cleanup: nginx PIDs: [], sslsniff PIDs: []
Run 3/10...
[DEBUG 16:54:36] Starting sslsniff with bpftime: LD_PRELOAD=build/runtime/syscall-server/libbpftime-syscall-server.so example/sslsniff/sslsniff
[DEBUG 16:54:38] Starting nginx with bpftime: LD_PRELOAD=build/runtime/agent/libbpftime-agent.so nginx -c /bpftime/benchmark/ssl-nginx/nginx.conf -p /bpftime/benchmark/ssl-nginx
[DEBUG 16:54:40] Running wrk with command: wrk https://127.0.0.1:4043/index.html -c 100 -d 10
[DEBUG 16:54:50] Parsing wrk output: Running 10s test @ https://127.0.0.1:4043/index.html
  2 threads and 100 connections
  Thread Stats ...
  Requests/sec: 11489.95
[DEBUG 16:54:50] Terminating processes
[DEBUG 16:54:50] Cleaning up processes...
[DEBUG 16:54:50] Found nginx PIDs: []
[DEBUG 16:54:50] Found sslsniff PIDs: []
[DEBUG 16:54:52] After cleanup: nginx PIDs: [], sslsniff PIDs: []
Run 4/10...
[DEBUG 16:54:52] Starting sslsniff with bpftime: LD_PRELOAD=build/runtime/syscall-server/libbpftime-syscall-server.so example/sslsniff/sslsniff
[DEBUG 16:54:54] Starting nginx with bpftime: LD_PRELOAD=build/runtime/agent/libbpftime-agent.so nginx -c /bpftime/benchmark/ssl-nginx/nginx.conf -p /bpftime/benchmark/ssl-nginx
[DEBUG 16:54:56] Running wrk with command: wrk https://127.0.0.1:4043/index.html -c 100 -d 10
[DEBUG 16:55:06] Parsing wrk output: Running 10s test @ https://127.0.0.1:4043/index.html
  2 threads and 100 connections
  Thread Stats ...
  Requests/sec: 12242.54
[DEBUG 16:55:06] Terminating processes
[DEBUG 16:55:06] Cleaning up processes...
[DEBUG 16:55:06] Found nginx PIDs: []
[DEBUG 16:55:06] Found sslsniff PIDs: []
[DEBUG 16:55:07] After cleanup: nginx PIDs: [], sslsniff PIDs: []
Run 5/10...
[DEBUG 16:55:07] Starting sslsniff with bpftime: LD_PRELOAD=build/runtime/syscall-server/libbpftime-syscall-server.so example/sslsniff/sslsniff
[DEBUG 16:55:09] Starting nginx with bpftime: LD_PRELOAD=build/runtime/agent/libbpftime-agent.so nginx -c /bpftime/benchmark/ssl-nginx/nginx.conf -p /bpftime/benchmark/ssl-nginx
[DEBUG 16:55:11] Running wrk with command: wrk https://127.0.0.1:4043/index.html -c 100 -d 10
[DEBUG 16:55:21] Parsing wrk output: Running 10s test @ https://127.0.0.1:4043/index.html
  2 threads and 100 connections
  Thread Stats ...
  Requests/sec: 12225.71
[DEBUG 16:55:21] Terminating processes
[DEBUG 16:55:21] Cleaning up processes...
[DEBUG 16:55:21] Found nginx PIDs: []
[DEBUG 16:55:21] Found sslsniff PIDs: []
[DEBUG 16:55:22] After cleanup: nginx PIDs: [], sslsniff PIDs: []
Run 6/10...
[DEBUG 16:55:22] Starting sslsniff with bpftime: LD_PRELOAD=build/runtime/syscall-server/libbpftime-syscall-server.so example/sslsniff/sslsniff
[DEBUG 16:55:24] Starting nginx with bpftime: LD_PRELOAD=build/runtime/agent/libbpftime-agent.so nginx -c /bpftime/benchmark/ssl-nginx/nginx.conf -p /bpftime/benchmark/ssl-nginx
[DEBUG 16:55:26] Running wrk with command: wrk https://127.0.0.1:4043/index.html -c 100 -d 10
[DEBUG 16:55:36] Parsing wrk output: Running 10s test @ https://127.0.0.1:4043/index.html
  2 threads and 100 connections
  Thread Stats ...
  Requests/sec: 12147.46
[DEBUG 16:55:36] Terminating processes
[DEBUG 16:55:36] Cleaning up processes...
[DEBUG 16:55:36] Found nginx PIDs: []
[DEBUG 16:55:36] Found sslsniff PIDs: []
[DEBUG 16:55:37] After cleanup: nginx PIDs: [], sslsniff PIDs: []
Run 7/10...
[DEBUG 16:55:37] Starting sslsniff with bpftime: LD_PRELOAD=build/runtime/syscall-server/libbpftime-syscall-server.so example/sslsniff/sslsniff
[DEBUG 16:55:39] Starting nginx with bpftime: LD_PRELOAD=build/runtime/agent/libbpftime-agent.so nginx -c /bpftime/benchmark/ssl-nginx/nginx.conf -p /bpftime/benchmark/ssl-nginx
[DEBUG 16:55:41] Running wrk with command: wrk https://127.0.0.1:4043/index.html -c 100 -d 10
[DEBUG 16:55:51] Parsing wrk output: Running 10s test @ https://127.0.0.1:4043/index.html
  2 threads and 100 connections
  Thread Stats ...
  Requests/sec: 12723.14
[DEBUG 16:55:51] Terminating processes
[DEBUG 16:55:51] Cleaning up processes...
[DEBUG 16:55:51] Found nginx PIDs: []
[DEBUG 16:55:51] Found sslsniff PIDs: []
[DEBUG 16:55:52] After cleanup: nginx PIDs: [], sslsniff PIDs: []
Run 8/10...
[DEBUG 16:55:52] Starting sslsniff with bpftime: LD_PRELOAD=build/runtime/syscall-server/libbpftime-syscall-server.so example/sslsniff/sslsniff
[DEBUG 16:55:54] Starting nginx with bpftime: LD_PRELOAD=build/runtime/agent/libbpftime-agent.so nginx -c /bpftime/benchmark/ssl-nginx/nginx.conf -p /bpftime/benchmark/ssl-nginx
[DEBUG 16:55:56] Running wrk with command: wrk https://127.0.0.1:4043/index.html -c 100 -d 10
[DEBUG 16:56:06] Parsing wrk output: Running 10s test @ https://127.0.0.1:4043/index.html
  2 threads and 100 connections
  Thread Stats ...
  Requests/sec: 12325.32
[DEBUG 16:56:06] Terminating processes
[DEBUG 16:56:06] Cleaning up processes...
[DEBUG 16:56:07] Found nginx PIDs: []
[DEBUG 16:56:07] Found sslsniff PIDs: []
[DEBUG 16:56:08] After cleanup: nginx PIDs: [], sslsniff PIDs: []
Run 9/10...
[DEBUG 16:56:08] Starting sslsniff with bpftime: LD_PRELOAD=build/runtime/syscall-server/libbpftime-syscall-server.so example/sslsniff/sslsniff
[DEBUG 16:56:10] Starting nginx with bpftime: LD_PRELOAD=build/runtime/agent/libbpftime-agent.so nginx -c /bpftime/benchmark/ssl-nginx/nginx.conf -p /bpftime/benchmark/ssl-nginx
[DEBUG 16:56:12] Running wrk with command: wrk https://127.0.0.1:4043/index.html -c 100 -d 10
[DEBUG 16:56:22] Parsing wrk output: Running 10s test @ https://127.0.0.1:4043/index.html
  2 threads and 100 connections
  Thread Stats ...
  Requests/sec: 11672.31
[DEBUG 16:56:22] Terminating processes
[DEBUG 16:56:22] Cleaning up processes...
[DEBUG 16:56:22] Found nginx PIDs: []
[DEBUG 16:56:22] Found sslsniff PIDs: []
[DEBUG 16:56:23] After cleanup: nginx PIDs: [], sslsniff PIDs: []
Run 10/10...
[DEBUG 16:56:23] Starting sslsniff with bpftime: LD_PRELOAD=build/runtime/syscall-server/libbpftime-syscall-server.so example/sslsniff/sslsniff
[DEBUG 16:56:25] Starting nginx with bpftime: LD_PRELOAD=build/runtime/agent/libbpftime-agent.so nginx -c /bpftime/benchmark/ssl-nginx/nginx.conf -p /bpftime/benchmark/ssl-nginx
[DEBUG 16:56:27] Running wrk with command: wrk https://127.0.0.1:4043/index.html -c 100 -d 10
[DEBUG 16:56:37] Parsing wrk output: Running 10s test @ https://127.0.0.1:4043/index.html
  2 threads and 100 connections
  Thread Stats ...
  Requests/sec: 12175.51
[DEBUG 16:56:37] Terminating processes
[DEBUG 16:56:37] Cleaning up processes...
[DEBUG 16:56:37] Found nginx PIDs: []
[DEBUG 16:56:37] Found sslsniff PIDs: []
[DEBUG 16:56:38] After cleanup: nginx PIDs: [], sslsniff PIDs: []

=== Benchmark Results ===
Each configuration run 10 times

Baseline:
  Requests/sec (mean):   14227.83
  Requests/sec (median): 14206.10
  Standard deviation:    181.48
  Min:                   13998.81
  Max:                   14599.46
  All runs:              [14599.46, 14412.4, 14334.38, 14088.81, 14072.27, 14196.24, 14105.15, 13998.81, 14254.83, 14215.96]

Kernel Sslsniff:
  Requests/sec (mean):   11476.18
  Requests/sec (median): 11510.42
  Standard deviation:    135.50
  Min:                   11187.56
  Max:                   11683.13
  All runs:              [11683.13, 11510.45, 11327.66, 11544.68, 11443.22, 11470.05, 11550.58, 11187.56, 11534.09, 11510.4]

Bpftime Sslsniff:
  Requests/sec (mean):   12145.05
  Requests/sec (median): 12215.05
  Standard deviation:    341.50
  Min:                   11489.95
  Max:                   12723.14
  All runs:              [12204.39, 12244.21, 11489.95, 12242.54, 12225.71, 12147.46, 12723.14, 12325.32, 11672.31, 12175.51]

Kernel sslsniff performance impact: 19.34% decrease
bpftime sslsniff performance impact: 14.64% decrease
bpftime improvement over kernel: 5.83%

Results saved to benchmark/ssl-nginx/benchmark_results_20260724_165638.json
[DEBUG 16:56:38] Cleaning up before exit
[DEBUG 16:56:38] Cleaning up processes...
[DEBUG 16:56:38] Found nginx PIDs: []
[DEBUG 16:56:38] Found sslsniff PIDs: []
[DEBUG 16:56:39] After cleanup: nginx PIDs: [], sslsniff PIDs: []


=== Running benchmark for 16kb file ===
Generating test file of size 16kb...
  Created benchmark/ssl-nginx/index.html (16384 bytes)
[DEBUG 16:56:41] Starting benchmark script
[DEBUG 16:56:41] Current working directory: /bpftime
[DEBUG 16:56:41] Checking command: nginx - EXISTS
[DEBUG 16:56:41]   Path: /usr/sbin/nginx
[DEBUG 16:56:41] Checking file: /bpftime/build/runtime/agent/libbpftime-agent.so - EXISTS
[DEBUG 16:56:41] Checking file: /bpftime/build/runtime/syscall-server/libbpftime-syscall-server.so - EXISTS
[DEBUG 16:56:41] Checking file: /bpftime/example/sslsniff/sslsniff - EXISTS
[DEBUG 16:56:41] Checking command: wrk - EXISTS
[DEBUG 16:56:41]   Path: /usr/bin/wrk

=== Running Baseline Tests ===
[DEBUG 16:56:41] Cleaning up processes...
[DEBUG 16:56:41] Found nginx PIDs: []
[DEBUG 16:56:41] Found sslsniff PIDs: []
[DEBUG 16:56:42] After cleanup: nginx PIDs: [], sslsniff PIDs: []
[DEBUG 16:56:42] Removing access log: /bpftime/benchmark/ssl-nginx/access.log
[DEBUG 16:56:42] Access log removed successfully
[DEBUG 16:56:42] Checking command: nginx - EXISTS
[DEBUG 16:56:42]   Path: /usr/sbin/nginx
[DEBUG 16:56:42] Current directory: /bpftime
[DEBUG 16:56:42] Checking if nginx.conf exists: True
[DEBUG 16:56:42] Starting nginx with command: nginx -c /bpftime/benchmark/ssl-nginx/nginx.conf -p /bpftime/benchmark/ssl-nginx
[DEBUG 16:56:44] nginx started successfully
[DEBUG 16:56:44] Error checking nginx: [Errno 2] No such file or directory: 'curl'
Run 1/10...
[DEBUG 16:56:44] Running wrk with command: wrk https://127.0.0.1:4043/index.html -c 100 -d 10
[DEBUG 16:56:54] wrk exit code: 0
[DEBUG 16:56:54] Parsing wrk output: Running 10s test @ https://127.0.0.1:4043/index.html
  2 threads and 100 connections
  Thread Stats ...
  Requests/sec: 9426.44
Run 2/10...
[DEBUG 16:56:54] Running wrk with command: wrk https://127.0.0.1:4043/index.html -c 100 -d 10
[DEBUG 16:57:05] wrk exit code: 0
[DEBUG 16:57:05] Parsing wrk output: Running 10s test @ https://127.0.0.1:4043/index.html
  2 threads and 100 connections
  Thread Stats ...
  Requests/sec: 9846.17
Run 3/10...
[DEBUG 16:57:05] Running wrk with command: wrk https://127.0.0.1:4043/index.html -c 100 -d 10
[DEBUG 16:57:15] wrk exit code: 0
[DEBUG 16:57:15] Parsing wrk output: Running 10s test @ https://127.0.0.1:4043/index.html
  2 threads and 100 connections
  Thread Stats ...
  Requests/sec: 9877.80
Run 4/10...
[DEBUG 16:57:15] Running wrk with command: wrk https://127.0.0.1:4043/index.html -c 100 -d 10
[DEBUG 16:57:25] wrk exit code: 0
[DEBUG 16:57:25] Parsing wrk output: Running 10s test @ https://127.0.0.1:4043/index.html
  2 threads and 100 connections
  Thread Stats ...
  Requests/sec: 9949.40
Run 5/10...
[DEBUG 16:57:25] Running wrk with command: wrk https://127.0.0.1:4043/index.html -c 100 -d 10
[DEBUG 16:57:35] wrk exit code: 0
[DEBUG 16:57:35] Parsing wrk output: Running 10s test @ https://127.0.0.1:4043/index.html
  2 threads and 100 connections
  Thread Stats ...
  Requests/sec: 9941.17
Run 6/10...
[DEBUG 16:57:35] Running wrk with command: wrk https://127.0.0.1:4043/index.html -c 100 -d 10
[DEBUG 16:57:45] wrk exit code: 0
[DEBUG 16:57:45] Parsing wrk output: Running 10s test @ https://127.0.0.1:4043/index.html
  2 threads and 100 connections
  Thread Stats ...
  Requests/sec: 9949.79
Run 7/10...
[DEBUG 16:57:45] Running wrk with command: wrk https://127.0.0.1:4043/index.html -c 100 -d 10
[DEBUG 16:57:55] wrk exit code: 0
[DEBUG 16:57:55] Parsing wrk output: Running 10s test @ https://127.0.0.1:4043/index.html
  2 threads and 100 connections
  Thread Stats ...
  Requests/sec: 9888.17
Run 8/10...
[DEBUG 16:57:55] Running wrk with command: wrk https://127.0.0.1:4043/index.html -c 100 -d 10
[DEBUG 16:58:05] wrk exit code: 0
[DEBUG 16:58:05] Parsing wrk output: Running 10s test @ https://127.0.0.1:4043/index.html
  2 threads and 100 connections
  Thread Stats ...
  Requests/sec: 9974.34
Run 9/10...
[DEBUG 16:58:05] Running wrk with command: wrk https://127.0.0.1:4043/index.html -c 100 -d 10
[DEBUG 16:58:15] wrk exit code: 0
[DEBUG 16:58:15] Parsing wrk output: Running 10s test @ https://127.0.0.1:4043/index.html
  2 threads and 100 connections
  Thread Stats ...
  Requests/sec: 9922.65
Run 10/10...
[DEBUG 16:58:15] Running wrk with command: wrk https://127.0.0.1:4043/index.html -c 100 -d 10
[DEBUG 16:58:25] wrk exit code: 0
[DEBUG 16:58:25] Parsing wrk output: Running 10s test @ https://127.0.0.1:4043/index.html
  2 threads and 100 connections
  Thread Stats ...
  Requests/sec: 9931.39
[DEBUG 16:58:25] Terminating nginx

=== Running Kernel sslsniff Tests ===
[DEBUG 16:58:25] Cleaning up processes...
[DEBUG 16:58:25] Found nginx PIDs: []
[DEBUG 16:58:25] Found sslsniff PIDs: []
[DEBUG 16:58:26] After cleanup: nginx PIDs: [], sslsniff PIDs: []
[DEBUG 16:58:26] Removing access log: /bpftime/benchmark/ssl-nginx/access.log
[DEBUG 16:58:26] Access log removed successfully
[DEBUG 16:58:26] Checking file: /bpftime/example/sslsniff/sslsniff - EXISTS
[DEBUG 16:58:26] Starting nginx with command: nginx -c /bpftime/benchmark/ssl-nginx/nginx.conf -p /bpftime/benchmark/ssl-nginx
Run 1/10...
[DEBUG 16:58:28] Starting kernel sslsniff: sudo example/sslsniff/sslsniff
[DEBUG 16:58:30] Running wrk with command: wrk https://127.0.0.1:4043/index.html -c 100 -d 10
[DEBUG 16:58:40] Parsing wrk output: Running 10s test @ https://127.0.0.1:4043/index.html
  2 threads and 100 connections
  Thread Stats ...
[DEBUG 16:58:40] Killing sslsniff
  Requests/sec: 8003.48
Run 2/10...
[DEBUG 16:58:42] Starting kernel sslsniff: sudo example/sslsniff/sslsniff
[DEBUG 16:58:44] Running wrk with command: wrk https://127.0.0.1:4043/index.html -c 100 -d 10
[DEBUG 16:58:54] Parsing wrk output: Running 10s test @ https://127.0.0.1:4043/index.html
  2 threads and 100 connections
  Thread Stats ...
[DEBUG 16:58:54] Killing sslsniff
  Requests/sec: 7788.14
Run 3/10...
[DEBUG 16:58:55] Starting kernel sslsniff: sudo example/sslsniff/sslsniff
[DEBUG 16:58:57] Running wrk with command: wrk https://127.0.0.1:4043/index.html -c 100 -d 10
[DEBUG 16:59:07] Parsing wrk output: Running 10s test @ https://127.0.0.1:4043/index.html
  2 threads and 100 connections
  Thread Stats ...
[DEBUG 16:59:07] Killing sslsniff
  Requests/sec: 7670.42
Run 4/10...
[DEBUG 16:59:08] Starting kernel sslsniff: sudo example/sslsniff/sslsniff
[DEBUG 16:59:10] Running wrk with command: wrk https://127.0.0.1:4043/index.html -c 100 -d 10
[DEBUG 16:59:20] Parsing wrk output: Running 10s test @ https://127.0.0.1:4043/index.html
  2 threads and 100 connections
  Thread Stats ...
[DEBUG 16:59:20] Killing sslsniff
  Requests/sec: 7653.12
Run 5/10...
[DEBUG 16:59:21] Starting kernel sslsniff: sudo example/sslsniff/sslsniff
[DEBUG 16:59:23] Running wrk with command: wrk https://127.0.0.1:4043/index.html -c 100 -d 10
[DEBUG 16:59:33] Parsing wrk output: Running 10s test @ https://127.0.0.1:4043/index.html
  2 threads and 100 connections
  Thread Stats ...
[DEBUG 16:59:33] Killing sslsniff
  Requests/sec: 7673.93
Run 6/10...
[DEBUG 16:59:34] Starting kernel sslsniff: sudo example/sslsniff/sslsniff
[DEBUG 16:59:36] Running wrk with command: wrk https://127.0.0.1:4043/index.html -c 100 -d 10
[DEBUG 16:59:46] Parsing wrk output: Running 10s test @ https://127.0.0.1:4043/index.html
  2 threads and 100 connections
  Thread Stats ...
[DEBUG 16:59:46] Killing sslsniff
  Requests/sec: 7820.30
Run 7/10...
[DEBUG 16:59:47] Starting kernel sslsniff: sudo example/sslsniff/sslsniff
[DEBUG 16:59:49] Running wrk with command: wrk https://127.0.0.1:4043/index.html -c 100 -d 10
[DEBUG 16:59:59] Parsing wrk output: Running 10s test @ https://127.0.0.1:4043/index.html
  2 threads and 100 connections
  Thread Stats ...
[DEBUG 16:59:59] Killing sslsniff
  Requests/sec: 7564.30
Run 8/10...
[DEBUG 17:00:00] Starting kernel sslsniff: sudo example/sslsniff/sslsniff
[DEBUG 17:00:02] Running wrk with command: wrk https://127.0.0.1:4043/index.html -c 100 -d 10
[DEBUG 17:00:12] Parsing wrk output: Running 10s test @ https://127.0.0.1:4043/index.html
  2 threads and 100 connections
  Thread Stats ...
[DEBUG 17:00:12] Killing sslsniff
  Requests/sec: 7760.15
Run 9/10...
[DEBUG 17:00:13] Starting kernel sslsniff: sudo example/sslsniff/sslsniff
[DEBUG 17:00:15] Running wrk with command: wrk https://127.0.0.1:4043/index.html -c 100 -d 10
[DEBUG 17:00:25] Parsing wrk output: Running 10s test @ https://127.0.0.1:4043/index.html
  2 threads and 100 connections
  Thread Stats ...
[DEBUG 17:00:25] Killing sslsniff
  Requests/sec: 7858.88
Run 10/10...
[DEBUG 17:00:26] Starting kernel sslsniff: sudo example/sslsniff/sslsniff
[DEBUG 17:00:28] Running wrk with command: wrk https://127.0.0.1:4043/index.html -c 100 -d 10
[DEBUG 17:00:39] Parsing wrk output: Running 10s test @ https://127.0.0.1:4043/index.html
  2 threads and 100 connections
  Thread Stats ...
[DEBUG 17:00:39] Killing sslsniff
  Requests/sec: 7618.01
[DEBUG 17:00:40] Terminating nginx

=== Running bpftime sslsniff Tests ===
[DEBUG 17:00:40] Cleaning up processes...
[DEBUG 17:00:40] Found nginx PIDs: []
[DEBUG 17:00:40] Found sslsniff PIDs: []
[DEBUG 17:00:41] After cleanup: nginx PIDs: [], sslsniff PIDs: []
[DEBUG 17:00:41] Removing access log: /bpftime/benchmark/ssl-nginx/access.log
[DEBUG 17:00:41] Access log removed successfully
[DEBUG 17:00:41] Checking file: /bpftime/example/sslsniff/sslsniff - EXISTS
[DEBUG 17:00:41] Checking file: /bpftime/build/runtime/agent/libbpftime-agent.so - EXISTS
[DEBUG 17:00:41] Checking file: /bpftime/build/runtime/syscall-server/libbpftime-syscall-server.so - EXISTS
Run 1/10...
[DEBUG 17:00:41] Starting sslsniff with bpftime: LD_PRELOAD=build/runtime/syscall-server/libbpftime-syscall-server.so example/sslsniff/sslsniff
[DEBUG 17:00:43] Starting nginx with bpftime: LD_PRELOAD=build/runtime/agent/libbpftime-agent.so nginx -c /bpftime/benchmark/ssl-nginx/nginx.conf -p /bpftime/benchmark/ssl-nginx
[DEBUG 17:00:45] Running wrk with command: wrk https://127.0.0.1:4043/index.html -c 100 -d 10
[DEBUG 17:00:55] Parsing wrk output: Running 10s test @ https://127.0.0.1:4043/index.html
  2 threads and 100 connections
  Thread Stats ...
  Requests/sec: 8308.82
[DEBUG 17:00:55] Terminating processes
[DEBUG 17:00:55] Cleaning up processes...
[DEBUG 17:00:55] Found nginx PIDs: []
[DEBUG 17:00:55] Found sslsniff PIDs: []
[DEBUG 17:00:56] After cleanup: nginx PIDs: [], sslsniff PIDs: []
Run 2/10...
[DEBUG 17:00:56] Starting sslsniff with bpftime: LD_PRELOAD=build/runtime/syscall-server/libbpftime-syscall-server.so example/sslsniff/sslsniff
[DEBUG 17:00:58] Starting nginx with bpftime: LD_PRELOAD=build/runtime/agent/libbpftime-agent.so nginx -c /bpftime/benchmark/ssl-nginx/nginx.conf -p /bpftime/benchmark/ssl-nginx
[DEBUG 17:01:00] Running wrk with command: wrk https://127.0.0.1:4043/index.html -c 100 -d 10
[DEBUG 17:01:10] Parsing wrk output: Running 10s test @ https://127.0.0.1:4043/index.html
  2 threads and 100 connections
  Thread Stats ...
  Requests/sec: 8539.91
[DEBUG 17:01:10] Terminating processes
[DEBUG 17:01:10] Cleaning up processes...
[DEBUG 17:01:10] Found nginx PIDs: []
[DEBUG 17:01:10] Found sslsniff PIDs: []
[DEBUG 17:01:11] After cleanup: nginx PIDs: [], sslsniff PIDs: []
Run 3/10...
[DEBUG 17:01:11] Starting sslsniff with bpftime: LD_PRELOAD=build/runtime/syscall-server/libbpftime-syscall-server.so example/sslsniff/sslsniff
[DEBUG 17:01:13] Starting nginx with bpftime: LD_PRELOAD=build/runtime/agent/libbpftime-agent.so nginx -c /bpftime/benchmark/ssl-nginx/nginx.conf -p /bpftime/benchmark/ssl-nginx
[DEBUG 17:01:15] Running wrk with command: wrk https://127.0.0.1:4043/index.html -c 100 -d 10
[DEBUG 17:01:25] Parsing wrk output: Running 10s test @ https://127.0.0.1:4043/index.html
  2 threads and 100 connections
  Thread Stats ...
  Requests/sec: 8656.15
[DEBUG 17:01:25] Terminating processes
[DEBUG 17:01:25] Cleaning up processes...
[DEBUG 17:01:25] Found nginx PIDs: []
[DEBUG 17:01:25] Found sslsniff PIDs: []
[DEBUG 17:01:26] After cleanup: nginx PIDs: [], sslsniff PIDs: []
Run 4/10...
[DEBUG 17:01:26] Starting sslsniff with bpftime: LD_PRELOAD=build/runtime/syscall-server/libbpftime-syscall-server.so example/sslsniff/sslsniff
[DEBUG 17:01:28] Starting nginx with bpftime: LD_PRELOAD=build/runtime/agent/libbpftime-agent.so nginx -c /bpftime/benchmark/ssl-nginx/nginx.conf -p /bpftime/benchmark/ssl-nginx
[DEBUG 17:01:30] Running wrk with command: wrk https://127.0.0.1:4043/index.html -c 100 -d 10
[DEBUG 17:01:40] Parsing wrk output: Running 10s test @ https://127.0.0.1:4043/index.html
  2 threads and 100 connections
  Thread Stats ...
  Requests/sec: 8572.57
[DEBUG 17:01:40] Terminating processes
[DEBUG 17:01:40] Cleaning up processes...
[DEBUG 17:01:40] Found nginx PIDs: []
[DEBUG 17:01:40] Found sslsniff PIDs: []
[DEBUG 17:01:42] After cleanup: nginx PIDs: [], sslsniff PIDs: []
Run 5/10...
[DEBUG 17:01:42] Starting sslsniff with bpftime: LD_PRELOAD=build/runtime/syscall-server/libbpftime-syscall-server.so example/sslsniff/sslsniff
[DEBUG 17:01:44] Starting nginx with bpftime: LD_PRELOAD=build/runtime/agent/libbpftime-agent.so nginx -c /bpftime/benchmark/ssl-nginx/nginx.conf -p /bpftime/benchmark/ssl-nginx
[DEBUG 17:01:46] Running wrk with command: wrk https://127.0.0.1:4043/index.html -c 100 -d 10
[DEBUG 17:01:56] Parsing wrk output: Running 10s test @ https://127.0.0.1:4043/index.html
  2 threads and 100 connections
  Thread Stats ...
  Requests/sec: 8454.84
[DEBUG 17:01:56] Terminating processes
[DEBUG 17:01:56] Cleaning up processes...
[DEBUG 17:01:56] Found nginx PIDs: []
[DEBUG 17:01:56] Found sslsniff PIDs: []
[DEBUG 17:01:57] After cleanup: nginx PIDs: [], sslsniff PIDs: []
Run 6/10...
[DEBUG 17:01:57] Starting sslsniff with bpftime: LD_PRELOAD=build/runtime/syscall-server/libbpftime-syscall-server.so example/sslsniff/sslsniff
[DEBUG 17:01:59] Starting nginx with bpftime: LD_PRELOAD=build/runtime/agent/libbpftime-agent.so nginx -c /bpftime/benchmark/ssl-nginx/nginx.conf -p /bpftime/benchmark/ssl-nginx
[DEBUG 17:02:01] Running wrk with command: wrk https://127.0.0.1:4043/index.html -c 100 -d 10
[DEBUG 17:02:11] Parsing wrk output: Running 10s test @ https://127.0.0.1:4043/index.html
  2 threads and 100 connections
  Thread Stats ...
  Requests/sec: 8429.98
[DEBUG 17:02:11] Terminating processes
[DEBUG 17:02:11] Cleaning up processes...
[DEBUG 17:02:11] Found nginx PIDs: []
[DEBUG 17:02:11] Found sslsniff PIDs: []
[DEBUG 17:02:12] After cleanup: nginx PIDs: [], sslsniff PIDs: []
Run 7/10...
[DEBUG 17:02:12] Starting sslsniff with bpftime: LD_PRELOAD=build/runtime/syscall-server/libbpftime-syscall-server.so example/sslsniff/sslsniff
[DEBUG 17:02:14] Starting nginx with bpftime: LD_PRELOAD=build/runtime/agent/libbpftime-agent.so nginx -c /bpftime/benchmark/ssl-nginx/nginx.conf -p /bpftime/benchmark/ssl-nginx
[DEBUG 17:02:16] Running wrk with command: wrk https://127.0.0.1:4043/index.html -c 100 -d 10
[DEBUG 17:02:26] Parsing wrk output: Running 10s test @ https://127.0.0.1:4043/index.html
  2 threads and 100 connections
  Thread Stats ...
  Requests/sec: 8630.72
[DEBUG 17:02:26] Terminating processes
[DEBUG 17:02:26] Cleaning up processes...
[DEBUG 17:02:26] Found nginx PIDs: []
[DEBUG 17:02:26] Found sslsniff PIDs: []
[DEBUG 17:02:27] After cleanup: nginx PIDs: [], sslsniff PIDs: []
Run 8/10...
[DEBUG 17:02:27] Starting sslsniff with bpftime: LD_PRELOAD=build/runtime/syscall-server/libbpftime-syscall-server.so example/sslsniff/sslsniff
[DEBUG 17:02:29] Starting nginx with bpftime: LD_PRELOAD=build/runtime/agent/libbpftime-agent.so nginx -c /bpftime/benchmark/ssl-nginx/nginx.conf -p /bpftime/benchmark/ssl-nginx
[DEBUG 17:02:31] Running wrk with command: wrk https://127.0.0.1:4043/index.html -c 100 -d 10
[DEBUG 17:02:41] Parsing wrk output: Running 10s test @ https://127.0.0.1:4043/index.html
  2 threads and 100 connections
  Thread Stats ...
  Requests/sec: 8659.10
[DEBUG 17:02:41] Terminating processes
[DEBUG 17:02:41] Cleaning up processes...
[DEBUG 17:02:41] Found nginx PIDs: []
[DEBUG 17:02:41] Found sslsniff PIDs: []
[DEBUG 17:02:42] After cleanup: nginx PIDs: [], sslsniff PIDs: []
Run 9/10...
[DEBUG 17:02:42] Starting sslsniff with bpftime: LD_PRELOAD=build/runtime/syscall-server/libbpftime-syscall-server.so example/sslsniff/sslsniff
[DEBUG 17:02:44] Starting nginx with bpftime: LD_PRELOAD=build/runtime/agent/libbpftime-agent.so nginx -c /bpftime/benchmark/ssl-nginx/nginx.conf -p /bpftime/benchmark/ssl-nginx
[DEBUG 17:02:46] Running wrk with command: wrk https://127.0.0.1:4043/index.html -c 100 -d 10
[DEBUG 17:02:56] Parsing wrk output: Running 10s test @ https://127.0.0.1:4043/index.html
  2 threads and 100 connections
  Thread Stats ...
  Requests/sec: 8521.83
[DEBUG 17:02:56] Terminating processes
[DEBUG 17:02:56] Cleaning up processes...
[DEBUG 17:02:56] Found nginx PIDs: []
[DEBUG 17:02:56] Found sslsniff PIDs: []
[DEBUG 17:02:57] After cleanup: nginx PIDs: [], sslsniff PIDs: []
Run 10/10...
[DEBUG 17:02:57] Starting sslsniff with bpftime: LD_PRELOAD=build/runtime/syscall-server/libbpftime-syscall-server.so example/sslsniff/sslsniff
[DEBUG 17:02:59] Starting nginx with bpftime: LD_PRELOAD=build/runtime/agent/libbpftime-agent.so nginx -c /bpftime/benchmark/ssl-nginx/nginx.conf -p /bpftime/benchmark/ssl-nginx
[DEBUG 17:03:01] Running wrk with command: wrk https://127.0.0.1:4043/index.html -c 100 -d 10
[DEBUG 17:03:11] Parsing wrk output: Running 10s test @ https://127.0.0.1:4043/index.html
  2 threads and 100 connections
  Thread Stats ...
  Requests/sec: 8487.28
[DEBUG 17:03:11] Terminating processes
[DEBUG 17:03:11] Cleaning up processes...
[DEBUG 17:03:12] Found nginx PIDs: []
[DEBUG 17:03:12] Found sslsniff PIDs: []
[DEBUG 17:03:13] After cleanup: nginx PIDs: [], sslsniff PIDs: []

=== Benchmark Results ===
Each configuration run 10 times

Baseline:
  Requests/sec (mean):   9870.73
  Requests/sec (median): 9927.02
  Standard deviation:    160.85
  Min:                   9426.44
  Max:                   9974.34
  All runs:              [9426.44, 9846.17, 9877.8, 9949.4, 9941.17, 9949.79, 9888.17, 9974.34, 9922.65, 9931.39]

Kernel Sslsniff:
  Requests/sec (mean):   7741.07
  Requests/sec (median): 7717.04
  Standard deviation:    131.33
  Min:                   7564.30
  Max:                   8003.48
  All runs:              [8003.48, 7788.14, 7670.42, 7653.12, 7673.93, 7820.3, 7564.3, 7760.15, 7858.88, 7618.01]

Bpftime Sslsniff:
  Requests/sec (mean):   8526.12
  Requests/sec (median): 8530.87
  Standard deviation:    111.03
  Min:                   8308.82
  Max:                   8659.10
  All runs:              [8308.82, 8539.91, 8656.15, 8572.57, 8454.84, 8429.98, 8630.72, 8659.1, 8521.83, 8487.28]

Kernel sslsniff performance impact: 21.58% decrease
bpftime sslsniff performance impact: 13.62% decrease
bpftime improvement over kernel: 10.14%

Results saved to benchmark/ssl-nginx/benchmark_results_20260724_170313.json
[DEBUG 17:03:13] Cleaning up before exit
[DEBUG 17:03:13] Cleaning up processes...
[DEBUG 17:03:13] Found nginx PIDs: []
[DEBUG 17:03:13] Found sslsniff PIDs: []
[DEBUG 17:03:14] After cleanup: nginx PIDs: [], sslsniff PIDs: []


=== Running benchmark for 128kb file ===
Generating test file of size 128kb...
  Created benchmark/ssl-nginx/index.html (131072 bytes)
[DEBUG 17:03:16] Starting benchmark script
[DEBUG 17:03:16] Current working directory: /bpftime
[DEBUG 17:03:16] Checking command: nginx - EXISTS
[DEBUG 17:03:16]   Path: /usr/sbin/nginx
[DEBUG 17:03:16] Checking file: /bpftime/build/runtime/agent/libbpftime-agent.so - EXISTS
[DEBUG 17:03:16] Checking file: /bpftime/build/runtime/syscall-server/libbpftime-syscall-server.so - EXISTS
[DEBUG 17:03:16] Checking file: /bpftime/example/sslsniff/sslsniff - EXISTS
[DEBUG 17:03:16] Checking command: wrk - EXISTS
[DEBUG 17:03:16]   Path: /usr/bin/wrk

=== Running Baseline Tests ===
[DEBUG 17:03:16] Cleaning up processes...
[DEBUG 17:03:16] Found nginx PIDs: []
[DEBUG 17:03:16] Found sslsniff PIDs: []
[DEBUG 17:03:17] After cleanup: nginx PIDs: [], sslsniff PIDs: []
[DEBUG 17:03:17] Removing access log: /bpftime/benchmark/ssl-nginx/access.log
[DEBUG 17:03:17] Access log removed successfully
[DEBUG 17:03:17] Checking command: nginx - EXISTS
[DEBUG 17:03:17]   Path: /usr/sbin/nginx
[DEBUG 17:03:17] Current directory: /bpftime
[DEBUG 17:03:17] Checking if nginx.conf exists: True
[DEBUG 17:03:17] Starting nginx with command: nginx -c /bpftime/benchmark/ssl-nginx/nginx.conf -p /bpftime/benchmark/ssl-nginx
[DEBUG 17:03:19] nginx started successfully
[DEBUG 17:03:19] Error checking nginx: [Errno 2] No such file or directory: 'curl'
Run 1/10...
[DEBUG 17:03:19] Running wrk with command: wrk https://127.0.0.1:4043/index.html -c 100 -d 10
[DEBUG 17:03:29] wrk exit code: 0
[DEBUG 17:03:29] Parsing wrk output: Running 10s test @ https://127.0.0.1:4043/index.html
  2 threads and 100 connections
  Thread Stats ...
  Requests/sec: 3057.18
Run 2/10...
[DEBUG 17:03:29] Running wrk with command: wrk https://127.0.0.1:4043/index.html -c 100 -d 10
[DEBUG 17:03:39] wrk exit code: 0
[DEBUG 17:03:39] Parsing wrk output: Running 10s test @ https://127.0.0.1:4043/index.html
  2 threads and 100 connections
  Thread Stats ...
  Requests/sec: 3061.80
Run 3/10...
[DEBUG 17:03:39] Running wrk with command: wrk https://127.0.0.1:4043/index.html -c 100 -d 10
[DEBUG 17:03:49] wrk exit code: 0
[DEBUG 17:03:49] Parsing wrk output: Running 10s test @ https://127.0.0.1:4043/index.html
  2 threads and 100 connections
  Thread Stats ...
  Requests/sec: 2972.73
Run 4/10...
[DEBUG 17:03:49] Running wrk with command: wrk https://127.0.0.1:4043/index.html -c 100 -d 10
[DEBUG 17:03:59] wrk exit code: 0
[DEBUG 17:03:59] Parsing wrk output: Running 10s test @ https://127.0.0.1:4043/index.html
  2 threads and 100 connections
  Thread Stats ...
  Requests/sec: 2955.16
Run 5/10...
[DEBUG 17:03:59] Running wrk with command: wrk https://127.0.0.1:4043/index.html -c 100 -d 10
[DEBUG 17:04:09] wrk exit code: 0
[DEBUG 17:04:09] Parsing wrk output: Running 10s test @ https://127.0.0.1:4043/index.html
  2 threads and 100 connections
  Thread Stats ...
  Requests/sec: 2921.93
Run 6/10...
[DEBUG 17:04:09] Running wrk with command: wrk https://127.0.0.1:4043/index.html -c 100 -d 10
[DEBUG 17:04:19] wrk exit code: 0
[DEBUG 17:04:19] Parsing wrk output: Running 10s test @ https://127.0.0.1:4043/index.html
  2 threads and 100 connections
  Thread Stats ...
  Requests/sec: 2956.21
Run 7/10...
[DEBUG 17:04:19] Running wrk with command: wrk https://127.0.0.1:4043/index.html -c 100 -d 10
[DEBUG 17:04:29] wrk exit code: 0
[DEBUG 17:04:29] Parsing wrk output: Running 10s test @ https://127.0.0.1:4043/index.html
  2 threads and 100 connections
  Thread Stats ...
  Requests/sec: 2999.77
Run 8/10...
[DEBUG 17:04:29] Running wrk with command: wrk https://127.0.0.1:4043/index.html -c 100 -d 10
[DEBUG 17:04:39] wrk exit code: 0
[DEBUG 17:04:39] Parsing wrk output: Running 10s test @ https://127.0.0.1:4043/index.html
  2 threads and 100 connections
  Thread Stats ...
  Requests/sec: 3006.61
Run 9/10...
[DEBUG 17:04:39] Running wrk with command: wrk https://127.0.0.1:4043/index.html -c 100 -d 10
[DEBUG 17:04:50] wrk exit code: 0
[DEBUG 17:04:50] Parsing wrk output: Running 10s test @ https://127.0.0.1:4043/index.html
  2 threads and 100 connections
  Thread Stats ...
  Requests/sec: 2946.97
Run 10/10...
[DEBUG 17:04:50] Running wrk with command: wrk https://127.0.0.1:4043/index.html -c 100 -d 10
[DEBUG 17:05:00] wrk exit code: 0
[DEBUG 17:05:00] Parsing wrk output: Running 10s test @ https://127.0.0.1:4043/index.html
  2 threads and 100 connections
  Thread Stats ...
  Requests/sec: 2920.08
[DEBUG 17:05:00] Terminating nginx

=== Running Kernel sslsniff Tests ===
[DEBUG 17:05:00] Cleaning up processes...
[DEBUG 17:05:00] Found nginx PIDs: []
[DEBUG 17:05:00] Found sslsniff PIDs: []
[DEBUG 17:05:01] After cleanup: nginx PIDs: [], sslsniff PIDs: []
[DEBUG 17:05:01] Removing access log: /bpftime/benchmark/ssl-nginx/access.log
[DEBUG 17:05:01] Access log removed successfully
[DEBUG 17:05:01] Checking file: /bpftime/example/sslsniff/sslsniff - EXISTS
[DEBUG 17:05:01] Starting nginx with command: nginx -c /bpftime/benchmark/ssl-nginx/nginx.conf -p /bpftime/benchmark/ssl-nginx
Run 1/10...
[DEBUG 17:05:03] Starting kernel sslsniff: sudo example/sslsniff/sslsniff
[DEBUG 17:05:05] Running wrk with command: wrk https://127.0.0.1:4043/index.html -c 100 -d 10
[DEBUG 17:05:15] Parsing wrk output: Running 10s test @ https://127.0.0.1:4043/index.html
  2 threads and 100 connections
  Thread Stats ...
[DEBUG 17:05:15] Killing sslsniff
  Requests/sec: 2280.24
Run 2/10...
[DEBUG 17:05:16] Starting kernel sslsniff: sudo example/sslsniff/sslsniff
[DEBUG 17:05:18] Running wrk with command: wrk https://127.0.0.1:4043/index.html -c 100 -d 10
[DEBUG 17:05:28] Parsing wrk output: Running 10s test @ https://127.0.0.1:4043/index.html
  2 threads and 100 connections
  Thread Stats ...
[DEBUG 17:05:28] Killing sslsniff
  Requests/sec: 2269.71
Run 3/10...
[DEBUG 17:05:29] Starting kernel sslsniff: sudo example/sslsniff/sslsniff
[DEBUG 17:05:31] Running wrk with command: wrk https://127.0.0.1:4043/index.html -c 100 -d 10
[DEBUG 17:05:41] Parsing wrk output: Running 10s test @ https://127.0.0.1:4043/index.html
  2 threads and 100 connections
  Thread Stats ...
[DEBUG 17:05:41] Killing sslsniff
  Requests/sec: 2239.90
Run 4/10...
[DEBUG 17:05:42] Starting kernel sslsniff: sudo example/sslsniff/sslsniff
[DEBUG 17:05:44] Running wrk with command: wrk https://127.0.0.1:4043/index.html -c 100 -d 10
[DEBUG 17:05:54] Parsing wrk output: Running 10s test @ https://127.0.0.1:4043/index.html
  2 threads and 100 connections
  Thread Stats ...
[DEBUG 17:05:54] Killing sslsniff
  Requests/sec: 2261.99
Run 5/10...
[DEBUG 17:05:55] Starting kernel sslsniff: sudo example/sslsniff/sslsniff
[DEBUG 17:05:57] Running wrk with command: wrk https://127.0.0.1:4043/index.html -c 100 -d 10
[DEBUG 17:06:07] Parsing wrk output: Running 10s test @ https://127.0.0.1:4043/index.html
  2 threads and 100 connections
  Thread Stats ...
[DEBUG 17:06:07] Killing sslsniff
  Requests/sec: 2231.74
Run 6/10...
[DEBUG 17:06:08] Starting kernel sslsniff: sudo example/sslsniff/sslsniff
[DEBUG 17:06:10] Running wrk with command: wrk https://127.0.0.1:4043/index.html -c 100 -d 10
[DEBUG 17:06:20] Parsing wrk output: Running 10s test @ https://127.0.0.1:4043/index.html
  2 threads and 100 connections
  Thread Stats ...
[DEBUG 17:06:20] Killing sslsniff
  Requests/sec: 2219.40
Run 7/10...
[DEBUG 17:06:21] Starting kernel sslsniff: sudo example/sslsniff/sslsniff
[DEBUG 17:06:23] Running wrk with command: wrk https://127.0.0.1:4043/index.html -c 100 -d 10
[DEBUG 17:06:34] Parsing wrk output: Running 10s test @ https://127.0.0.1:4043/index.html
  2 threads and 100 connections
  Thread Stats ...
[DEBUG 17:06:34] Killing sslsniff
  Requests/sec: 2216.12
Run 8/10...
[DEBUG 17:06:35] Starting kernel sslsniff: sudo example/sslsniff/sslsniff
[DEBUG 17:06:37] Running wrk with command: wrk https://127.0.0.1:4043/index.html -c 100 -d 10
[DEBUG 17:06:47] Parsing wrk output: Running 10s test @ https://127.0.0.1:4043/index.html
  2 threads and 100 connections
  Thread Stats ...
[DEBUG 17:06:47] Killing sslsniff
  Requests/sec: 2227.97
Run 9/10...
[DEBUG 17:06:48] Starting kernel sslsniff: sudo example/sslsniff/sslsniff
[DEBUG 17:06:50] Running wrk with command: wrk https://127.0.0.1:4043/index.html -c 100 -d 10
[DEBUG 17:07:00] Parsing wrk output: Running 10s test @ https://127.0.0.1:4043/index.html
  2 threads and 100 connections
  Thread Stats ...
[DEBUG 17:07:00] Killing sslsniff
  Requests/sec: 2222.72
Run 10/10...
[DEBUG 17:07:01] Starting kernel sslsniff: sudo example/sslsniff/sslsniff
[DEBUG 17:07:03] Running wrk with command: wrk https://127.0.0.1:4043/index.html -c 100 -d 10
[DEBUG 17:07:13] Parsing wrk output: Running 10s test @ https://127.0.0.1:4043/index.html
  2 threads and 100 connections
  Thread Stats ...
[DEBUG 17:07:13] Killing sslsniff
  Requests/sec: 2220.10
[DEBUG 17:07:14] Terminating nginx

=== Running bpftime sslsniff Tests ===
[DEBUG 17:07:14] Cleaning up processes...
[DEBUG 17:07:14] Found nginx PIDs: []
[DEBUG 17:07:14] Found sslsniff PIDs: []
[DEBUG 17:07:15] After cleanup: nginx PIDs: [], sslsniff PIDs: []
[DEBUG 17:07:15] Removing access log: /bpftime/benchmark/ssl-nginx/access.log
[DEBUG 17:07:15] Access log removed successfully
[DEBUG 17:07:15] Checking file: /bpftime/example/sslsniff/sslsniff - EXISTS
[DEBUG 17:07:15] Checking file: /bpftime/build/runtime/agent/libbpftime-agent.so - EXISTS
[DEBUG 17:07:15] Checking file: /bpftime/build/runtime/syscall-server/libbpftime-syscall-server.so - EXISTS
Run 1/10...
[DEBUG 17:07:15] Starting sslsniff with bpftime: LD_PRELOAD=build/runtime/syscall-server/libbpftime-syscall-server.so example/sslsniff/sslsniff
[DEBUG 17:07:17] Starting nginx with bpftime: LD_PRELOAD=build/runtime/agent/libbpftime-agent.so nginx -c /bpftime/benchmark/ssl-nginx/nginx.conf -p /bpftime/benchmark/ssl-nginx
[DEBUG 17:07:19] Running wrk with command: wrk https://127.0.0.1:4043/index.html -c 100 -d 10
[DEBUG 17:07:29] Parsing wrk output: Running 10s test @ https://127.0.0.1:4043/index.html
  2 threads and 100 connections
  Thread Stats ...
  Requests/sec: 2598.25
[DEBUG 17:07:29] Terminating processes
[DEBUG 17:07:29] Cleaning up processes...
[DEBUG 17:07:29] Found nginx PIDs: []
[DEBUG 17:07:29] Found sslsniff PIDs: []
[DEBUG 17:07:30] After cleanup: nginx PIDs: [], sslsniff PIDs: []
Run 2/10...
[DEBUG 17:07:30] Starting sslsniff with bpftime: LD_PRELOAD=build/runtime/syscall-server/libbpftime-syscall-server.so example/sslsniff/sslsniff
[DEBUG 17:07:32] Starting nginx with bpftime: LD_PRELOAD=build/runtime/agent/libbpftime-agent.so nginx -c /bpftime/benchmark/ssl-nginx/nginx.conf -p /bpftime/benchmark/ssl-nginx
[DEBUG 17:07:34] Running wrk with command: wrk https://127.0.0.1:4043/index.html -c 100 -d 10
[DEBUG 17:07:44] Parsing wrk output: Running 10s test @ https://127.0.0.1:4043/index.html
  2 threads and 100 connections
  Thread Stats ...
  Requests/sec: 2574.66
[DEBUG 17:07:44] Terminating processes
[DEBUG 17:07:44] Cleaning up processes...
[DEBUG 17:07:44] Found nginx PIDs: []
[DEBUG 17:07:44] Found sslsniff PIDs: []
[DEBUG 17:07:45] After cleanup: nginx PIDs: [], sslsniff PIDs: []
Run 3/10...
[DEBUG 17:07:45] Starting sslsniff with bpftime: LD_PRELOAD=build/runtime/syscall-server/libbpftime-syscall-server.so example/sslsniff/sslsniff
[DEBUG 17:07:47] Starting nginx with bpftime: LD_PRELOAD=build/runtime/agent/libbpftime-agent.so nginx -c /bpftime/benchmark/ssl-nginx/nginx.conf -p /bpftime/benchmark/ssl-nginx
[DEBUG 17:07:49] Running wrk with command: wrk https://127.0.0.1:4043/index.html -c 100 -d 10
[DEBUG 17:07:59] Parsing wrk output: Running 10s test @ https://127.0.0.1:4043/index.html
  2 threads and 100 connections
  Thread Stats ...
  Requests/sec: 2596.96
[DEBUG 17:07:59] Terminating processes
[DEBUG 17:07:59] Cleaning up processes...
[DEBUG 17:07:59] Found nginx PIDs: []
[DEBUG 17:07:59] Found sslsniff PIDs: []
[DEBUG 17:08:01] After cleanup: nginx PIDs: [], sslsniff PIDs: []
Run 4/10...
[DEBUG 17:08:01] Starting sslsniff with bpftime: LD_PRELOAD=build/runtime/syscall-server/libbpftime-syscall-server.so example/sslsniff/sslsniff
[DEBUG 17:08:03] Starting nginx with bpftime: LD_PRELOAD=build/runtime/agent/libbpftime-agent.so nginx -c /bpftime/benchmark/ssl-nginx/nginx.conf -p /bpftime/benchmark/ssl-nginx
[DEBUG 17:08:05] Running wrk with command: wrk https://127.0.0.1:4043/index.html -c 100 -d 10
[DEBUG 17:08:15] Parsing wrk output: Running 10s test @ https://127.0.0.1:4043/index.html
  2 threads and 100 connections
  Thread Stats ...
  Requests/sec: 2588.07
[DEBUG 17:08:15] Terminating processes
[DEBUG 17:08:15] Cleaning up processes...
[DEBUG 17:08:15] Found nginx PIDs: []
[DEBUG 17:08:15] Found sslsniff PIDs: []
[DEBUG 17:08:16] After cleanup: nginx PIDs: [], sslsniff PIDs: []
Run 5/10...
[DEBUG 17:08:16] Starting sslsniff with bpftime: LD_PRELOAD=build/runtime/syscall-server/libbpftime-syscall-server.so example/sslsniff/sslsniff
[DEBUG 17:08:18] Starting nginx with bpftime: LD_PRELOAD=build/runtime/agent/libbpftime-agent.so nginx -c /bpftime/benchmark/ssl-nginx/nginx.conf -p /bpftime/benchmark/ssl-nginx
[DEBUG 17:08:20] Running wrk with command: wrk https://127.0.0.1:4043/index.html -c 100 -d 10
[DEBUG 17:08:30] Parsing wrk output: Running 10s test @ https://127.0.0.1:4043/index.html
  2 threads and 100 connections
  Thread Stats ...
  Requests/sec: 2558.42
[DEBUG 17:08:30] Terminating processes
[DEBUG 17:08:30] Cleaning up processes...
[DEBUG 17:08:30] Found nginx PIDs: []
[DEBUG 17:08:30] Found sslsniff PIDs: []
[DEBUG 17:08:31] After cleanup: nginx PIDs: [], sslsniff PIDs: []
Run 6/10...
[DEBUG 17:08:31] Starting sslsniff with bpftime: LD_PRELOAD=build/runtime/syscall-server/libbpftime-syscall-server.so example/sslsniff/sslsniff
[DEBUG 17:08:33] Starting nginx with bpftime: LD_PRELOAD=build/runtime/agent/libbpftime-agent.so nginx -c /bpftime/benchmark/ssl-nginx/nginx.conf -p /bpftime/benchmark/ssl-nginx
[DEBUG 17:08:35] Running wrk with command: wrk https://127.0.0.1:4043/index.html -c 100 -d 10
[DEBUG 17:08:45] Parsing wrk output: Running 10s test @ https://127.0.0.1:4043/index.html
  2 threads and 100 connections
  Thread Stats ...
  Requests/sec: 2587.06
[DEBUG 17:08:45] Terminating processes
[DEBUG 17:08:45] Cleaning up processes...
[DEBUG 17:08:45] Found nginx PIDs: []
[DEBUG 17:08:45] Found sslsniff PIDs: []
[DEBUG 17:08:46] After cleanup: nginx PIDs: [], sslsniff PIDs: []
Run 7/10...
[DEBUG 17:08:46] Starting sslsniff with bpftime: LD_PRELOAD=build/runtime/syscall-server/libbpftime-syscall-server.so example/sslsniff/sslsniff
[DEBUG 17:08:48] Starting nginx with bpftime: LD_PRELOAD=build/runtime/agent/libbpftime-agent.so nginx -c /bpftime/benchmark/ssl-nginx/nginx.conf -p /bpftime/benchmark/ssl-nginx
[DEBUG 17:08:50] Running wrk with command: wrk https://127.0.0.1:4043/index.html -c 100 -d 10
[DEBUG 17:09:00] Parsing wrk output: Running 10s test @ https://127.0.0.1:4043/index.html
  2 threads and 100 connections
  Thread Stats ...
  Requests/sec: 2607.48
[DEBUG 17:09:00] Terminating processes
[DEBUG 17:09:00] Cleaning up processes...
[DEBUG 17:09:00] Found nginx PIDs: []
[DEBUG 17:09:00] Found sslsniff PIDs: []
[DEBUG 17:09:01] After cleanup: nginx PIDs: [], sslsniff PIDs: []
Run 8/10...
[DEBUG 17:09:01] Starting sslsniff with bpftime: LD_PRELOAD=build/runtime/syscall-server/libbpftime-syscall-server.so example/sslsniff/sslsniff
[DEBUG 17:09:03] Starting nginx with bpftime: LD_PRELOAD=build/runtime/agent/libbpftime-agent.so nginx -c /bpftime/benchmark/ssl-nginx/nginx.conf -p /bpftime/benchmark/ssl-nginx
[DEBUG 17:09:05] Running wrk with command: wrk https://127.0.0.1:4043/index.html -c 100 -d 10
[DEBUG 17:09:15] Parsing wrk output: Running 10s test @ https://127.0.0.1:4043/index.html
  2 threads and 100 connections
  Thread Stats ...
  Requests/sec: 2591.55
[DEBUG 17:09:15] Terminating processes
[DEBUG 17:09:16] Cleaning up processes...
[DEBUG 17:09:16] Found nginx PIDs: []
[DEBUG 17:09:16] Found sslsniff PIDs: []
[DEBUG 17:09:17] After cleanup: nginx PIDs: [], sslsniff PIDs: []
Run 9/10...
[DEBUG 17:09:17] Starting sslsniff with bpftime: LD_PRELOAD=build/runtime/syscall-server/libbpftime-syscall-server.so example/sslsniff/sslsniff
[DEBUG 17:09:19] Starting nginx with bpftime: LD_PRELOAD=build/runtime/agent/libbpftime-agent.so nginx -c /bpftime/benchmark/ssl-nginx/nginx.conf -p /bpftime/benchmark/ssl-nginx
[DEBUG 17:09:21] Running wrk with command: wrk https://127.0.0.1:4043/index.html -c 100 -d 10
[DEBUG 17:09:31] Parsing wrk output: Running 10s test @ https://127.0.0.1:4043/index.html
  2 threads and 100 connections
  Thread Stats ...
  Requests/sec: 2501.63
[DEBUG 17:09:31] Terminating processes
[DEBUG 17:09:31] Cleaning up processes...
[DEBUG 17:09:31] Found nginx PIDs: []
[DEBUG 17:09:31] Found sslsniff PIDs: []
[DEBUG 17:09:32] After cleanup: nginx PIDs: [], sslsniff PIDs: []
Run 10/10...
[DEBUG 17:09:32] Starting sslsniff with bpftime: LD_PRELOAD=build/runtime/syscall-server/libbpftime-syscall-server.so example/sslsniff/sslsniff
[DEBUG 17:09:34] Starting nginx with bpftime: LD_PRELOAD=build/runtime/agent/libbpftime-agent.so nginx -c /bpftime/benchmark/ssl-nginx/nginx.conf -p /bpftime/benchmark/ssl-nginx
[DEBUG 17:09:36] Running wrk with command: wrk https://127.0.0.1:4043/index.html -c 100 -d 10
[DEBUG 17:09:46] Parsing wrk output: Running 10s test @ https://127.0.0.1:4043/index.html
  2 threads and 100 connections
  Thread Stats ...
  Requests/sec: 2585.40
[DEBUG 17:09:46] Terminating processes
[DEBUG 17:09:46] Cleaning up processes...
[DEBUG 17:09:46] Found nginx PIDs: []
[DEBUG 17:09:46] Found sslsniff PIDs: []
[DEBUG 17:09:47] After cleanup: nginx PIDs: [], sslsniff PIDs: []

=== Benchmark Results ===
Each configuration run 10 times

Baseline:
  Requests/sec (mean):   2979.84
  Requests/sec (median): 2964.47
  Standard deviation:    50.59
  Min:                   2920.08
  Max:                   3061.80
  All runs:              [3057.18, 3061.8, 2972.73, 2955.16, 2921.93, 2956.21, 2999.77, 3006.61, 2946.97, 2920.08]

Kernel Sslsniff:
  Requests/sec (mean):   2238.99
  Requests/sec (median): 2229.85
  Standard deviation:    23.28
  Min:                   2216.12
  Max:                   2280.24
  All runs:              [2280.24, 2269.71, 2239.9, 2261.99, 2231.74, 2219.4, 2216.12, 2227.97, 2222.72, 2220.1]

Bpftime Sslsniff:
  Requests/sec (mean):   2578.95
  Requests/sec (median): 2587.57
  Standard deviation:    30.33
  Min:                   2501.63
  Max:                   2607.48
  All runs:              [2598.25, 2574.66, 2596.96, 2588.07, 2558.42, 2587.06, 2607.48, 2591.55, 2501.63, 2585.4]

Kernel sslsniff performance impact: 24.86% decrease
bpftime sslsniff performance impact: 13.45% decrease
bpftime improvement over kernel: 15.18%

Results saved to benchmark/ssl-nginx/benchmark_results_20260724_170947.json
[DEBUG 17:09:47] Cleaning up before exit
[DEBUG 17:09:47] Cleaning up processes...
[DEBUG 17:09:47] Found nginx PIDs: []
[DEBUG 17:09:47] Found sslsniff PIDs: []
[DEBUG 17:09:48] After cleanup: nginx PIDs: [], sslsniff PIDs: []


=== Running benchmark for 256kb file ===
Generating test file of size 256kb...
  Created benchmark/ssl-nginx/index.html (262144 bytes)
[DEBUG 17:09:50] Starting benchmark script
[DEBUG 17:09:50] Current working directory: /bpftime
[DEBUG 17:09:50] Checking command: nginx - EXISTS
[DEBUG 17:09:50]   Path: /usr/sbin/nginx
[DEBUG 17:09:50] Checking file: /bpftime/build/runtime/agent/libbpftime-agent.so - EXISTS
[DEBUG 17:09:50] Checking file: /bpftime/build/runtime/syscall-server/libbpftime-syscall-server.so - EXISTS
[DEBUG 17:09:50] Checking file: /bpftime/example/sslsniff/sslsniff - EXISTS
[DEBUG 17:09:50] Checking command: wrk - EXISTS
[DEBUG 17:09:50]   Path: /usr/bin/wrk

=== Running Baseline Tests ===
[DEBUG 17:09:50] Cleaning up processes...
[DEBUG 17:09:50] Found nginx PIDs: []
[DEBUG 17:09:50] Found sslsniff PIDs: []
[DEBUG 17:09:51] After cleanup: nginx PIDs: [], sslsniff PIDs: []
[DEBUG 17:09:51] Removing access log: /bpftime/benchmark/ssl-nginx/access.log
[DEBUG 17:09:51] Access log removed successfully
[DEBUG 17:09:51] Checking command: nginx - EXISTS
[DEBUG 17:09:51]   Path: /usr/sbin/nginx
[DEBUG 17:09:51] Current directory: /bpftime
[DEBUG 17:09:51] Checking if nginx.conf exists: True
[DEBUG 17:09:51] Starting nginx with command: nginx -c /bpftime/benchmark/ssl-nginx/nginx.conf -p /bpftime/benchmark/ssl-nginx
[DEBUG 17:09:53] nginx started successfully
[DEBUG 17:09:53] Error checking nginx: [Errno 2] No such file or directory: 'curl'
Run 1/10...
[DEBUG 17:09:53] Running wrk with command: wrk https://127.0.0.1:4043/index.html -c 100 -d 10
[DEBUG 17:10:04] wrk exit code: 0
[DEBUG 17:10:04] Parsing wrk output: Running 10s test @ https://127.0.0.1:4043/index.html
  2 threads and 100 connections
  Thread Stats ...
  Requests/sec: 1684.00
Run 2/10...
[DEBUG 17:10:04] Running wrk with command: wrk https://127.0.0.1:4043/index.html -c 100 -d 10
[DEBUG 17:10:14] wrk exit code: 0
[DEBUG 17:10:14] Parsing wrk output: Running 10s test @ https://127.0.0.1:4043/index.html
  2 threads and 100 connections
  Thread Stats ...
  Requests/sec: 1644.50
Run 3/10...
[DEBUG 17:10:14] Running wrk with command: wrk https://127.0.0.1:4043/index.html -c 100 -d 10
[DEBUG 17:10:24] wrk exit code: 0
[DEBUG 17:10:24] Parsing wrk output: Running 10s test @ https://127.0.0.1:4043/index.html
  2 threads and 100 connections
  Thread Stats ...
  Requests/sec: 1631.35
Run 4/10...
[DEBUG 17:10:24] Running wrk with command: wrk https://127.0.0.1:4043/index.html -c 100 -d 10
[DEBUG 17:10:34] wrk exit code: 0
[DEBUG 17:10:34] Parsing wrk output: Running 10s test @ https://127.0.0.1:4043/index.html
  2 threads and 100 connections
  Thread Stats ...
  Requests/sec: 1641.64
Run 5/10...
[DEBUG 17:10:34] Running wrk with command: wrk https://127.0.0.1:4043/index.html -c 100 -d 10
[DEBUG 17:10:44] wrk exit code: 0
[DEBUG 17:10:44] Parsing wrk output: Running 10s test @ https://127.0.0.1:4043/index.html
  2 threads and 100 connections
  Thread Stats ...
  Requests/sec: 1639.23
Run 6/10...
[DEBUG 17:10:44] Running wrk with command: wrk https://127.0.0.1:4043/index.html -c 100 -d 10
[DEBUG 17:10:54] wrk exit code: 0
[DEBUG 17:10:54] Parsing wrk output: Running 10s test @ https://127.0.0.1:4043/index.html
  2 threads and 100 connections
  Thread Stats ...
  Requests/sec: 1620.90
Run 7/10...
[DEBUG 17:10:54] Running wrk with command: wrk https://127.0.0.1:4043/index.html -c 100 -d 10
[DEBUG 17:11:04] wrk exit code: 0
[DEBUG 17:11:04] Parsing wrk output: Running 10s test @ https://127.0.0.1:4043/index.html
  2 threads and 100 connections
  Thread Stats ...
  Requests/sec: 1622.45
Run 8/10...
[DEBUG 17:11:04] Running wrk with command: wrk https://127.0.0.1:4043/index.html -c 100 -d 10
[DEBUG 17:11:14] wrk exit code: 0
[DEBUG 17:11:14] Parsing wrk output: Running 10s test @ https://127.0.0.1:4043/index.html
  2 threads and 100 connections
  Thread Stats ...
  Requests/sec: 1621.59
Run 9/10...
[DEBUG 17:11:14] Running wrk with command: wrk https://127.0.0.1:4043/index.html -c 100 -d 10
[DEBUG 17:11:24] wrk exit code: 0
[DEBUG 17:11:24] Parsing wrk output: Running 10s test @ https://127.0.0.1:4043/index.html
  2 threads and 100 connections
  Thread Stats ...
  Requests/sec: 1645.76
Run 10/10...
[DEBUG 17:11:24] Running wrk with command: wrk https://127.0.0.1:4043/index.html -c 100 -d 10
[DEBUG 17:11:34] wrk exit code: 0
[DEBUG 17:11:34] Parsing wrk output: Running 10s test @ https://127.0.0.1:4043/index.html
  2 threads and 100 connections
  Thread Stats ...
  Requests/sec: 1634.97
[DEBUG 17:11:34] Terminating nginx

=== Running Kernel sslsniff Tests ===
[DEBUG 17:11:34] Cleaning up processes...
[DEBUG 17:11:34] Found nginx PIDs: []
[DEBUG 17:11:34] Found sslsniff PIDs: []
[DEBUG 17:11:35] After cleanup: nginx PIDs: [], sslsniff PIDs: []
[DEBUG 17:11:35] Removing access log: /bpftime/benchmark/ssl-nginx/access.log
[DEBUG 17:11:35] Access log removed successfully
[DEBUG 17:11:35] Checking file: /bpftime/example/sslsniff/sslsniff - EXISTS
[DEBUG 17:11:35] Starting nginx with command: nginx -c /bpftime/benchmark/ssl-nginx/nginx.conf -p /bpftime/benchmark/ssl-nginx
Run 1/10...
[DEBUG 17:11:37] Starting kernel sslsniff: sudo example/sslsniff/sslsniff
[DEBUG 17:11:39] Running wrk with command: wrk https://127.0.0.1:4043/index.html -c 100 -d 10
[DEBUG 17:11:49] Parsing wrk output: Running 10s test @ https://127.0.0.1:4043/index.html
  2 threads and 100 connections
  Thread Stats ...
[DEBUG 17:11:49] Killing sslsniff
  Requests/sec: 1324.50
Run 2/10...
[DEBUG 17:11:50] Starting kernel sslsniff: sudo example/sslsniff/sslsniff
[DEBUG 17:11:52] Running wrk with command: wrk https://127.0.0.1:4043/index.html -c 100 -d 10
[DEBUG 17:12:02] Parsing wrk output: Running 10s test @ https://127.0.0.1:4043/index.html
  2 threads and 100 connections
  Thread Stats ...
[DEBUG 17:12:02] Killing sslsniff
  Requests/sec: 1288.43
Run 3/10...
[DEBUG 17:12:03] Starting kernel sslsniff: sudo example/sslsniff/sslsniff
[DEBUG 17:12:05] Running wrk with command: wrk https://127.0.0.1:4043/index.html -c 100 -d 10
[DEBUG 17:12:15] Parsing wrk output: Running 10s test @ https://127.0.0.1:4043/index.html
  2 threads and 100 connections
  Thread Stats ...
[DEBUG 17:12:15] Killing sslsniff
  Requests/sec: 1283.48
Run 4/10...
[DEBUG 17:12:17] Starting kernel sslsniff: sudo example/sslsniff/sslsniff
[DEBUG 17:12:19] Running wrk with command: wrk https://127.0.0.1:4043/index.html -c 100 -d 10
[DEBUG 17:12:29] Parsing wrk output: Running 10s test @ https://127.0.0.1:4043/index.html
  2 threads and 100 connections
  Thread Stats ...
[DEBUG 17:12:29] Killing sslsniff
  Requests/sec: 1363.39
Run 5/10...
[DEBUG 17:12:30] Starting kernel sslsniff: sudo example/sslsniff/sslsniff
[DEBUG 17:12:32] Running wrk with command: wrk https://127.0.0.1:4043/index.html -c 100 -d 10
[DEBUG 17:12:42] Parsing wrk output: Running 10s test @ https://127.0.0.1:4043/index.html
  2 threads and 100 connections
  Thread Stats ...
[DEBUG 17:12:42] Killing sslsniff
  Requests/sec: 1292.24
Run 6/10...
[DEBUG 17:12:43] Starting kernel sslsniff: sudo example/sslsniff/sslsniff
[DEBUG 17:12:45] Running wrk with command: wrk https://127.0.0.1:4043/index.html -c 100 -d 10
[DEBUG 17:12:55] Parsing wrk output: Running 10s test @ https://127.0.0.1:4043/index.html
  2 threads and 100 connections
  Thread Stats ...
[DEBUG 17:12:55] Killing sslsniff
  Requests/sec: 1268.14
Run 7/10...
[DEBUG 17:12:56] Starting kernel sslsniff: sudo example/sslsniff/sslsniff
[DEBUG 17:12:58] Running wrk with command: wrk https://127.0.0.1:4043/index.html -c 100 -d 10
[DEBUG 17:13:08] Parsing wrk output: Running 10s test @ https://127.0.0.1:4043/index.html
  2 threads and 100 connections
  Thread Stats ...
[DEBUG 17:13:08] Killing sslsniff
  Requests/sec: 1308.71
Run 8/10...
[DEBUG 17:13:09] Starting kernel sslsniff: sudo example/sslsniff/sslsniff
[DEBUG 17:13:11] Running wrk with command: wrk https://127.0.0.1:4043/index.html -c 100 -d 10
[DEBUG 17:13:21] Parsing wrk output: Running 10s test @ https://127.0.0.1:4043/index.html
  2 threads and 100 connections
  Thread Stats ...
[DEBUG 17:13:21] Killing sslsniff
  Requests/sec: 1333.56
Run 9/10...
[DEBUG 17:13:22] Starting kernel sslsniff: sudo example/sslsniff/sslsniff
[DEBUG 17:13:24] Running wrk with command: wrk https://127.0.0.1:4043/index.html -c 100 -d 10
[DEBUG 17:13:34] Parsing wrk output: Running 10s test @ https://127.0.0.1:4043/index.html
  2 threads and 100 connections
  Thread Stats ...
[DEBUG 17:13:34] Killing sslsniff
  Requests/sec: 1286.12
Run 10/10...
[DEBUG 17:13:35] Starting kernel sslsniff: sudo example/sslsniff/sslsniff
[DEBUG 17:13:37] Running wrk with command: wrk https://127.0.0.1:4043/index.html -c 100 -d 10
[DEBUG 17:13:47] Parsing wrk output: Running 10s test @ https://127.0.0.1:4043/index.html
  2 threads and 100 connections
  Thread Stats ...
[DEBUG 17:13:47] Killing sslsniff
  Requests/sec: 1270.48
[DEBUG 17:13:48] Terminating nginx

=== Running bpftime sslsniff Tests ===
[DEBUG 17:13:48] Cleaning up processes...
[DEBUG 17:13:49] Found nginx PIDs: []
[DEBUG 17:13:49] Found sslsniff PIDs: []
[DEBUG 17:13:50] After cleanup: nginx PIDs: [], sslsniff PIDs: []
[DEBUG 17:13:50] Removing access log: /bpftime/benchmark/ssl-nginx/access.log
[DEBUG 17:13:50] Access log removed successfully
[DEBUG 17:13:50] Checking file: /bpftime/example/sslsniff/sslsniff - EXISTS
[DEBUG 17:13:50] Checking file: /bpftime/build/runtime/agent/libbpftime-agent.so - EXISTS
[DEBUG 17:13:50] Checking file: /bpftime/build/runtime/syscall-server/libbpftime-syscall-server.so - EXISTS
Run 1/10...
[DEBUG 17:13:50] Starting sslsniff with bpftime: LD_PRELOAD=build/runtime/syscall-server/libbpftime-syscall-server.so example/sslsniff/sslsniff
[DEBUG 17:13:52] Starting nginx with bpftime: LD_PRELOAD=build/runtime/agent/libbpftime-agent.so nginx -c /bpftime/benchmark/ssl-nginx/nginx.conf -p /bpftime/benchmark/ssl-nginx
[DEBUG 17:13:54] Running wrk with command: wrk https://127.0.0.1:4043/index.html -c 100 -d 10
[DEBUG 17:14:04] Parsing wrk output: Running 10s test @ https://127.0.0.1:4043/index.html
  2 threads and 100 connections
  Thread Stats ...
  Requests/sec: 1421.27
[DEBUG 17:14:04] Terminating processes
[DEBUG 17:14:04] Cleaning up processes...
[DEBUG 17:14:04] Found nginx PIDs: []
[DEBUG 17:14:04] Found sslsniff PIDs: []
[DEBUG 17:14:05] After cleanup: nginx PIDs: [], sslsniff PIDs: []
Run 2/10...
[DEBUG 17:14:05] Starting sslsniff with bpftime: LD_PRELOAD=build/runtime/syscall-server/libbpftime-syscall-server.so example/sslsniff/sslsniff
[DEBUG 17:14:07] Starting nginx with bpftime: LD_PRELOAD=build/runtime/agent/libbpftime-agent.so nginx -c /bpftime/benchmark/ssl-nginx/nginx.conf -p /bpftime/benchmark/ssl-nginx
[DEBUG 17:14:09] Running wrk with command: wrk https://127.0.0.1:4043/index.html -c 100 -d 10
[DEBUG 17:14:19] Parsing wrk output: Running 10s test @ https://127.0.0.1:4043/index.html
  2 threads and 100 connections
  Thread Stats ...
  Requests/sec: 1467.65
[DEBUG 17:14:19] Terminating processes
[DEBUG 17:14:19] Cleaning up processes...
[DEBUG 17:14:19] Found nginx PIDs: []
[DEBUG 17:14:19] Found sslsniff PIDs: []
[DEBUG 17:14:20] After cleanup: nginx PIDs: [], sslsniff PIDs: []
Run 3/10...
[DEBUG 17:14:20] Starting sslsniff with bpftime: LD_PRELOAD=build/runtime/syscall-server/libbpftime-syscall-server.so example/sslsniff/sslsniff
[DEBUG 17:14:22] Starting nginx with bpftime: LD_PRELOAD=build/runtime/agent/libbpftime-agent.so nginx -c /bpftime/benchmark/ssl-nginx/nginx.conf -p /bpftime/benchmark/ssl-nginx
[DEBUG 17:14:24] Running wrk with command: wrk https://127.0.0.1:4043/index.html -c 100 -d 10
[DEBUG 17:14:34] Parsing wrk output: Running 10s test @ https://127.0.0.1:4043/index.html
  2 threads and 100 connections
  Thread Stats ...
  Requests/sec: 1501.24
[DEBUG 17:14:34] Terminating processes
[DEBUG 17:14:34] Cleaning up processes...
[DEBUG 17:14:34] Found nginx PIDs: []
[DEBUG 17:14:34] Found sslsniff PIDs: []
[DEBUG 17:14:35] After cleanup: nginx PIDs: [], sslsniff PIDs: []
Run 4/10...
[DEBUG 17:14:35] Starting sslsniff with bpftime: LD_PRELOAD=build/runtime/syscall-server/libbpftime-syscall-server.so example/sslsniff/sslsniff
[DEBUG 17:14:37] Starting nginx with bpftime: LD_PRELOAD=build/runtime/agent/libbpftime-agent.so nginx -c /bpftime/benchmark/ssl-nginx/nginx.conf -p /bpftime/benchmark/ssl-nginx
[DEBUG 17:14:39] Running wrk with command: wrk https://127.0.0.1:4043/index.html -c 100 -d 10
[DEBUG 17:14:49] Parsing wrk output: Running 10s test @ https://127.0.0.1:4043/index.html
  2 threads and 100 connections
  Thread Stats ...
  Requests/sec: 1473.90
[DEBUG 17:14:49] Terminating processes
[DEBUG 17:14:49] Cleaning up processes...
[DEBUG 17:14:49] Found nginx PIDs: []
[DEBUG 17:14:49] Found sslsniff PIDs: []
[DEBUG 17:14:50] After cleanup: nginx PIDs: [], sslsniff PIDs: []
Run 5/10...
[DEBUG 17:14:50] Starting sslsniff with bpftime: LD_PRELOAD=build/runtime/syscall-server/libbpftime-syscall-server.so example/sslsniff/sslsniff
[DEBUG 17:14:52] Starting nginx with bpftime: LD_PRELOAD=build/runtime/agent/libbpftime-agent.so nginx -c /bpftime/benchmark/ssl-nginx/nginx.conf -p /bpftime/benchmark/ssl-nginx
[DEBUG 17:14:54] Running wrk with command: wrk https://127.0.0.1:4043/index.html -c 100 -d 10
[DEBUG 17:15:05] Parsing wrk output: Running 10s test @ https://127.0.0.1:4043/index.html
  2 threads and 100 connections
  Thread Stats ...
  Requests/sec: 1452.77
[DEBUG 17:15:05] Terminating processes
[DEBUG 17:15:05] Cleaning up processes...
[DEBUG 17:15:05] Found nginx PIDs: []
[DEBUG 17:15:05] Found sslsniff PIDs: []
[DEBUG 17:15:06] After cleanup: nginx PIDs: [], sslsniff PIDs: []
Run 6/10...
[DEBUG 17:15:06] Starting sslsniff with bpftime: LD_PRELOAD=build/runtime/syscall-server/libbpftime-syscall-server.so example/sslsniff/sslsniff
[DEBUG 17:15:08] Starting nginx with bpftime: LD_PRELOAD=build/runtime/agent/libbpftime-agent.so nginx -c /bpftime/benchmark/ssl-nginx/nginx.conf -p /bpftime/benchmark/ssl-nginx
[DEBUG 17:15:10] Running wrk with command: wrk https://127.0.0.1:4043/index.html -c 100 -d 10
[DEBUG 17:15:20] Parsing wrk output: Running 10s test @ https://127.0.0.1:4043/index.html
  2 threads and 100 connections
  Thread Stats ...
  Requests/sec: 1443.04
[DEBUG 17:15:20] Terminating processes
[DEBUG 17:15:20] Cleaning up processes...
[DEBUG 17:15:20] Found nginx PIDs: []
[DEBUG 17:15:20] Found sslsniff PIDs: []
[DEBUG 17:15:21] After cleanup: nginx PIDs: [], sslsniff PIDs: []
Run 7/10...
[DEBUG 17:15:21] Starting sslsniff with bpftime: LD_PRELOAD=build/runtime/syscall-server/libbpftime-syscall-server.so example/sslsniff/sslsniff
[DEBUG 17:15:23] Starting nginx with bpftime: LD_PRELOAD=build/runtime/agent/libbpftime-agent.so nginx -c /bpftime/benchmark/ssl-nginx/nginx.conf -p /bpftime/benchmark/ssl-nginx
[DEBUG 17:15:25] Running wrk with command: wrk https://127.0.0.1:4043/index.html -c 100 -d 10
[DEBUG 17:15:35] Parsing wrk output: Running 10s test @ https://127.0.0.1:4043/index.html
  2 threads and 100 connections
  Thread Stats ...
  Requests/sec: 1449.10
[DEBUG 17:15:35] Terminating processes
[DEBUG 17:15:35] Cleaning up processes...
[DEBUG 17:15:35] Found nginx PIDs: []
[DEBUG 17:15:35] Found sslsniff PIDs: []
[DEBUG 17:15:36] After cleanup: nginx PIDs: [], sslsniff PIDs: []
Run 8/10...
[DEBUG 17:15:36] Starting sslsniff with bpftime: LD_PRELOAD=build/runtime/syscall-server/libbpftime-syscall-server.so example/sslsniff/sslsniff
[DEBUG 17:15:38] Starting nginx with bpftime: LD_PRELOAD=build/runtime/agent/libbpftime-agent.so nginx -c /bpftime/benchmark/ssl-nginx/nginx.conf -p /bpftime/benchmark/ssl-nginx
[DEBUG 17:15:40] Running wrk with command: wrk https://127.0.0.1:4043/index.html -c 100 -d 10
[DEBUG 17:15:50] Parsing wrk output: Running 10s test @ https://127.0.0.1:4043/index.html
  2 threads and 100 connections
  Thread Stats ...
  Requests/sec: 1392.13
[DEBUG 17:15:50] Terminating processes
[DEBUG 17:15:50] Cleaning up processes...
[DEBUG 17:15:50] Found nginx PIDs: []
[DEBUG 17:15:50] Found sslsniff PIDs: []
[DEBUG 17:15:51] After cleanup: nginx PIDs: [], sslsniff PIDs: []
Run 9/10...
[DEBUG 17:15:51] Starting sslsniff with bpftime: LD_PRELOAD=build/runtime/syscall-server/libbpftime-syscall-server.so example/sslsniff/sslsniff
[DEBUG 17:15:53] Starting nginx with bpftime: LD_PRELOAD=build/runtime/agent/libbpftime-agent.so nginx -c /bpftime/benchmark/ssl-nginx/nginx.conf -p /bpftime/benchmark/ssl-nginx
[DEBUG 17:15:55] Running wrk with command: wrk https://127.0.0.1:4043/index.html -c 100 -d 10
[DEBUG 17:16:05] Parsing wrk output: Running 10s test @ https://127.0.0.1:4043/index.html
  2 threads and 100 connections
  Thread Stats ...
  Requests/sec: 1372.27
[DEBUG 17:16:05] Terminating processes
[DEBUG 17:16:06] Cleaning up processes...
[DEBUG 17:16:06] Found nginx PIDs: []
[DEBUG 17:16:06] Found sslsniff PIDs: []
[DEBUG 17:16:07] After cleanup: nginx PIDs: [], sslsniff PIDs: []
Run 10/10...
[DEBUG 17:16:07] Starting sslsniff with bpftime: LD_PRELOAD=build/runtime/syscall-server/libbpftime-syscall-server.so example/sslsniff/sslsniff
[DEBUG 17:16:09] Starting nginx with bpftime: LD_PRELOAD=build/runtime/agent/libbpftime-agent.so nginx -c /bpftime/benchmark/ssl-nginx/nginx.conf -p /bpftime/benchmark/ssl-nginx
[DEBUG 17:16:11] Running wrk with command: wrk https://127.0.0.1:4043/index.html -c 100 -d 10
[DEBUG 17:16:21] Parsing wrk output: Running 10s test @ https://127.0.0.1:4043/index.html
  2 threads and 100 connections
  Thread Stats ...
  Requests/sec: 1467.86
[DEBUG 17:16:21] Terminating processes
[DEBUG 17:16:21] Cleaning up processes...
[DEBUG 17:16:21] Found nginx PIDs: []
[DEBUG 17:16:21] Found sslsniff PIDs: []
[DEBUG 17:16:22] After cleanup: nginx PIDs: [], sslsniff PIDs: []

=== Benchmark Results ===
Each configuration run 10 times

Baseline:
  Requests/sec (mean):   1638.64
  Requests/sec (median): 1637.10
  Standard deviation:    18.52
  Min:                   1620.90
  Max:                   1684.00
  All runs:              [1684.0, 1644.5, 1631.35, 1641.64, 1639.23, 1620.9, 1622.45, 1621.59, 1645.76, 1634.97]

Kernel Sslsniff:
  Requests/sec (mean):   1301.90
  Requests/sec (median): 1290.34
  Standard deviation:    30.42
  Min:                   1268.14
  Max:                   1363.39
  All runs:              [1324.5, 1288.43, 1283.48, 1363.39, 1292.24, 1268.14, 1308.71, 1333.56, 1286.12, 1270.48]

Bpftime Sslsniff:
  Requests/sec (mean):   1444.12
  Requests/sec (median): 1450.93
  Standard deviation:    39.09
  Min:                   1372.27
  Max:                   1501.24
  All runs:              [1421.27, 1467.65, 1501.24, 1473.9, 1452.77, 1443.04, 1449.1, 1392.13, 1372.27, 1467.86]

Kernel sslsniff performance impact: 20.55% decrease
bpftime sslsniff performance impact: 11.87% decrease
bpftime improvement over kernel: 10.92%

Results saved to benchmark/ssl-nginx/benchmark_results_20260724_171622.json
[DEBUG 17:16:22] Cleaning up before exit
[DEBUG 17:16:22] Cleaning up processes...
[DEBUG 17:16:22] Found nginx PIDs: []
[DEBUG 17:16:22] Found sslsniff PIDs: []
[DEBUG 17:16:23] After cleanup: nginx PIDs: [], sslsniff PIDs: []


Results saved to benchmark/ssl-nginx/size_benchmark_20260724_171625.json and benchmark/ssl-nginx/size_benchmark_20260724_171625.txt

Benchmark completed successfully!
