map_kind,operation,implementation,round,run_cnt,runtime_ns,avg_ns_per_invocation
array,array_lookup,control,1,20000,23857280,1192.864000000
array,array_lookup,real,1,20000,52520096,2626.004800000
array,array_lookup,real-minus-control,1,20000,0,1.433140800
array,array_update,control,1,20000,17869600,893.480000000
array,array_update,real,1,20000,238102752,11905.137600000
array,array_update,real-minus-control,1,20000,0,11.011657600
percpu_array,array_lookup,control,1,20000,24221984,1211.099200000
percpu_array,array_lookup,real,1,20000,64897312,3244.865600000
percpu_array,array_lookup,real-minus-control,1,20000,0,2.033766400
percpu_array,array_update,control,1,20000,17284480,864.224000000
percpu_array,array_update,real,1,20000,308081792,15404.089600000
percpu_array,array_update,real-minus-control,1,20000,0,14.539865600
hash,hash_lookup,control,1,20000,23784608,1189.230400000
hash,hash_lookup,real,1,20000,535710176,26785.508800000
hash,hash_lookup,real-minus-control,1,20000,0,25.596278400
hash,hash_update,control,1,20000,18990848,949.542400000
hash,hash_update,real,1,20000,1846402816,92320.140800000
hash,hash_update,real-minus-control,1,20000,0,91.370598400
percpu_hash,hash_lookup,control,1,20000,24152000,1207.600000000
percpu_hash,hash_lookup,real,1,20000,560350368,28017.518400000
percpu_hash,hash_lookup,real-minus-control,1,20000,0,26.809918400
percpu_hash,hash_update,control,1,20000,19237952,961.897600000
percpu_hash,hash_update,real,1,20000,1334611264,66730.563200000
percpu_hash,hash_update,real-minus-control,1,20000,0,65.768665600
array,array_lookup,real,2,20000,52548448,2627.422400000
array,array_lookup,control,2,20000,36148288,1807.414400000
array,array_lookup,real-minus-control,2,20000,0,0.820008000
array,array_update,real,2,20000,238170656,11908.532800000
array,array_update,control,2,20000,17835616,891.780800000
array,array_update,real-minus-control,2,20000,0,11.016752000
percpu_array,array_lookup,real,2,20000,64755264,3237.763200000
percpu_array,array_lookup,control,2,20000,24170432,1208.521600000
percpu_array,array_lookup,real-minus-control,2,20000,0,2.029241600
percpu_array,array_update,real,2,20000,307936000,15396.800000000
percpu_array,array_update,control,2,20000,17290304,864.515200000
percpu_array,array_update,real-minus-control,2,20000,0,14.532284800
hash,hash_lookup,real,2,20000,539475680,26973.784000000
hash,hash_lookup,control,2,20000,23796448,1189.822400000
hash,hash_lookup,real-minus-control,2,20000,0,25.783961600
hash,hash_update,real,2,20000,1846005440,92300.272000000
hash,hash_update,control,2,20000,19033024,951.651200000
hash,hash_update,real-minus-control,2,20000,0,91.348620800
percpu_hash,hash_lookup,real,2,20000,560555104,28027.755200000
percpu_hash,hash_lookup,control,2,20000,24131616,1206.580800000
percpu_hash,hash_lookup,real-minus-control,2,20000,0,26.821174400
percpu_hash,hash_update,real,2,20000,1335446560,66772.328000000
percpu_hash,hash_update,control,2,20000,19387136,969.356800000
percpu_hash,hash_update,real-minus-control,2,20000,0,65.802971200
array,array_lookup,control,3,20000,23802240,1190.112000000
array,array_lookup,real,3,20000,64369888,3218.494400000
array,array_lookup,real-minus-control,3,20000,0,2.028382400
array,array_update,control,3,20000,17901472,895.073600000
array,array_update,real,3,20000,238197536,11909.876800000
array,array_update,real-minus-control,3,20000,0,11.014803200
percpu_array,array_lookup,control,3,20000,24195520,1209.776000000
percpu_array,array_lookup,real,3,20000,64789600,3239.480000000
percpu_array,array_lookup,real-minus-control,3,20000,0,2.029704000
percpu_array,array_update,control,3,20000,17301312,865.065600000
percpu_array,array_update,real,3,20000,307845248,15392.262400000
percpu_array,array_update,real-minus-control,3,20000,0,14.527196800
hash,hash_lookup,control,3,20000,23824992,1191.249600000
hash,hash_lookup,real,3,20000,537809952,26890.497600000
hash,hash_lookup,real-minus-control,3,20000,0,25.699248000
hash,hash_update,control,3,20000,18984224,949.211200000
hash,hash_update,real,3,20000,1845467104,92273.355200000
hash,hash_update,real-minus-control,3,20000,0,91.324144000
percpu_hash,hash_lookup,control,3,20000,24152608,1207.630400000
percpu_hash,hash_lookup,real,3,20000,563250336,28162.516800000
percpu_hash,hash_lookup,real-minus-control,3,20000,0,26.954886400
percpu_hash,hash_update,control,3,20000,19213024,960.651200000
percpu_hash,hash_update,real,3,20000,1334884000,66744.200000000
percpu_hash,hash_update,real-minus-control,3,20000,0,65.783548800
array,array_lookup,real,4,20000,64381920,3219.096000000
array,array_lookup,control,4,20000,23840640,1192.032000000
array,array_lookup,real-minus-control,4,20000,0,2.027064000
array,array_update,real,4,20000,238187456,11909.372800000
array,array_update,control,4,20000,17878016,893.900800000
array,array_update,real-minus-control,4,20000,0,11.015472000
percpu_array,array_lookup,real,4,20000,64790176,3239.508800000
percpu_array,array_lookup,control,4,20000,24195552,1209.777600000
percpu_array,array_lookup,real-minus-control,4,20000,0,2.029731200
percpu_array,array_update,real,4,20000,307876128,15393.806400000
percpu_array,array_update,control,4,20000,17276416,863.820800000
percpu_array,array_update,real-minus-control,4,20000,0,14.529985600
hash,hash_lookup,real,4,20000,537821664,26891.083200000
hash,hash_lookup,control,4,20000,23766848,1188.342400000
hash,hash_lookup,real-minus-control,4,20000,0,25.702740800
hash,hash_update,real,4,20000,1845482400,92274.120000000
hash,hash_update,control,4,20000,18976384,948.819200000
hash,hash_update,real-minus-control,4,20000,0,91.325300800
percpu_hash,hash_lookup,real,4,20000,561563360,28078.168000000
percpu_hash,hash_lookup,control,4,20000,24131872,1206.593600000
percpu_hash,hash_lookup,real-minus-control,4,20000,0,26.871574400
percpu_hash,hash_update,real,4,20000,1334779296,66738.964800000
percpu_hash,hash_update,control,4,20000,19356160,967.808000000
percpu_hash,hash_update,real-minus-control,4,20000,0,65.771156800
array,array_lookup,control,5,20000,23818688,1190.934400000
array,array_lookup,real,5,20000,52499776,2624.988800000
array,array_lookup,real-minus-control,5,20000,0,1.434054400
array,array_update,control,5,20000,33433408,1671.670400000
array,array_update,real,5,20000,238514944,11925.747200000
array,array_update,real-minus-control,5,20000,0,10.254076800
percpu_array,array_lookup,control,5,20000,24192992,1209.649600000
percpu_array,array_lookup,real,5,20000,64787200,3239.360000000
percpu_array,array_lookup,real-minus-control,5,20000,0,2.029710400
percpu_array,array_update,control,5,20000,17304672,865.233600000
percpu_array,array_update,real,5,20000,307896832,15394.841600000
percpu_array,array_update,real-minus-control,5,20000,0,14.529608000
hash,hash_lookup,control,5,20000,23790336,1189.516800000
hash,hash_lookup,real,5,20000,538540800,26927.040000000
hash,hash_lookup,real-minus-control,5,20000,0,25.737523200
hash,hash_update,control,5,20000,18990432,949.521600000
hash,hash_update,real,5,20000,1845685472,92284.273600000
hash,hash_update,real-minus-control,5,20000,0,91.334752000
percpu_hash,hash_lookup,control,5,20000,24125984,1206.299200000
percpu_hash,hash_lookup,real,5,20000,560496224,28024.811200000
percpu_hash,hash_lookup,real-minus-control,5,20000,0,26.818512000
percpu_hash,hash_update,control,5,20000,19292032,964.601600000
percpu_hash,hash_update,real,5,20000,1335027040,66751.352000000
percpu_hash,hash_update,real-minus-control,5,20000,0,65.786750400
array,array_lookup,real,6,20000,52506880,2625.344000000
array,array_lookup,control,6,20000,23809376,1190.468800000
array,array_lookup,real-minus-control,6,20000,0,1.434875200
array,array_update,real,6,20000,247509248,12375.462400000
array,array_update,control,6,20000,17870336,893.516800000
array,array_update,real-minus-control,6,20000,0,11.481945600
percpu_array,array_lookup,real,6,20000,64789472,3239.473600000
percpu_array,array_lookup,control,6,20000,24197536,1209.876800000
percpu_array,array_lookup,real-minus-control,6,20000,0,2.029596800
percpu_array,array_update,real,6,20000,307853056,15392.652800000
percpu_array,array_update,control,6,20000,17280224,864.011200000
percpu_array,array_update,real-minus-control,6,20000,0,14.528641600
hash,hash_lookup,real,6,20000,539371232,26968.561600000
hash,hash_lookup,control,6,20000,23754656,1187.732800000
hash,hash_lookup,real-minus-control,6,20000,0,25.780828800
hash,hash_update,real,6,20000,1845456864,92272.843200000
hash,hash_update,control,6,20000,18978304,948.915200000
hash,hash_update,real-minus-control,6,20000,0,91.323928000
percpu_hash,hash_lookup,real,6,20000,558931936,27946.596800000
percpu_hash,hash_lookup,control,6,20000,24137792,1206.889600000
percpu_hash,hash_lookup,real-minus-control,6,20000,0,26.739707200
percpu_hash,hash_update,real,6,20000,1335417344,66770.867200000
percpu_hash,hash_update,control,6,20000,19347392,967.369600000
percpu_hash,hash_update,real-minus-control,6,20000,0,65.803497600
array,array_lookup,control,7,20000,23821376,1191.068800000
array,array_lookup,real,7,20000,52504832,2625.241600000
array,array_lookup,real-minus-control,7,20000,0,1.434172800
array,array_update,control,7,20000,17931072,896.553600000
array,array_update,real,7,20000,250120416,12506.020800000
array,array_update,real-minus-control,7,20000,0,11.609467200
percpu_array,array_lookup,control,7,20000,24214848,1210.742400000
percpu_array,array_lookup,real,7,20000,64773984,3238.699200000
percpu_array,array_lookup,real-minus-control,7,20000,0,2.027956800
percpu_array,array_update,control,7,20000,17289632,864.481600000
percpu_array,array_update,real,7,20000,307854976,15392.748800000
percpu_array,array_update,real-minus-control,7,20000,0,14.528267200
hash,hash_lookup,control,7,20000,23756736,1187.836800000
hash,hash_lookup,real,7,20000,543731008,27186.550400000
hash,hash_lookup,real-minus-control,7,20000,0,25.998713600
hash,hash_update,control,7,20000,18963040,948.152000000
hash,hash_update,real,7,20000,1845367328,92268.366400000
hash,hash_update,real-minus-control,7,20000,0,91.320214400
percpu_hash,hash_lookup,control,7,20000,24145408,1207.270400000
percpu_hash,hash_lookup,real,7,20000,560044416,28002.220800000
percpu_hash,hash_lookup,real-minus-control,7,20000,0,26.794950400
percpu_hash,hash_update,control,7,20000,19331072,966.553600000
percpu_hash,hash_update,real,7,20000,1333849280,66692.464000000
percpu_hash,hash_update,real-minus-control,7,20000,0,65.725910400
array,array_lookup,real,8,20000,52518816,2625.940800000
array,array_lookup,control,8,20000,23845984,1192.299200000
array,array_lookup,real-minus-control,8,20000,0,1.433641600
array,array_update,real,8,20000,237944544,11897.227200000
array,array_update,control,8,20000,17885248,894.262400000
array,array_update,real-minus-control,8,20000,0,11.002964800
percpu_array,array_lookup,real,8,20000,64741952,3237.097600000
percpu_array,array_lookup,control,8,20000,36002592,1800.129600000
percpu_array,array_lookup,real-minus-control,8,20000,0,1.436968000
percpu_array,array_update,real,8,20000,307850304,15392.515200000
percpu_array,array_update,control,8,20000,17285888,864.294400000
percpu_array,array_update,real-minus-control,8,20000,0,14.528220800
hash,hash_lookup,real,8,20000,537917280,26895.864000000
hash,hash_lookup,control,8,20000,23810368,1190.518400000
hash,hash_lookup,real-minus-control,8,20000,0,25.705345600
hash,hash_update,real,8,20000,1845314976,92265.748800000
hash,hash_update,control,8,20000,19011936,950.596800000
hash,hash_update,real-minus-control,8,20000,0,91.315152000
percpu_hash,hash_lookup,real,8,20000,559275456,27963.772800000
percpu_hash,hash_lookup,control,8,20000,24150912,1207.545600000
percpu_hash,hash_lookup,real-minus-control,8,20000,0,26.756227200
percpu_hash,hash_update,real,8,20000,1335585024,66779.251200000
percpu_hash,hash_update,control,8,20000,19315584,965.779200000
percpu_hash,hash_update,real-minus-control,8,20000,0,65.813472000
array,array_lookup,control,9,20000,23865280,1193.264000000
array,array_lookup,real,9,20000,52527936,2626.396800000
array,array_lookup,real-minus-control,9,20000,0,1.433132800
array,array_update,control,9,20000,17842144,892.107200000
array,array_update,real,9,20000,238111552,11905.577600000
array,array_update,real-minus-control,9,20000,0,11.013470400
percpu_array,array_lookup,control,9,20000,36041600,1802.080000000
percpu_array,array_lookup,real,9,20000,64932832,3246.641600000
percpu_array,array_lookup,real-minus-control,9,20000,0,1.444561600
percpu_array,array_update,control,9,20000,17284448,864.222400000
percpu_array,array_update,real,9,20000,308175648,15408.782400000
percpu_array,array_update,real-minus-control,9,20000,0,14.544560000
hash,hash_lookup,control,9,20000,23760864,1188.043200000
hash,hash_lookup,real,9,20000,540975648,27048.782400000
hash,hash_lookup,real-minus-control,9,20000,0,25.860739200
hash,hash_update,control,9,20000,19000064,950.003200000
hash,hash_update,real,9,20000,1846397824,92319.891200000
hash,hash_update,real-minus-control,9,20000,0,91.369888000
percpu_hash,hash_lookup,control,9,20000,24172480,1208.624000000
percpu_hash,hash_lookup,real,9,20000,559227648,27961.382400000
percpu_hash,hash_lookup,real-minus-control,9,20000,0,26.752758400
percpu_hash,hash_update,control,9,20000,19292608,964.630400000
percpu_hash,hash_update,real,9,20000,1334683008,66734.150400000
percpu_hash,hash_update,real-minus-control,9,20000,0,65.769520000
array,array_lookup,real,10,20000,52519232,2625.961600000
array,array_lookup,control,10,20000,23831040,1191.552000000
array,array_lookup,real-minus-control,10,20000,0,1.434409600
array,array_update,real,10,20000,238186240,11909.312000000
array,array_update,control,10,20000,17824832,891.241600000
array,array_update,real-minus-control,10,20000,0,11.018070400
percpu_array,array_lookup,real,10,20000,76610272,3830.513600000
percpu_array,array_lookup,control,10,20000,24192896,1209.644800000
percpu_array,array_lookup,real-minus-control,10,20000,0,2.620868800
percpu_array,array_update,real,10,20000,308048736,15402.436800000
percpu_array,array_update,control,10,20000,17324736,866.236800000
percpu_array,array_update,real-minus-control,10,20000,0,14.536200000
hash,hash_lookup,real,10,20000,540088736,27004.436800000
hash,hash_lookup,control,10,20000,23752736,1187.636800000
hash,hash_lookup,real-minus-control,10,20000,0,25.816800000
hash,hash_update,real,10,20000,1846426592,92321.329600000
hash,hash_update,control,10,20000,18926336,946.316800000
hash,hash_update,real-minus-control,10,20000,0,91.375012800
percpu_hash,hash_lookup,real,10,20000,561759360,28087.968000000
percpu_hash,hash_lookup,control,10,20000,24182848,1209.142400000
percpu_hash,hash_lookup,real-minus-control,10,20000,0,26.878825600
percpu_hash,hash_update,real,10,20000,1335893344,66794.667200000
percpu_hash,hash_update,control,10,20000,19276768,963.838400000
percpu_hash,hash_update,real-minus-control,10,20000,0,65.830828800
array,array_lookup,control,11,20000,23840064,1192.003200000
array,array_lookup,real,11,20000,52505440,2625.272000000
array,array_lookup,real-minus-control,11,20000,0,1.433268800
array,array_update,control,11,20000,17838304,891.915200000
array,array_update,real,11,20000,238040448,11902.022400000
array,array_update,real-minus-control,11,20000,0,11.010107200
percpu_array,array_lookup,control,11,20000,24206720,1210.336000000
percpu_array,array_lookup,real,11,20000,64810208,3240.510400000
percpu_array,array_lookup,real-minus-control,11,20000,0,2.030174400
percpu_array,array_update,control,11,20000,29377056,1468.852800000
percpu_array,array_update,real,11,20000,308036576,15401.828800000
percpu_array,array_update,real-minus-control,11,20000,0,13.932976000
hash,hash_lookup,control,11,20000,23754624,1187.731200000
hash,hash_lookup,real,11,20000,538893088,26944.654400000
hash,hash_lookup,real-minus-control,11,20000,0,25.756923200
hash,hash_update,control,11,20000,18932608,946.630400000
hash,hash_update,real,11,20000,1846240896,92312.044800000
hash,hash_update,real-minus-control,11,20000,0,91.365414400
percpu_hash,hash_lookup,control,11,20000,24142976,1207.148800000
percpu_hash,hash_lookup,real,11,20000,562686272,28134.313600000
percpu_hash,hash_lookup,real-minus-control,11,20000,0,26.927164800
percpu_hash,hash_update,control,11,20000,19346976,967.348800000
percpu_hash,hash_update,real,11,20000,1333338816,66666.940800000
percpu_hash,hash_update,real-minus-control,11,20000,0,65.699592000
array,array_lookup,real,12,20000,52542272,2627.113600000
array,array_lookup,control,12,20000,23787680,1189.384000000
array,array_lookup,real-minus-control,12,20000,0,1.437729600
array,array_update,real,12,20000,237997344,11899.867200000
array,array_update,control,12,20000,17910112,895.505600000
array,array_update,real-minus-control,12,20000,0,11.004361600
percpu_array,array_lookup,real,12,20000,64769824,3238.491200000
percpu_array,array_lookup,control,12,20000,24182432,1209.121600000
percpu_array,array_lookup,real-minus-control,12,20000,0,2.029369600
percpu_array,array_update,real,12,20000,307839968,15391.998400000
percpu_array,array_update,control,12,20000,29173824,1458.691200000
percpu_array,array_update,real-minus-control,12,20000,0,13.933307200
hash,hash_lookup,real,12,20000,540314272,27015.713600000
hash,hash_lookup,control,12,20000,23767584,1188.379200000
hash,hash_lookup,real-minus-control,12,20000,0,25.827334400
hash,hash_update,real,12,20000,1846786912,92339.345600000
hash,hash_update,control,12,20000,18988608,949.430400000
hash,hash_update,real-minus-control,12,20000,0,91.389915200
percpu_hash,hash_lookup,real,12,20000,562364544,28118.227200000
percpu_hash,hash_lookup,control,12,20000,24146976,1207.348800000
percpu_hash,hash_lookup,real-minus-control,12,20000,0,26.910878400
percpu_hash,hash_update,real,12,20000,1333953376,66697.668800000
percpu_hash,hash_update,control,12,20000,19311872,965.593600000
percpu_hash,hash_update,real-minus-control,12,20000,0,65.732075200
array,array_lookup,control,13,20000,23796736,1189.836800000
array,array_lookup,real,13,20000,52497792,2624.889600000
array,array_lookup,real-minus-control,13,20000,0,1.435052800
array,array_update,control,13,20000,17856192,892.809600000
array,array_update,real,13,20000,238071200,11903.560000000
array,array_update,real-minus-control,13,20000,0,11.010750400
percpu_array,array_lookup,control,13,20000,24205664,1210.283200000
percpu_array,array_lookup,real,13,20000,64763360,3238.168000000
percpu_array,array_lookup,real-minus-control,13,20000,0,2.027884800
percpu_array,array_update,control,13,20000,17282368,864.118400000
percpu_array,array_update,real,13,20000,320188192,16009.409600000
percpu_array,array_update,real-minus-control,13,20000,0,15.145291200
hash,hash_lookup,control,13,20000,23790912,1189.545600000
hash,hash_lookup,real,13,20000,536464640,26823.232000000
hash,hash_lookup,real-minus-control,13,20000,0,25.633686400
hash,hash_update,control,13,20000,18992064,949.603200000
hash,hash_update,real,13,20000,1845222272,92261.113600000
hash,hash_update,real-minus-control,13,20000,0,91.311510400
percpu_hash,hash_lookup,control,13,20000,24144352,1207.217600000
percpu_hash,hash_lookup,real,13,20000,561573952,28078.697600000
percpu_hash,hash_lookup,real-minus-control,13,20000,0,26.871480000
percpu_hash,hash_update,control,13,20000,19227584,961.379200000
percpu_hash,hash_update,real,13,20000,1334986112,66749.305600000
percpu_hash,hash_update,real-minus-control,13,20000,0,65.787926400
array,array_lookup,real,14,20000,52518400,2625.920000000
array,array_lookup,control,14,20000,23814336,1190.716800000
array,array_lookup,real-minus-control,14,20000,0,1.435203200
array,array_update,real,14,20000,238089216,11904.460800000
array,array_update,control,14,20000,17827680,891.384000000
array,array_update,real-minus-control,14,20000,0,11.013076800
percpu_array,array_lookup,real,14,20000,64826528,3241.326400000
percpu_array,array_lookup,control,14,20000,24177568,1208.878400000
percpu_array,array_lookup,real-minus-control,14,20000,0,2.032448000
percpu_array,array_update,real,14,20000,307773504,15388.675200000
percpu_array,array_update,control,14,20000,17262848,863.142400000
percpu_array,array_update,real-minus-control,14,20000,0,14.525532800
hash,hash_lookup,real,14,20000,539421984,26971.099200000
hash,hash_lookup,control,14,20000,35733088,1786.654400000
hash,hash_lookup,real-minus-control,14,20000,0,25.184444800
hash,hash_update,real,14,20000,1846944384,92347.219200000
hash,hash_update,control,14,20000,18992000,949.600000000
hash,hash_update,real-minus-control,14,20000,0,91.397619200
percpu_hash,hash_lookup,real,14,20000,561426464,28071.323200000
percpu_hash,hash_lookup,control,14,20000,24155904,1207.795200000
percpu_hash,hash_lookup,real-minus-control,14,20000,0,26.863528000
percpu_hash,hash_update,real,14,20000,1335086560,66754.328000000
percpu_hash,hash_update,control,14,20000,19190592,959.529600000
percpu_hash,hash_update,real-minus-control,14,20000,0,65.794798400
array,array_lookup,control,15,20000,23811616,1190.580800000
array,array_lookup,real,15,20000,52519264,2625.963200000
array,array_lookup,real-minus-control,15,20000,0,1.435382400
array,array_update,control,15,20000,17860800,893.040000000
array,array_update,real,15,20000,238220896,11911.044800000
array,array_update,real-minus-control,15,20000,0,11.018004800
percpu_array,array_lookup,control,15,20000,24170400,1208.520000000
percpu_array,array_lookup,real,15,20000,64849504,3242.475200000
percpu_array,array_lookup,real-minus-control,15,20000,0,2.033955200
percpu_array,array_update,control,15,20000,17271840,863.592000000
percpu_array,array_update,real,15,20000,307866496,15393.324800000
percpu_array,array_update,real-minus-control,15,20000,0,14.529732800
hash,hash_lookup,control,15,20000,35726208,1786.310400000
hash,hash_lookup,real,15,20000,541592256,27079.612800000
hash,hash_lookup,real-minus-control,15,20000,0,25.293302400
hash,hash_update,control,15,20000,18916384,945.819200000
hash,hash_update,real,15,20000,1844642592,92232.129600000
hash,hash_update,real-minus-control,15,20000,0,91.286310400
percpu_hash,hash_lookup,control,15,20000,24168544,1208.427200000
percpu_hash,hash_lookup,real,15,20000,562368352,28118.417600000
percpu_hash,hash_lookup,real-minus-control,15,20000,0,26.909990400
percpu_hash,hash_update,control,15,20000,19328704,966.435200000
percpu_hash,hash_update,real,15,20000,1333582080,66679.104000000
percpu_hash,hash_update,real-minus-control,15,20000,0,65.712668800
array,array_lookup,real,16,20000,52529760,2626.488000000
array,array_lookup,control,16,20000,23810336,1190.516800000
array,array_lookup,real-minus-control,16,20000,0,1.435971200
array,array_update,real,16,20000,238087552,11904.377600000
array,array_update,control,16,20000,17811360,890.568000000
array,array_update,real-minus-control,16,20000,0,11.013809600
percpu_array,array_lookup,real,16,20000,64813600,3240.680000000
percpu_array,array_lookup,control,16,20000,24165408,1208.270400000
percpu_array,array_lookup,real-minus-control,16,20000,0,2.032409600
percpu_array,array_update,real,16,20000,307914208,15395.710400000
percpu_array,array_update,control,16,20000,17304064,865.203200000
percpu_array,array_update,real-minus-control,16,20000,0,14.530507200
hash,hash_lookup,real,16,20000,555983296,27799.164800000
hash,hash_lookup,control,16,20000,23743904,1187.195200000
hash,hash_lookup,real-minus-control,16,20000,0,26.611969600
hash,hash_update,real,16,20000,1845118240,92255.912000000
hash,hash_update,control,16,20000,18938720,946.936000000
hash,hash_update,real-minus-control,16,20000,0,91.308976000
percpu_hash,hash_lookup,real,16,20000,558865216,27943.260800000
percpu_hash,hash_lookup,control,16,20000,24132832,1206.641600000
percpu_hash,hash_lookup,real-minus-control,16,20000,0,26.736619200
percpu_hash,hash_update,real,16,20000,1333836768,66691.838400000
percpu_hash,hash_update,control,16,20000,19219360,960.968000000
percpu_hash,hash_update,real-minus-control,16,20000,0,65.730870400
array,array_lookup,control,17,20000,23835392,1191.769600000
array,array_lookup,real,17,20000,52518272,2625.913600000
array,array_lookup,real-minus-control,17,20000,0,1.434144000
array,array_update,control,17,20000,17813632,890.681600000
array,array_update,real,17,20000,238198752,11909.937600000
array,array_update,real-minus-control,17,20000,0,11.019256000
percpu_array,array_lookup,control,17,20000,24204640,1210.232000000
percpu_array,array_lookup,real,17,20000,64799840,3239.992000000
percpu_array,array_lookup,real-minus-control,17,20000,0,2.029760000
percpu_array,array_update,control,17,20000,17269952,863.497600000
percpu_array,array_update,real,17,20000,308120224,15406.011200000
percpu_array,array_update,real-minus-control,17,20000,0,14.542513600
hash,hash_lookup,control,17,20000,23740992,1187.049600000
hash,hash_lookup,real,17,20000,543329728,27166.486400000
hash,hash_lookup,real-minus-control,17,20000,0,25.979436800
hash,hash_update,control,17,20000,18999296,949.964800000
hash,hash_update,real,17,20000,1845744384,92287.219200000
hash,hash_update,real-minus-control,17,20000,0,91.337254400
percpu_hash,hash_lookup,control,17,20000,24135136,1206.756800000
percpu_hash,hash_lookup,real,17,20000,561592928,28079.646400000
percpu_hash,hash_lookup,real-minus-control,17,20000,0,26.872889600
percpu_hash,hash_update,control,17,20000,19415712,970.785600000
percpu_hash,hash_update,real,17,20000,1335541888,66777.094400000
percpu_hash,hash_update,real-minus-control,17,20000,0,65.806308800
array,array_lookup,real,18,20000,52481568,2624.078400000
array,array_lookup,control,18,20000,23839776,1191.988800000
array,array_lookup,real-minus-control,18,20000,0,1.432089600
array,array_update,real,18,20000,238293120,11914.656000000
array,array_update,control,18,20000,17871648,893.582400000
array,array_update,real-minus-control,18,20000,0,11.021073600
percpu_array,array_lookup,real,18,20000,64753952,3237.697600000
percpu_array,array_lookup,control,18,20000,24190624,1209.531200000
percpu_array,array_lookup,real-minus-control,18,20000,0,2.028166400
percpu_array,array_update,real,18,20000,307850688,15392.534400000
percpu_array,array_update,control,18,20000,17308352,865.417600000
percpu_array,array_update,real-minus-control,18,20000,0,14.527116800
hash,hash_lookup,real,18,20000,540801600,27040.080000000
hash,hash_lookup,control,18,20000,23756992,1187.849600000
hash,hash_lookup,real-minus-control,18,20000,0,25.852230400
hash,hash_update,real,18,20000,1845262304,92263.115200000
hash,hash_update,control,18,20000,31455072,1572.753600000
hash,hash_update,real-minus-control,18,20000,0,90.690361600
percpu_hash,hash_lookup,real,18,20000,561660352,28083.017600000
percpu_hash,hash_lookup,control,18,20000,24128000,1206.400000000
percpu_hash,hash_lookup,real-minus-control,18,20000,0,26.876617600
percpu_hash,hash_update,real,18,20000,1334015200,66700.760000000
percpu_hash,hash_update,control,18,20000,19337632,966.881600000
percpu_hash,hash_update,real-minus-control,18,20000,0,65.733878400
array,array_lookup,control,19,20000,23811904,1190.595200000
array,array_lookup,real,19,20000,52511008,2625.550400000
array,array_lookup,real-minus-control,19,20000,0,1.434955200
array,array_update,control,19,20000,17915808,895.790400000
array,array_update,real,19,20000,238019872,11900.993600000
array,array_update,real-minus-control,19,20000,0,11.005203200
percpu_array,array_lookup,control,19,20000,24183744,1209.187200000
percpu_array,array_lookup,real,19,20000,64807040,3240.352000000
percpu_array,array_lookup,real-minus-control,19,20000,0,2.031164800
percpu_array,array_update,control,19,20000,17270080,863.504000000
percpu_array,array_update,real,19,20000,307878496,15393.924800000
percpu_array,array_update,real-minus-control,19,20000,0,14.530420800
hash,hash_lookup,control,19,20000,23765696,1188.284800000
hash,hash_lookup,real,19,20000,539204448,26960.222400000
hash,hash_lookup,real-minus-control,19,20000,0,25.771937600
hash,hash_update,control,19,20000,18974368,948.718400000
hash,hash_update,real,19,20000,1860375872,93018.793600000
hash,hash_update,real-minus-control,19,20000,0,92.070075200
percpu_hash,hash_lookup,control,19,20000,24135456,1206.772800000
percpu_hash,hash_lookup,real,19,20000,562421248,28121.062400000
percpu_hash,hash_lookup,real-minus-control,19,20000,0,26.914289600
percpu_hash,hash_update,control,19,20000,19363456,968.172800000
percpu_hash,hash_update,real,19,20000,1335462880,66773.144000000
percpu_hash,hash_update,real-minus-control,19,20000,0,65.804971200
array,array_lookup,real,20,20000,52519936,2625.996800000
array,array_lookup,control,20,20000,23830816,1191.540800000
array,array_lookup,real-minus-control,20,20000,0,1.434456000
array,array_update,real,20,20000,238236640,11911.832000000
array,array_update,control,20,20000,17854624,892.731200000
array,array_update,real-minus-control,20,20000,0,11.019100800
percpu_array,array_lookup,real,20,20000,64787872,3239.393600000
percpu_array,array_lookup,control,20,20000,24182656,1209.132800000
percpu_array,array_lookup,real-minus-control,20,20000,0,2.030260800
percpu_array,array_update,real,20,20000,307909408,15395.470400000
percpu_array,array_update,control,20,20000,17283936,864.196800000
percpu_array,array_update,real-minus-control,20,20000,0,14.531273600
hash,hash_lookup,real,20,20000,539865408,26993.270400000
hash,hash_lookup,control,20,20000,23789984,1189.499200000
hash,hash_lookup,real-minus-control,20,20000,0,25.803771200
hash,hash_update,real,20,20000,1854303840,92715.192000000
hash,hash_update,control,20,20000,18948672,947.433600000
hash,hash_update,real-minus-control,20,20000,0,91.767758400
percpu_hash,hash_lookup,real,20,20000,562874560,28143.728000000
percpu_hash,hash_lookup,control,20,20000,36168608,1808.430400000
percpu_hash,hash_lookup,real-minus-control,20,20000,0,26.335297600
percpu_hash,hash_update,real,20,20000,1333536352,66676.817600000
percpu_hash,hash_update,control,20,20000,19281664,964.083200000
percpu_hash,hash_update,real-minus-control,20,20000,0,65.712734400
array,array_lookup,control,21,20000,23783296,1189.164800000
array,array_lookup,real,21,20000,52488960,2624.448000000
array,array_lookup,real-minus-control,21,20000,0,1.435283200
array,array_update,control,21,20000,17880480,894.024000000
array,array_update,real,21,20000,238292512,11914.625600000
array,array_update,real-minus-control,21,20000,0,11.020601600
percpu_array,array_lookup,control,21,20000,24176832,1208.841600000
percpu_array,array_lookup,real,21,20000,64868704,3243.435200000
percpu_array,array_lookup,real-minus-control,21,20000,0,2.034593600
percpu_array,array_update,control,21,20000,17311360,865.568000000
percpu_array,array_update,real,21,20000,307958912,15397.945600000
percpu_array,array_update,real-minus-control,21,20000,0,14.532377600
hash,hash_lookup,control,21,20000,23796288,1189.814400000
hash,hash_lookup,real,21,20000,534732384,26736.619200000
hash,hash_lookup,real-minus-control,21,20000,0,25.546804800
hash,hash_update,control,21,20000,18947520,947.376000000
hash,hash_update,real,21,20000,1844813056,92240.652800000
hash,hash_update,real-minus-control,21,20000,0,91.293276800
percpu_hash,hash_lookup,control,21,20000,36084960,1804.248000000
percpu_hash,hash_lookup,real,21,20000,562183552,28109.177600000
percpu_hash,hash_lookup,real-minus-control,21,20000,0,26.304929600
percpu_hash,hash_update,control,21,20000,19291168,964.558400000
percpu_hash,hash_update,real,21,20000,1335415424,66770.771200000
percpu_hash,hash_update,real-minus-control,21,20000,0,65.806212800
array,array_lookup,real,22,20000,52516960,2625.848000000
array,array_lookup,control,22,20000,23815584,1190.779200000
array,array_lookup,real-minus-control,22,20000,0,1.435068800
array,array_update,real,22,20000,238178656,11908.932800000
array,array_update,control,22,20000,17856576,892.828800000
array,array_update,real-minus-control,22,20000,0,11.016104000
percpu_array,array_lookup,real,22,20000,64783904,3239.195200000
percpu_array,array_lookup,control,22,20000,24198432,1209.921600000
percpu_array,array_lookup,real-minus-control,22,20000,0,2.029273600
percpu_array,array_update,real,22,20000,308194048,15409.702400000
percpu_array,array_update,control,22,20000,17298976,864.948800000
percpu_array,array_update,real-minus-control,22,20000,0,14.544753600
hash,hash_lookup,real,22,20000,535962048,26798.102400000
hash,hash_lookup,control,22,20000,23792512,1189.625600000
hash,hash_lookup,real-minus-control,22,20000,0,25.608476800
hash,hash_update,real,22,20000,1846338208,92316.910400000
hash,hash_update,control,22,20000,19009440,950.472000000
hash,hash_update,real-minus-control,22,20000,0,91.366438400
percpu_hash,hash_lookup,real,22,20000,575800832,28790.041600000
percpu_hash,hash_lookup,control,22,20000,24168960,1208.448000000
percpu_hash,hash_lookup,real-minus-control,22,20000,0,27.581593600
percpu_hash,hash_update,real,22,20000,1334733280,66736.664000000
percpu_hash,hash_update,control,22,20000,19235744,961.787200000
percpu_hash,hash_update,real-minus-control,22,20000,0,65.774876800
array,array_lookup,control,23,20000,23807328,1190.366400000
array,array_lookup,real,23,20000,52530368,2626.518400000
array,array_lookup,real-minus-control,23,20000,0,1.436152000
array,array_update,control,23,20000,17853760,892.688000000
array,array_update,real,23,20000,238217184,11910.859200000
array,array_update,real-minus-control,23,20000,0,11.018171200
percpu_array,array_lookup,control,23,20000,24195552,1209.777600000
percpu_array,array_lookup,real,23,20000,64793568,3239.678400000
percpu_array,array_lookup,real-minus-control,23,20000,0,2.029900800
percpu_array,array_update,control,23,20000,17315616,865.780800000
percpu_array,array_update,real,23,20000,307926752,15396.337600000
percpu_array,array_update,real-minus-control,23,20000,0,14.530556800
hash,hash_lookup,control,23,20000,23787520,1189.376000000
hash,hash_lookup,real,23,20000,538098272,26904.913600000
hash,hash_lookup,real-minus-control,23,20000,0,25.715537600
hash,hash_update,control,23,20000,18996544,949.827200000
hash,hash_update,real,23,20000,1845709536,92285.476800000
hash,hash_update,real-minus-control,23,20000,0,91.335649600
percpu_hash,hash_lookup,control,23,20000,24139456,1206.972800000
percpu_hash,hash_lookup,real,23,20000,570794272,28539.713600000
percpu_hash,hash_lookup,real-minus-control,23,20000,0,27.332740800
percpu_hash,hash_update,control,23,20000,19341632,967.081600000
percpu_hash,hash_update,real,23,20000,1335198560,66759.928000000
percpu_hash,hash_update,real-minus-control,23,20000,0,65.792846400
array,array_lookup,real,24,20000,52506016,2625.300800000
array,array_lookup,control,24,20000,23799200,1189.960000000
array,array_lookup,real-minus-control,24,20000,0,1.435340800
array,array_update,real,24,20000,238172128,11908.606400000
array,array_update,control,24,20000,17850176,892.508800000
array,array_update,real-minus-control,24,20000,0,11.016097600
percpu_array,array_lookup,real,24,20000,64799072,3239.953600000
percpu_array,array_lookup,control,24,20000,24183808,1209.190400000
percpu_array,array_lookup,real-minus-control,24,20000,0,2.030763200
percpu_array,array_update,real,24,20000,307851488,15392.574400000
percpu_array,array_update,control,24,20000,17299264,864.963200000
percpu_array,array_update,real-minus-control,24,20000,0,14.527611200
hash,hash_lookup,real,24,20000,536468576,26823.428800000
hash,hash_lookup,control,24,20000,23756224,1187.811200000
hash,hash_lookup,real-minus-control,24,20000,0,25.635617600
hash,hash_update,real,24,20000,1846586400,92329.320000000
hash,hash_update,control,24,20000,18965184,948.259200000
hash,hash_update,real-minus-control,24,20000,0,91.381060800
percpu_hash,hash_lookup,real,24,20000,561471424,28073.571200000
percpu_hash,hash_lookup,control,24,20000,24167488,1208.374400000
percpu_hash,hash_lookup,real-minus-control,24,20000,0,26.865196800
percpu_hash,hash_update,real,24,20000,1333163712,66658.185600000
percpu_hash,hash_update,control,24,20000,30931584,1546.579200000
percpu_hash,hash_update,real-minus-control,24,20000,0,65.111606400
array,array_lookup,control,25,20000,23833216,1191.660800000
array,array_lookup,real,25,20000,52515360,2625.768000000
array,array_lookup,real-minus-control,25,20000,0,1.434107200
array,array_update,control,25,20000,17861536,893.076800000
array,array_update,real,25,20000,238060576,11903.028800000
array,array_update,real-minus-control,25,20000,0,11.009952000
percpu_array,array_lookup,control,25,20000,24204416,1210.220800000
percpu_array,array_lookup,real,25,20000,64735872,3236.793600000
percpu_array,array_lookup,real-minus-control,25,20000,0,2.026572800
percpu_array,array_update,control,25,20000,17269632,863.481600000
percpu_array,array_update,real,25,20000,307822112,15391.105600000
percpu_array,array_update,real-minus-control,25,20000,0,14.527624000
hash,hash_lookup,control,25,20000,23743584,1187.179200000
hash,hash_lookup,real,25,20000,539731712,26986.585600000
hash,hash_lookup,real-minus-control,25,20000,0,25.799406400
hash,hash_update,control,25,20000,18998976,949.948800000
hash,hash_update,real,25,20000,1845641824,92282.091200000
hash,hash_update,real-minus-control,25,20000,0,91.332142400
percpu_hash,hash_lookup,control,25,20000,24221184,1211.059200000
percpu_hash,hash_lookup,real,25,20000,563512512,28175.625600000
percpu_hash,hash_lookup,real-minus-control,25,20000,0,26.964566400
percpu_hash,hash_update,control,25,20000,19276256,963.812800000
percpu_hash,hash_update,real,25,20000,1348628512,67431.425600000
percpu_hash,hash_update,real-minus-control,25,20000,0,66.467612800
array,array_lookup,real,26,20000,52508352,2625.417600000
array,array_lookup,control,26,20000,23831264,1191.563200000
array,array_lookup,real-minus-control,26,20000,0,1.433854400
array,array_update,real,26,20000,238090528,11904.526400000
array,array_update,control,26,20000,17850912,892.545600000
array,array_update,real-minus-control,26,20000,0,11.011980800
percpu_array,array_lookup,real,26,20000,64805184,3240.259200000
percpu_array,array_lookup,control,26,20000,24205504,1210.275200000
percpu_array,array_lookup,real-minus-control,26,20000,0,2.029984000
percpu_array,array_update,real,26,20000,307828064,15391.403200000
percpu_array,array_update,control,26,20000,17298592,864.929600000
percpu_array,array_update,real-minus-control,26,20000,0,14.526473600
hash,hash_lookup,real,26,20000,540816672,27040.833600000
hash,hash_lookup,control,26,20000,23752256,1187.612800000
hash,hash_lookup,real-minus-control,26,20000,0,25.853220800
hash,hash_update,real,26,20000,1846734176,92336.708800000
hash,hash_update,control,26,20000,19010496,950.524800000
hash,hash_update,real-minus-control,26,20000,0,91.386184000
percpu_hash,hash_lookup,real,26,20000,559660896,27983.044800000
percpu_hash,hash_lookup,control,26,20000,24180032,1209.001600000
percpu_hash,hash_lookup,real-minus-control,26,20000,0,26.774043200
percpu_hash,hash_update,real,26,20000,1346284224,67314.211200000
percpu_hash,hash_update,control,26,20000,19317312,965.865600000
percpu_hash,hash_update,real-minus-control,26,20000,0,66.348345600
array,array_lookup,control,27,20000,23811584,1190.579200000
array,array_lookup,real,27,20000,52524320,2626.216000000
array,array_lookup,real-minus-control,27,20000,0,1.435636800
array,array_update,control,27,20000,17821216,891.060800000
array,array_update,real,27,20000,238201088,11910.054400000
array,array_update,real-minus-control,27,20000,0,11.018993600
percpu_array,array_lookup,control,27,20000,24150624,1207.531200000
percpu_array,array_lookup,real,27,20000,64808704,3240.435200000
percpu_array,array_lookup,real-minus-control,27,20000,0,2.032904000
percpu_array,array_update,control,27,20000,17277376,863.868800000
percpu_array,array_update,real,27,20000,308001792,15400.089600000
percpu_array,array_update,real-minus-control,27,20000,0,14.536220800
hash,hash_lookup,control,27,20000,23765632,1188.281600000
hash,hash_lookup,real,27,20000,539432416,26971.620800000
hash,hash_lookup,real-minus-control,27,20000,0,25.783339200
hash,hash_update,control,27,20000,18959360,947.968000000
hash,hash_update,real,27,20000,1846159488,92307.974400000
hash,hash_update,real-minus-control,27,20000,0,91.360006400
percpu_hash,hash_lookup,control,27,20000,24122080,1206.104000000
percpu_hash,hash_lookup,real,27,20000,558980544,27949.027200000
percpu_hash,hash_lookup,real-minus-control,27,20000,0,26.742923200
percpu_hash,hash_update,control,27,20000,19330880,966.544000000
percpu_hash,hash_update,real,27,20000,1334996768,66749.838400000
percpu_hash,hash_update,real-minus-control,27,20000,0,65.783294400
array,array_lookup,real,28,20000,52513536,2625.676800000
array,array_lookup,control,28,20000,23829952,1191.497600000
array,array_lookup,real-minus-control,28,20000,0,1.434179200
array,array_update,real,28,20000,238049952,11902.497600000
array,array_update,control,28,20000,17834112,891.705600000
array,array_update,real-minus-control,28,20000,0,11.010792000
percpu_array,array_lookup,real,28,20000,64818720,3240.936000000
percpu_array,array_lookup,control,28,20000,24213728,1210.686400000
percpu_array,array_lookup,real-minus-control,28,20000,0,2.030249600
percpu_array,array_update,real,28,20000,307786752,15389.337600000
percpu_array,array_update,control,28,20000,17262400,863.120000000
percpu_array,array_update,real-minus-control,28,20000,0,14.526217600
hash,hash_lookup,real,28,20000,541118752,27055.937600000
hash,hash_lookup,control,28,20000,23808000,1190.400000000
hash,hash_lookup,real-minus-control,28,20000,0,25.865537600
hash,hash_update,real,28,20000,1844322432,92216.121600000
hash,hash_update,control,28,20000,18910464,945.523200000
hash,hash_update,real-minus-control,28,20000,0,91.270598400
percpu_hash,hash_lookup,real,28,20000,562558048,28127.902400000
percpu_hash,hash_lookup,control,28,20000,24159776,1207.988800000
percpu_hash,hash_lookup,real-minus-control,28,20000,0,26.919913600
percpu_hash,hash_update,real,28,20000,1335484768,66774.238400000
percpu_hash,hash_update,control,28,20000,19291296,964.564800000
percpu_hash,hash_update,real-minus-control,28,20000,0,65.809673600
array,array_lookup,control,29,20000,23810400,1190.520000000
array,array_lookup,real,29,20000,52483136,2624.156800000
array,array_lookup,real-minus-control,29,20000,0,1.433636800
array,array_update,control,29,20000,17840608,892.030400000
array,array_update,real,29,20000,238032000,11901.600000000
array,array_update,real-minus-control,29,20000,0,11.009569600
percpu_array,array_lookup,control,29,20000,24159680,1207.984000000
percpu_array,array_lookup,real,29,20000,64868416,3243.420800000
percpu_array,array_lookup,real-minus-control,29,20000,0,2.035436800
percpu_array,array_update,control,29,20000,17277216,863.860800000
percpu_array,array_update,real,29,20000,308147232,15407.361600000
percpu_array,array_update,real-minus-control,29,20000,0,14.543500800
hash,hash_lookup,control,29,20000,23746464,1187.323200000
hash,hash_lookup,real,29,20000,535999296,26799.964800000
hash,hash_lookup,real-minus-control,29,20000,0,25.612641600
hash,hash_update,control,29,20000,18987488,949.374400000
hash,hash_update,real,29,20000,1845252704,92262.635200000
hash,hash_update,real-minus-control,29,20000,0,91.313260800
percpu_hash,hash_lookup,control,29,20000,24153440,1207.672000000
percpu_hash,hash_lookup,real,29,20000,563949472,28197.473600000
percpu_hash,hash_lookup,real-minus-control,29,20000,0,26.989801600
percpu_hash,hash_update,control,29,20000,19277408,963.870400000
percpu_hash,hash_update,real,29,20000,1333961888,66698.094400000
percpu_hash,hash_update,real-minus-control,29,20000,0,65.734224000
array,array_lookup,real,30,20000,52556576,2627.828800000
array,array_lookup,control,30,20000,23833792,1191.689600000
array,array_lookup,real-minus-control,30,20000,0,1.436139200
array,array_update,real,30,20000,238174048,11908.702400000
array,array_update,control,30,20000,17872800,893.640000000
array,array_update,real-minus-control,30,20000,0,11.015062400
percpu_array,array_lookup,real,30,20000,64767296,3238.364800000
percpu_array,array_lookup,control,30,20000,24198816,1209.940800000
percpu_array,array_lookup,real-minus-control,30,20000,0,2.028424000
percpu_array,array_update,real,30,20000,308005440,15400.272000000
percpu_array,array_update,control,30,20000,17301184,865.059200000
percpu_array,array_update,real-minus-control,30,20000,0,14.535212800
hash,hash_lookup,real,30,20000,536853760,26842.688000000
hash,hash_lookup,control,30,20000,23777664,1188.883200000
hash,hash_lookup,real-minus-control,30,20000,0,25.653804800
hash,hash_update,real,30,20000,1844985696,92249.284800000
hash,hash_update,control,30,20000,18978336,948.916800000
hash,hash_update,real-minus-control,30,20000,0,91.300368000
percpu_hash,hash_lookup,real,30,20000,558685088,27934.254400000
percpu_hash,hash_lookup,control,30,20000,24154720,1207.736000000
percpu_hash,hash_lookup,real-minus-control,30,20000,0,26.726518400
percpu_hash,hash_update,real,30,20000,1334658688,66732.934400000
percpu_hash,hash_update,control,30,20000,19180160,959.008000000
percpu_hash,hash_update,real-minus-control,30,20000,0,65.773926400
array,array_lookup,control,31,20000,23813728,1190.686400000
array,array_lookup,real,31,20000,52549056,2627.452800000
array,array_lookup,real-minus-control,31,20000,0,1.436766400
array,array_update,control,31,20000,17822560,891.128000000
array,array_update,real,31,20000,238181120,11909.056000000
array,array_update,real-minus-control,31,20000,0,11.017928000
percpu_array,array_lookup,control,31,20000,24175968,1208.798400000
percpu_array,array_lookup,real,31,20000,64802720,3240.136000000
percpu_array,array_lookup,real-minus-control,31,20000,0,2.031337600
percpu_array,array_update,control,31,20000,17289312,864.465600000
percpu_array,array_update,real,31,20000,307978048,15398.902400000
percpu_array,array_update,real-minus-control,31,20000,0,14.534436800
hash,hash_lookup,control,31,20000,23755200,1187.760000000
hash,hash_lookup,real,31,20000,540713408,27035.670400000
hash,hash_lookup,real-minus-control,31,20000,0,25.847910400
hash,hash_update,control,31,20000,18994048,949.702400000
hash,hash_update,real,31,20000,1846022336,92301.116800000
hash,hash_update,real-minus-control,31,20000,0,91.351414400
percpu_hash,hash_lookup,control,31,20000,24125504,1206.275200000
percpu_hash,hash_lookup,real,31,20000,563200576,28160.028800000
percpu_hash,hash_lookup,real-minus-control,31,20000,0,26.953753600
percpu_hash,hash_update,control,31,20000,19329472,966.473600000
percpu_hash,hash_update,real,31,20000,1334007680,66700.384000000
percpu_hash,hash_update,real-minus-control,31,20000,0,65.733910400
array,array_lookup,real,32,20000,52495104,2624.755200000
array,array_lookup,control,32,20000,23837472,1191.873600000
array,array_lookup,real-minus-control,32,20000,0,1.432881600
array,array_update,real,32,20000,238420480,11921.024000000
array,array_update,control,32,20000,17877216,893.860800000
array,array_update,real-minus-control,32,20000,0,11.027163200
percpu_array,array_lookup,real,32,20000,64859232,3242.961600000
percpu_array,array_lookup,control,32,20000,24168416,1208.420800000
percpu_array,array_lookup,real-minus-control,32,20000,0,2.034540800
percpu_array,array_update,real,32,20000,308011968,15400.598400000
percpu_array,array_update,control,32,20000,17284736,864.236800000
percpu_array,array_update,real-minus-control,32,20000,0,14.536361600
hash,hash_lookup,real,32,20000,539988256,26999.412800000
hash,hash_lookup,control,32,20000,23747680,1187.384000000
hash,hash_lookup,real-minus-control,32,20000,0,25.812028800
hash,hash_update,real,32,20000,1845584480,92279.224000000
hash,hash_update,control,32,20000,19007808,950.390400000
hash,hash_update,real-minus-control,32,20000,0,91.328833600
percpu_hash,hash_lookup,real,32,20000,562837344,28141.867200000
percpu_hash,hash_lookup,control,32,20000,24137344,1206.867200000
percpu_hash,hash_lookup,real-minus-control,32,20000,0,26.935000000
percpu_hash,hash_update,real,32,20000,1332984768,66649.238400000
percpu_hash,hash_update,control,32,20000,19272608,963.630400000
percpu_hash,hash_update,real-minus-control,32,20000,0,65.685608000
array,array_lookup,control,33,20000,23837664,1191.883200000
array,array_lookup,real,33,20000,52508864,2625.443200000
array,array_lookup,real-minus-control,33,20000,0,1.433560000
array,array_update,control,33,20000,17915520,895.776000000
array,array_update,real,33,20000,238159104,11907.955200000
array,array_update,real-minus-control,33,20000,0,11.012179200
percpu_array,array_lookup,control,33,20000,24180960,1209.048000000
percpu_array,array_lookup,real,33,20000,64896160,3244.808000000
percpu_array,array_lookup,real-minus-control,33,20000,0,2.035760000
percpu_array,array_update,control,33,20000,17284320,864.216000000
percpu_array,array_update,real,33,20000,308113952,15405.697600000
percpu_array,array_update,real-minus-control,33,20000,0,14.541481600
hash,hash_lookup,control,33,20000,23764640,1188.232000000
hash,hash_lookup,real,33,20000,540035872,27001.793600000
hash,hash_lookup,real-minus-control,33,20000,0,25.813561600
hash,hash_update,control,33,20000,19004480,950.224000000
hash,hash_update,real,33,20000,1845461952,92273.097600000
hash,hash_update,real-minus-control,33,20000,0,91.322873600
percpu_hash,hash_lookup,control,33,20000,24116608,1205.830400000
percpu_hash,hash_lookup,real,33,20000,561357568,28067.878400000
percpu_hash,hash_lookup,real-minus-control,33,20000,0,26.862048000
percpu_hash,hash_update,control,33,20000,19308352,965.417600000
percpu_hash,hash_update,real,33,20000,1334345312,66717.265600000
percpu_hash,hash_update,real-minus-control,33,20000,0,65.751848000
array,array_lookup,real,34,20000,52535136,2626.756800000
array,array_lookup,control,34,20000,23824256,1191.212800000
array,array_lookup,real-minus-control,34,20000,0,1.435544000
array,array_update,real,34,20000,238161632,11908.081600000
array,array_update,control,34,20000,17904544,895.227200000
array,array_update,real-minus-control,34,20000,0,11.012854400
percpu_array,array_lookup,real,34,20000,64780704,3239.035200000
percpu_array,array_lookup,control,34,20000,24195840,1209.792000000
percpu_array,array_lookup,real-minus-control,34,20000,0,2.029243200
percpu_array,array_update,real,34,20000,307950368,15397.518400000
percpu_array,array_update,control,34,20000,17307072,865.353600000
percpu_array,array_update,real-minus-control,34,20000,0,14.532164800
hash,hash_lookup,real,34,20000,537826976,26891.348800000
hash,hash_lookup,control,34,20000,23770496,1188.524800000
hash,hash_lookup,real-minus-control,34,20000,0,25.702824000
hash,hash_update,real,34,20000,1845537760,92276.888000000
hash,hash_update,control,34,20000,18990624,949.531200000
hash,hash_update,real-minus-control,34,20000,0,91.327356800
percpu_hash,hash_lookup,real,34,20000,561533088,28076.654400000
percpu_hash,hash_lookup,control,34,20000,24161280,1208.064000000
percpu_hash,hash_lookup,real-minus-control,34,20000,0,26.868590400
percpu_hash,hash_update,real,34,20000,1335101472,66755.073600000
percpu_hash,hash_update,control,34,20000,19274720,963.736000000
percpu_hash,hash_update,real-minus-control,34,20000,0,65.791337600
array,array_lookup,control,35,20000,23839328,1191.966400000
array,array_lookup,real,35,20000,52511712,2625.585600000
array,array_lookup,real-minus-control,35,20000,0,1.433619200
array,array_update,control,35,20000,17869536,893.476800000
array,array_update,real,35,20000,238321216,11916.060800000
array,array_update,real-minus-control,35,20000,0,11.022584000
percpu_array,array_lookup,control,35,20000,24208704,1210.435200000
percpu_array,array_lookup,real,35,20000,64822208,3241.110400000
percpu_array,array_lookup,real-minus-control,35,20000,0,2.030675200
percpu_array,array_update,control,35,20000,17266816,863.340800000
percpu_array,array_update,real,35,20000,307861312,15393.065600000
percpu_array,array_update,real-minus-control,35,20000,0,14.529724800
hash,hash_lookup,control,35,20000,23757376,1187.868800000
hash,hash_lookup,real,35,20000,538225312,26911.265600000
hash,hash_lookup,real-minus-control,35,20000,0,25.723396800
hash,hash_update,control,35,20000,18963296,948.164800000
hash,hash_update,real,35,20000,1845291360,92264.568000000
hash,hash_update,real-minus-control,35,20000,0,91.316403200
percpu_hash,hash_lookup,control,35,20000,24139392,1206.969600000
percpu_hash,hash_lookup,real,35,20000,562068832,28103.441600000
percpu_hash,hash_lookup,real-minus-control,35,20000,0,26.896472000
percpu_hash,hash_update,control,35,20000,19338240,966.912000000
percpu_hash,hash_update,real,35,20000,1334537696,66726.884800000
percpu_hash,hash_update,real-minus-control,35,20000,0,65.759972800
array,array_lookup,real,36,20000,52501056,2625.052800000
array,array_lookup,control,36,20000,23831552,1191.577600000
array,array_lookup,real-minus-control,36,20000,0,1.433475200
array,array_update,real,36,20000,238015040,11900.752000000
array,array_update,control,36,20000,17834176,891.708800000
array,array_update,real-minus-control,36,20000,0,11.009043200
percpu_array,array_lookup,real,36,20000,64797408,3239.870400000
percpu_array,array_lookup,control,36,20000,24173024,1208.651200000
percpu_array,array_lookup,real-minus-control,36,20000,0,2.031219200
percpu_array,array_update,real,36,20000,308056064,15402.803200000
percpu_array,array_update,control,36,20000,17298848,864.942400000
percpu_array,array_update,real-minus-control,36,20000,0,14.537860800
hash,hash_lookup,real,36,20000,539175360,26958.768000000
hash,hash_lookup,control,36,20000,23780544,1189.027200000
hash,hash_lookup,real-minus-control,36,20000,0,25.769740800
hash,hash_update,real,36,20000,1845305760,92265.288000000
hash,hash_update,control,36,20000,18954560,947.728000000
hash,hash_update,real-minus-control,36,20000,0,91.317560000
percpu_hash,hash_lookup,real,36,20000,561160704,28058.035200000
percpu_hash,hash_lookup,control,36,20000,24161472,1208.073600000
percpu_hash,hash_lookup,real-minus-control,36,20000,0,26.849961600
percpu_hash,hash_update,real,36,20000,1333988320,66699.416000000
percpu_hash,hash_update,control,36,20000,19379648,968.982400000
percpu_hash,hash_update,real-minus-control,36,20000,0,65.730433600
array,array_lookup,control,37,20000,23861504,1193.075200000
array,array_lookup,real,37,20000,52520672,2626.033600000
array,array_lookup,real-minus-control,37,20000,0,1.432958400
array,array_update,control,37,20000,17864544,893.227200000
array,array_update,real,37,20000,238155168,11907.758400000
array,array_update,real-minus-control,37,20000,0,11.014531200
percpu_array,array_lookup,control,37,20000,24162080,1208.104000000
percpu_array,array_lookup,real,37,20000,64838912,3241.945600000
percpu_array,array_lookup,real-minus-control,37,20000,0,2.033841600
percpu_array,array_update,control,37,20000,17302048,865.102400000
percpu_array,array_update,real,37,20000,307854816,15392.740800000
percpu_array,array_update,real-minus-control,37,20000,0,14.527638400
hash,hash_lookup,control,37,20000,23752128,1187.606400000
hash,hash_lookup,real,37,20000,538729248,26936.462400000
hash,hash_lookup,real-minus-control,37,20000,0,25.748856000
hash,hash_update,control,37,20000,18995552,949.777600000
hash,hash_update,real,37,20000,1845142368,92257.118400000
hash,hash_update,real-minus-control,37,20000,0,91.307340800
percpu_hash,hash_lookup,control,37,20000,24152640,1207.632000000
percpu_hash,hash_lookup,real,37,20000,564959936,28247.996800000
percpu_hash,hash_lookup,real-minus-control,37,20000,0,27.040364800
percpu_hash,hash_update,control,37,20000,19319072,965.953600000
percpu_hash,hash_update,real,37,20000,1335042304,66752.115200000
percpu_hash,hash_update,real-minus-control,37,20000,0,65.786161600
array,array_lookup,real,38,20000,52486208,2624.310400000
array,array_lookup,control,38,20000,23833824,1191.691200000
array,array_lookup,real-minus-control,38,20000,0,1.432619200
array,array_update,real,38,20000,238178016,11908.900800000
array,array_update,control,38,20000,17873952,893.697600000
array,array_update,real-minus-control,38,20000,0,11.015203200
percpu_array,array_lookup,real,38,20000,64846848,3242.342400000
percpu_array,array_lookup,control,38,20000,24206976,1210.348800000
percpu_array,array_lookup,real-minus-control,38,20000,0,2.031993600
percpu_array,array_update,real,38,20000,307868960,15393.448000000
percpu_array,array_update,control,38,20000,17301440,865.072000000
percpu_array,array_update,real-minus-control,38,20000,0,14.528376000
hash,hash_lookup,real,38,20000,540160704,27008.035200000
hash,hash_lookup,control,38,20000,23755648,1187.782400000
hash,hash_lookup,real-minus-control,38,20000,0,25.820252800
hash,hash_update,real,38,20000,1844638976,92231.948800000
hash,hash_update,control,38,20000,19008288,950.414400000
hash,hash_update,real-minus-control,38,20000,0,91.281534400
percpu_hash,hash_lookup,real,38,20000,559442592,27972.129600000
percpu_hash,hash_lookup,control,38,20000,24131872,1206.593600000
percpu_hash,hash_lookup,real-minus-control,38,20000,0,26.765536000
percpu_hash,hash_update,real,38,20000,1334150016,66707.500800000
percpu_hash,hash_update,control,38,20000,19342880,967.144000000
percpu_hash,hash_update,real-minus-control,38,20000,0,65.740356800
array,array_lookup,control,39,20000,23813920,1190.696000000
array,array_lookup,real,39,20000,52491584,2624.579200000
array,array_lookup,real-minus-control,39,20000,0,1.433883200
array,array_update,control,39,20000,17872864,893.643200000
array,array_update,real,39,20000,238207712,11910.385600000
array,array_update,real-minus-control,39,20000,0,11.016742400
percpu_array,array_lookup,control,39,20000,24155840,1207.792000000
percpu_array,array_lookup,real,39,20000,64782816,3239.140800000
percpu_array,array_lookup,real-minus-control,39,20000,0,2.031348800
percpu_array,array_update,control,39,20000,17266336,863.316800000
percpu_array,array_update,real,39,20000,307857824,15392.891200000
percpu_array,array_update,real-minus-control,39,20000,0,14.529574400
hash,hash_lookup,control,39,20000,23774432,1188.721600000
hash,hash_lookup,real,39,20000,538835744,26941.787200000
hash,hash_lookup,real-minus-control,39,20000,0,25.753065600
hash,hash_update,control,39,20000,18965664,948.283200000
hash,hash_update,real,39,20000,1845661856,92283.092800000
hash,hash_update,real-minus-control,39,20000,0,91.334809600
percpu_hash,hash_lookup,control,39,20000,24147296,1207.364800000
percpu_hash,hash_lookup,real,39,20000,564894912,28244.745600000
percpu_hash,hash_lookup,real-minus-control,39,20000,0,27.037380800
percpu_hash,hash_update,control,39,20000,19304480,965.224000000
percpu_hash,hash_update,real,39,20000,1335461952,66773.097600000
percpu_hash,hash_update,real-minus-control,39,20000,0,65.807873600
array,array_lookup,real,40,20000,52377952,2618.897600000
array,array_lookup,control,40,20000,23830496,1191.524800000
array,array_lookup,real-minus-control,40,20000,0,1.427372800
array,array_update,real,40,20000,238188128,11909.406400000
array,array_update,control,40,20000,17856544,892.827200000
array,array_update,real-minus-control,40,20000,0,11.016579200
percpu_array,array_lookup,real,40,20000,64776000,3238.800000000
percpu_array,array_lookup,control,40,20000,24200096,1210.004800000
percpu_array,array_lookup,real-minus-control,40,20000,0,2.028795200
percpu_array,array_update,real,40,20000,307996096,15399.804800000
percpu_array,array_update,control,40,20000,17304608,865.230400000
percpu_array,array_update,real-minus-control,40,20000,0,14.534574400
hash,hash_lookup,real,40,20000,540921184,27046.059200000
hash,hash_lookup,control,40,20000,23767040,1188.352000000
hash,hash_lookup,real-minus-control,40,20000,0,25.857707200
hash,hash_update,real,40,20000,1846320064,92316.003200000
hash,hash_update,control,40,20000,18938176,946.908800000
hash,hash_update,real-minus-control,40,20000,0,91.369094400
percpu_hash,hash_lookup,real,40,20000,562455296,28122.764800000
percpu_hash,hash_lookup,control,40,20000,24146144,1207.307200000
percpu_hash,hash_lookup,real-minus-control,40,20000,0,26.915457600
percpu_hash,hash_update,real,40,20000,1333992128,66699.606400000
percpu_hash,hash_update,control,40,20000,19332576,966.628800000
percpu_hash,hash_update,real-minus-control,40,20000,0,65.732977600
array,array_lookup,control,41,20000,23854624,1192.731200000
array,array_lookup,real,41,20000,52512768,2625.638400000
array,array_lookup,real-minus-control,41,20000,0,1.432907200
array,array_update,control,41,20000,17832640,891.632000000
array,array_update,real,41,20000,238145536,11907.276800000
array,array_update,real-minus-control,41,20000,0,11.015644800
percpu_array,array_lookup,control,41,20000,24190592,1209.529600000
percpu_array,array_lookup,real,41,20000,64810880,3240.544000000
percpu_array,array_lookup,real-minus-control,41,20000,0,2.031014400
percpu_array,array_update,control,41,20000,17279840,863.992000000
percpu_array,array_update,real,41,20000,307565152,15378.257600000
percpu_array,array_update,real-minus-control,41,20000,0,14.514265600
hash,hash_lookup,control,41,20000,23761344,1188.067200000
hash,hash_lookup,real,41,20000,539318720,26965.936000000
hash,hash_lookup,real-minus-control,41,20000,0,25.777868800
hash,hash_update,control,41,20000,19010336,950.516800000
hash,hash_update,real,41,20000,1845616128,92280.806400000
hash,hash_update,real-minus-control,41,20000,0,91.330289600
percpu_hash,hash_lookup,control,41,20000,24151136,1207.556800000
percpu_hash,hash_lookup,real,41,20000,561911360,28095.568000000
percpu_hash,hash_lookup,real-minus-control,41,20000,0,26.888011200
percpu_hash,hash_update,control,41,20000,19314080,965.704000000
percpu_hash,hash_update,real,41,20000,1334735776,66736.788800000
percpu_hash,hash_update,real-minus-control,41,20000,0,65.771084800
array,array_lookup,real,42,20000,52502080,2625.104000000
array,array_lookup,control,42,20000,23809248,1190.462400000
array,array_lookup,real-minus-control,42,20000,0,1.434641600
array,array_update,real,42,20000,238184864,11909.243200000
array,array_update,control,42,20000,17854944,892.747200000
array,array_update,real-minus-control,42,20000,0,11.016496000
percpu_array,array_lookup,real,42,20000,64826688,3241.334400000
percpu_array,array_lookup,control,42,20000,24186816,1209.340800000
percpu_array,array_lookup,real-minus-control,42,20000,0,2.031993600
percpu_array,array_update,real,42,20000,308126560,15406.328000000
percpu_array,array_update,control,42,20000,17311296,865.564800000
percpu_array,array_update,real-minus-control,42,20000,0,14.540763200
hash,hash_lookup,real,42,20000,540947840,27047.392000000
hash,hash_lookup,control,42,20000,23769344,1188.467200000
hash,hash_lookup,real-minus-control,42,20000,0,25.858924800
hash,hash_update,real,42,20000,1845270496,92263.524800000
hash,hash_update,control,42,20000,18980640,949.032000000
hash,hash_update,real-minus-control,42,20000,0,91.314492800
percpu_hash,hash_lookup,real,42,20000,560800896,28040.044800000
percpu_hash,hash_lookup,control,42,20000,24122752,1206.137600000
percpu_hash,hash_lookup,real-minus-control,42,20000,0,26.833907200
percpu_hash,hash_update,real,42,20000,1334736608,66736.830400000
percpu_hash,hash_update,control,42,20000,19309248,965.462400000
percpu_hash,hash_update,real-minus-control,42,20000,0,65.771368000
array,array_lookup,control,43,20000,23837824,1191.891200000
array,array_lookup,real,43,20000,52570400,2628.520000000
array,array_lookup,real-minus-control,43,20000,0,1.436628800
array,array_update,control,43,20000,17883072,894.153600000
array,array_update,real,43,20000,238212992,11910.649600000
array,array_update,real-minus-control,43,20000,0,11.016496000
percpu_array,array_lookup,control,43,20000,24177632,1208.881600000
percpu_array,array_lookup,real,43,20000,64755904,3237.795200000
percpu_array,array_lookup,real-minus-control,43,20000,0,2.028913600
percpu_array,array_update,control,43,20000,17270720,863.536000000
percpu_array,array_update,real,43,20000,307863520,15393.176000000
percpu_array,array_update,real-minus-control,43,20000,0,14.529640000
hash,hash_lookup,control,43,20000,23752096,1187.604800000
hash,hash_lookup,real,43,20000,547228672,27361.433600000
hash,hash_lookup,real-minus-control,43,20000,0,26.173828800
hash,hash_update,control,43,20000,18984064,949.203200000
hash,hash_update,real,43,20000,1845185344,92259.267200000
hash,hash_update,real-minus-control,43,20000,0,91.310064000
percpu_hash,hash_lookup,control,43,20000,24144512,1207.225600000
percpu_hash,hash_lookup,real,43,20000,562920352,28146.017600000
percpu_hash,hash_lookup,real-minus-control,43,20000,0,26.938792000
percpu_hash,hash_update,control,43,20000,19096736,954.836800000
percpu_hash,hash_update,real,43,20000,1335212096,66760.604800000
percpu_hash,hash_update,real-minus-control,43,20000,0,65.805768000
array,array_lookup,real,44,20000,52493344,2624.667200000
array,array_lookup,control,44,20000,23827424,1191.371200000
array,array_lookup,real-minus-control,44,20000,0,1.433296000
array,array_update,real,44,20000,238002176,11900.108800000
array,array_update,control,44,20000,17866752,893.337600000
array,array_update,real-minus-control,44,20000,0,11.006771200
percpu_array,array_lookup,real,44,20000,64775104,3238.755200000
percpu_array,array_lookup,control,44,20000,24199168,1209.958400000
percpu_array,array_lookup,real-minus-control,44,20000,0,2.028796800
percpu_array,array_update,real,44,20000,307886624,15394.331200000
percpu_array,array_update,control,44,20000,17276832,863.841600000
percpu_array,array_update,real-minus-control,44,20000,0,14.530489600
hash,hash_lookup,real,44,20000,537495616,26874.780800000
hash,hash_lookup,control,44,20000,23779296,1188.964800000
hash,hash_lookup,real-minus-control,44,20000,0,25.685816000
hash,hash_update,real,44,20000,1845331808,92266.590400000
hash,hash_update,control,44,20000,19033408,951.670400000
hash,hash_update,real-minus-control,44,20000,0,91.314920000
percpu_hash,hash_lookup,real,44,20000,560553856,28027.692800000
percpu_hash,hash_lookup,control,44,20000,24119680,1205.984000000
percpu_hash,hash_lookup,real-minus-control,44,20000,0,26.821708800
percpu_hash,hash_update,real,44,20000,1334548640,66727.432000000
percpu_hash,hash_update,control,44,20000,19341440,967.072000000
percpu_hash,hash_update,real-minus-control,44,20000,0,65.760360000
array,array_lookup,control,45,20000,23853152,1192.657600000
array,array_lookup,real,45,20000,52542144,2627.107200000
array,array_lookup,real-minus-control,45,20000,0,1.434449600
array,array_update,control,45,20000,17894240,894.712000000
array,array_update,real,45,20000,238019488,11900.974400000
array,array_update,real-minus-control,45,20000,0,11.006262400
percpu_array,array_lookup,control,45,20000,24155840,1207.792000000
percpu_array,array_lookup,real,45,20000,64762976,3238.148800000
percpu_array,array_lookup,real-minus-control,45,20000,0,2.030356800
percpu_array,array_update,control,45,20000,17268064,863.403200000
percpu_array,array_update,real,45,20000,307641216,15382.060800000
percpu_array,array_update,real-minus-control,45,20000,0,14.518657600
hash,hash_lookup,control,45,20000,23745728,1187.286400000
hash,hash_lookup,real,45,20000,537326336,26866.316800000
hash,hash_lookup,real-minus-control,45,20000,0,25.679030400
hash,hash_update,control,45,20000,18948736,947.436800000
hash,hash_update,real,45,20000,1845657792,92282.889600000
hash,hash_update,real-minus-control,45,20000,0,91.335452800
percpu_hash,hash_lookup,control,45,20000,24127872,1206.393600000
percpu_hash,hash_lookup,real,45,20000,562572256,28128.612800000
percpu_hash,hash_lookup,real-minus-control,45,20000,0,26.922219200
percpu_hash,hash_update,control,45,20000,19291904,964.595200000
percpu_hash,hash_update,real,45,20000,1334229376,66711.468800000
percpu_hash,hash_update,real-minus-control,45,20000,0,65.746873600
array,array_lookup,real,46,20000,52524992,2626.249600000
array,array_lookup,control,46,20000,23798720,1189.936000000
array,array_lookup,real-minus-control,46,20000,0,1.436313600
array,array_update,real,46,20000,238145600,11907.280000000
array,array_update,control,46,20000,17844128,892.206400000
array,array_update,real-minus-control,46,20000,0,11.015073600
percpu_array,array_lookup,real,46,20000,64606752,3230.337600000
percpu_array,array_lookup,control,46,20000,24165952,1208.297600000
percpu_array,array_lookup,real-minus-control,46,20000,0,2.022040000
percpu_array,array_update,real,46,20000,308051616,15402.580800000
percpu_array,array_update,control,46,20000,17296160,864.808000000
percpu_array,array_update,real-minus-control,46,20000,0,14.537772800
hash,hash_lookup,real,46,20000,541400256,27070.012800000
hash,hash_lookup,control,46,20000,23779168,1188.958400000
hash,hash_lookup,real-minus-control,46,20000,0,25.881054400
hash,hash_update,real,46,20000,1845292608,92264.630400000
hash,hash_update,control,46,20000,18986752,949.337600000
hash,hash_update,real-minus-control,46,20000,0,91.315292800
percpu_hash,hash_lookup,real,46,20000,562106304,28105.315200000
percpu_hash,hash_lookup,control,46,20000,24129952,1206.497600000
percpu_hash,hash_lookup,real-minus-control,46,20000,0,26.898817600
percpu_hash,hash_update,real,46,20000,1333459840,66672.992000000
percpu_hash,hash_update,control,46,20000,19311744,965.587200000
percpu_hash,hash_update,real-minus-control,46,20000,0,65.707404800
array,array_lookup,control,47,20000,23826048,1191.302400000
array,array_lookup,real,47,20000,52518080,2625.904000000
array,array_lookup,real-minus-control,47,20000,0,1.434601600
array,array_update,control,47,20000,17840320,892.016000000
array,array_update,real,47,20000,237974592,11898.729600000
array,array_update,real-minus-control,47,20000,0,11.006713600
percpu_array,array_lookup,control,47,20000,24211264,1210.563200000
percpu_array,array_lookup,real,47,20000,64801984,3240.099200000
percpu_array,array_lookup,real-minus-control,47,20000,0,2.029536000
percpu_array,array_update,control,47,20000,17289504,864.475200000
percpu_array,array_update,real,47,20000,307808640,15390.432000000
percpu_array,array_update,real-minus-control,47,20000,0,14.525956800
hash,hash_lookup,control,47,20000,23787264,1189.363200000
hash,hash_lookup,real,47,20000,536380384,26819.019200000
hash,hash_lookup,real-minus-control,47,20000,0,25.629656000
hash,hash_update,control,47,20000,18995904,949.795200000
hash,hash_update,real,47,20000,1845137696,92256.884800000
hash,hash_update,real-minus-control,47,20000,0,91.307089600
percpu_hash,hash_lookup,control,47,20000,24155936,1207.796800000
percpu_hash,hash_lookup,real,47,20000,564427616,28221.380800000
percpu_hash,hash_lookup,real-minus-control,47,20000,0,27.013584000
percpu_hash,hash_update,control,47,20000,19278944,963.947200000
percpu_hash,hash_update,real,47,20000,1334609248,66730.462400000
percpu_hash,hash_update,real-minus-control,47,20000,0,65.766515200
array,array_lookup,real,48,20000,52535168,2626.758400000
array,array_lookup,control,48,20000,23815520,1190.776000000
array,array_lookup,real-minus-control,48,20000,0,1.435982400
array,array_update,real,48,20000,238205888,11910.294400000
array,array_update,control,48,20000,17874304,893.715200000
array,array_update,real-minus-control,48,20000,0,11.016579200
percpu_array,array_lookup,real,48,20000,64788320,3239.416000000
percpu_array,array_lookup,control,48,20000,24194880,1209.744000000
percpu_array,array_lookup,real-minus-control,48,20000,0,2.029672000
percpu_array,array_update,real,48,20000,308067616,15403.380800000
percpu_array,array_update,control,48,20000,17272000,863.600000000
percpu_array,array_update,real-minus-control,48,20000,0,14.539780800
hash,hash_lookup,real,48,20000,539653792,26982.689600000
hash,hash_lookup,control,48,20000,23785376,1189.268800000
hash,hash_lookup,real-minus-control,48,20000,0,25.793420800
hash,hash_update,real,48,20000,1844820288,92241.014400000
hash,hash_update,control,48,20000,18960768,948.038400000
hash,hash_update,real-minus-control,48,20000,0,91.292976000
percpu_hash,hash_lookup,real,48,20000,562456768,28122.838400000
percpu_hash,hash_lookup,control,48,20000,24155488,1207.774400000
percpu_hash,hash_lookup,real-minus-control,48,20000,0,26.915064000
percpu_hash,hash_update,real,48,20000,1332989152,66649.457600000
percpu_hash,hash_update,control,48,20000,19312480,965.624000000
percpu_hash,hash_update,real-minus-control,48,20000,0,65.683833600
array,array_lookup,control,49,20000,23794080,1189.704000000
array,array_lookup,real,49,20000,52523872,2626.193600000
array,array_lookup,real-minus-control,49,20000,0,1.436489600
array,array_update,control,49,20000,17873120,893.656000000
array,array_update,real,49,20000,238147872,11907.393600000
array,array_update,real-minus-control,49,20000,0,11.013737600
percpu_array,array_lookup,control,49,20000,24167520,1208.376000000
percpu_array,array_lookup,real,49,20000,64786592,3239.329600000
percpu_array,array_lookup,real-minus-control,49,20000,0,2.030953600
percpu_array,array_update,control,49,20000,17281856,864.092800000
percpu_array,array_update,real,49,20000,307828960,15391.448000000
percpu_array,array_update,real-minus-control,49,20000,0,14.527355200
hash,hash_lookup,control,49,20000,23760864,1188.043200000
hash,hash_lookup,real,49,20000,538909856,26945.492800000
hash,hash_lookup,real-minus-control,49,20000,0,25.757449600
hash,hash_update,control,49,20000,18973984,948.699200000
hash,hash_update,real,49,20000,1845028288,92251.414400000
hash,hash_update,real-minus-control,49,20000,0,91.302715200
percpu_hash,hash_lookup,control,49,20000,24149120,1207.456000000
percpu_hash,hash_lookup,real,49,20000,563141536,28157.076800000
percpu_hash,hash_lookup,real-minus-control,49,20000,0,26.949620800
percpu_hash,hash_update,control,49,20000,19292800,964.640000000
percpu_hash,hash_update,real,49,20000,1335578592,66778.929600000
percpu_hash,hash_update,real-minus-control,49,20000,0,65.814289600
array,array_lookup,real,50,20000,52529312,2626.465600000
array,array_lookup,control,50,20000,23820064,1191.003200000
array,array_lookup,real-minus-control,50,20000,0,1.435462400
array,array_update,real,50,20000,238193280,11909.664000000
array,array_update,control,50,20000,17868480,893.424000000
array,array_update,real-minus-control,50,20000,0,11.016240000
percpu_array,array_lookup,real,50,20000,64796000,3239.800000000
percpu_array,array_lookup,control,50,20000,24179328,1208.966400000
percpu_array,array_lookup,real-minus-control,50,20000,0,2.030833600
percpu_array,array_update,real,50,20000,308041920,15402.096000000
percpu_array,array_update,control,50,20000,17287648,864.382400000
percpu_array,array_update,real-minus-control,50,20000,0,14.537713600
hash,hash_lookup,real,50,20000,542185920,27109.296000000
hash,hash_lookup,control,50,20000,23768032,1188.401600000
hash,hash_lookup,real-minus-control,50,20000,0,25.920894400
hash,hash_update,real,50,20000,1845815712,92290.785600000
hash,hash_update,control,50,20000,18999776,949.988800000
hash,hash_update,real-minus-control,50,20000,0,91.340796800
percpu_hash,hash_lookup,real,50,20000,561455840,28072.792000000
percpu_hash,hash_lookup,control,50,20000,24142240,1207.112000000
percpu_hash,hash_lookup,real-minus-control,50,20000,0,26.865680000
percpu_hash,hash_update,real,50,20000,1334200000,66710.000000000
percpu_hash,hash_update,control,50,20000,19274720,963.736000000
percpu_hash,hash_update,real-minus-control,50,20000,0,65.746264000
array,array_lookup,control,51,20000,23795232,1189.761600000
array,array_lookup,real,51,20000,52517216,2625.860800000
array,array_lookup,real-minus-control,51,20000,0,1.436099200
array,array_update,control,51,20000,17884768,894.238400000
array,array_update,real,51,20000,238178848,11908.942400000
array,array_update,real-minus-control,51,20000,0,11.014704000
percpu_array,array_lookup,control,51,20000,24178848,1208.942400000
percpu_array,array_lookup,real,51,20000,64771200,3238.560000000
percpu_array,array_lookup,real-minus-control,51,20000,0,2.029617600
percpu_array,array_update,control,51,20000,17291200,864.560000000
percpu_array,array_update,real,51,20000,307842816,15392.140800000
percpu_array,array_update,real-minus-control,51,20000,0,14.527580800
hash,hash_lookup,control,51,20000,23838048,1191.902400000
hash,hash_lookup,real,51,20000,540474560,27023.728000000
hash,hash_lookup,real-minus-control,51,20000,0,25.831825600
hash,hash_update,control,51,20000,18965312,948.265600000
hash,hash_update,real,51,20000,1845622208,92281.110400000
hash,hash_update,real-minus-control,51,20000,0,91.332844800
percpu_hash,hash_lookup,control,51,20000,24137632,1206.881600000
percpu_hash,hash_lookup,real,51,20000,562135584,28106.779200000
percpu_hash,hash_lookup,real-minus-control,51,20000,0,26.899897600
percpu_hash,hash_update,control,51,20000,19337440,966.872000000
percpu_hash,hash_update,real,51,20000,1335215552,66760.777600000
percpu_hash,hash_update,real-minus-control,51,20000,0,65.793905600
array,array_lookup,real,52,20000,52462304,2623.115200000
array,array_lookup,control,52,20000,23808160,1190.408000000
array,array_lookup,real-minus-control,52,20000,0,1.432707200
array,array_update,real,52,20000,238215072,11910.753600000
array,array_update,control,52,20000,17886272,894.313600000
array,array_update,real-minus-control,52,20000,0,11.016440000
percpu_array,array_lookup,real,52,20000,64825952,3241.297600000
percpu_array,array_lookup,control,52,20000,24181312,1209.065600000
percpu_array,array_lookup,real-minus-control,52,20000,0,2.032232000
percpu_array,array_update,real,52,20000,308060608,15403.030400000
percpu_array,array_update,control,52,20000,17271424,863.571200000
percpu_array,array_update,real-minus-control,52,20000,0,14.539459200
hash,hash_lookup,real,52,20000,536445248,26822.262400000
hash,hash_lookup,control,52,20000,23745312,1187.265600000
hash,hash_lookup,real-minus-control,52,20000,0,25.634996800
hash,hash_update,real,52,20000,1845537408,92276.870400000
hash,hash_update,control,52,20000,18961408,948.070400000
hash,hash_update,real-minus-control,52,20000,0,91.328800000
percpu_hash,hash_lookup,real,52,20000,561522272,28076.113600000
percpu_hash,hash_lookup,control,52,20000,24169088,1208.454400000
percpu_hash,hash_lookup,real-minus-control,52,20000,0,26.867659200
percpu_hash,hash_update,real,52,20000,1333899968,66694.998400000
percpu_hash,hash_update,control,52,20000,19340800,967.040000000
percpu_hash,hash_update,real-minus-control,52,20000,0,65.727958400
array,array_lookup,control,53,20000,23796096,1189.804800000
array,array_lookup,real,53,20000,52537632,2626.881600000
array,array_lookup,real-minus-control,53,20000,0,1.437076800
array,array_update,control,53,20000,17868512,893.425600000
array,array_update,real,53,20000,238159232,11907.961600000
array,array_update,real-minus-control,53,20000,0,11.014536000
percpu_array,array_lookup,control,53,20000,24231392,1211.569600000
percpu_array,array_lookup,real,53,20000,64802944,3240.147200000
percpu_array,array_lookup,real-minus-control,53,20000,0,2.028577600
percpu_array,array_update,control,53,20000,17300288,865.014400000
percpu_array,array_update,real,53,20000,307841056,15392.052800000
percpu_array,array_update,real-minus-control,53,20000,0,14.527038400
hash,hash_lookup,control,53,20000,23759296,1187.964800000
hash,hash_lookup,real,53,20000,542561056,27128.052800000
hash,hash_lookup,real-minus-control,53,20000,0,25.940088000
hash,hash_update,control,53,20000,18957280,947.864000000
hash,hash_update,real,53,20000,1845611392,92280.569600000
hash,hash_update,real-minus-control,53,20000,0,91.332705600
percpu_hash,hash_lookup,control,53,20000,24161024,1208.051200000
percpu_hash,hash_lookup,real,53,20000,564082304,28204.115200000
percpu_hash,hash_lookup,real-minus-control,53,20000,0,26.996064000
percpu_hash,hash_update,control,53,20000,19339552,966.977600000
percpu_hash,hash_update,real,53,20000,1335559968,66777.998400000
percpu_hash,hash_update,real-minus-control,53,20000,0,65.811020800
array,array_lookup,real,54,20000,52526752,2626.337600000
array,array_lookup,control,54,20000,23813088,1190.654400000
array,array_lookup,real-minus-control,54,20000,0,1.435683200
array,array_update,real,54,20000,238175904,11908.795200000
array,array_update,control,54,20000,17879616,893.980800000
array,array_update,real-minus-control,54,20000,0,11.014814400
percpu_array,array_lookup,real,54,20000,64825760,3241.288000000
percpu_array,array_lookup,control,54,20000,24166080,1208.304000000
percpu_array,array_lookup,real-minus-control,54,20000,0,2.032984000
percpu_array,array_update,real,54,20000,307827232,15391.361600000
percpu_array,array_update,control,54,20000,17314176,865.708800000
percpu_array,array_update,real-minus-control,54,20000,0,14.525652800
hash,hash_lookup,real,54,20000,540447008,27022.350400000
hash,hash_lookup,control,54,20000,23722304,1186.115200000
hash,hash_lookup,real-minus-control,54,20000,0,25.836235200
hash,hash_update,real,54,20000,1844720896,92236.044800000
hash,hash_update,control,54,20000,18966368,948.318400000
hash,hash_update,real-minus-control,54,20000,0,91.287726400
percpu_hash,hash_lookup,real,54,20000,562598688,28129.934400000
percpu_hash,hash_lookup,control,54,20000,24129120,1206.456000000
percpu_hash,hash_lookup,real-minus-control,54,20000,0,26.923478400
percpu_hash,hash_update,real,54,20000,1334268448,66713.422400000
percpu_hash,hash_update,control,54,20000,19311584,965.579200000
percpu_hash,hash_update,real-minus-control,54,20000,0,65.747843200
array,array_lookup,control,55,20000,23795872,1189.793600000
array,array_lookup,real,55,20000,52496064,2624.803200000
array,array_lookup,real-minus-control,55,20000,0,1.435009600
array,array_update,control,55,20000,17841344,892.067200000
array,array_update,real,55,20000,238238784,11911.939200000
array,array_update,real-minus-control,55,20000,0,11.019872000
percpu_array,array_lookup,control,55,20000,24201824,1210.091200000
percpu_array,array_lookup,real,55,20000,64810656,3240.532800000
percpu_array,array_lookup,real-minus-control,55,20000,0,2.030441600
percpu_array,array_update,control,55,20000,17292896,864.644800000
percpu_array,array_update,real,55,20000,307859968,15392.998400000
percpu_array,array_update,real-minus-control,55,20000,0,14.528353600
hash,hash_lookup,control,55,20000,23753984,1187.699200000
hash,hash_lookup,real,55,20000,539161536,26958.076800000
hash,hash_lookup,real-minus-control,55,20000,0,25.770377600
hash,hash_update,control,55,20000,19001056,950.052800000
hash,hash_update,real,55,20000,1844384640,92219.232000000
hash,hash_update,real-minus-control,55,20000,0,91.269179200
percpu_hash,hash_lookup,control,55,20000,24141152,1207.057600000
percpu_hash,hash_lookup,real,55,20000,562379072,28118.953600000
percpu_hash,hash_lookup,real-minus-control,55,20000,0,26.911896000
percpu_hash,hash_update,control,55,20000,19288352,964.417600000
percpu_hash,hash_update,real,55,20000,1333656128,66682.806400000
percpu_hash,hash_update,real-minus-control,55,20000,0,65.718388800
array,array_lookup,real,56,20000,52523360,2626.168000000
array,array_lookup,control,56,20000,23809888,1190.494400000
array,array_lookup,real-minus-control,56,20000,0,1.435673600
array,array_update,real,56,20000,238179456,11908.972800000
array,array_update,control,56,20000,17826912,891.345600000
array,array_update,real-minus-control,56,20000,0,11.017627200
percpu_array,array_lookup,real,56,20000,64816032,3240.801600000
percpu_array,array_lookup,control,56,20000,24166752,1208.337600000
percpu_array,array_lookup,real-minus-control,56,20000,0,2.032464000
percpu_array,array_update,real,56,20000,307843008,15392.150400000
percpu_array,array_update,control,56,20000,17309664,865.483200000
percpu_array,array_update,real-minus-control,56,20000,0,14.526667200
hash,hash_lookup,real,56,20000,541972736,27098.636800000
hash,hash_lookup,control,56,20000,23757504,1187.875200000
hash,hash_lookup,real-minus-control,56,20000,0,25.910761600
hash,hash_update,real,56,20000,1846519488,92325.974400000
hash,hash_update,control,56,20000,18949952,947.497600000
hash,hash_update,real-minus-control,56,20000,0,91.378476800
percpu_hash,hash_lookup,real,56,20000,563651744,28182.587200000
percpu_hash,hash_lookup,control,56,20000,24124800,1206.240000000
percpu_hash,hash_lookup,real-minus-control,56,20000,0,26.976347200
percpu_hash,hash_update,real,56,20000,1333897952,66694.897600000
percpu_hash,hash_update,control,56,20000,19321216,966.060800000
percpu_hash,hash_update,real-minus-control,56,20000,0,65.728836800
array,array_lookup,control,57,20000,23812032,1190.601600000
array,array_lookup,real,57,20000,52511232,2625.561600000
array,array_lookup,real-minus-control,57,20000,0,1.434960000
array,array_update,control,57,20000,17842944,892.147200000
array,array_update,real,57,20000,238050848,11902.542400000
array,array_update,real-minus-control,57,20000,0,11.010395200
percpu_array,array_lookup,control,57,20000,24172544,1208.627200000
percpu_array,array_lookup,real,57,20000,64804128,3240.206400000
percpu_array,array_lookup,real-minus-control,57,20000,0,2.031579200
percpu_array,array_update,control,57,20000,17257216,862.860800000
percpu_array,array_update,real,57,20000,307859072,15392.953600000
percpu_array,array_update,real-minus-control,57,20000,0,14.530092800
hash,hash_lookup,control,57,20000,23765728,1188.286400000
hash,hash_lookup,real,57,20000,540173984,27008.699200000
hash,hash_lookup,real-minus-control,57,20000,0,25.820412800
hash,hash_update,control,57,20000,18998336,949.916800000
hash,hash_update,real,57,20000,1845582016,92279.100800000
hash,hash_update,real-minus-control,57,20000,0,91.329184000
percpu_hash,hash_lookup,control,57,20000,24115392,1205.769600000
percpu_hash,hash_lookup,real,57,20000,562422432,28121.121600000
percpu_hash,hash_lookup,real-minus-control,57,20000,0,26.915352000
percpu_hash,hash_update,control,57,20000,19260256,963.012800000
percpu_hash,hash_update,real,57,20000,1334663360,66733.168000000
percpu_hash,hash_update,real-minus-control,57,20000,0,65.770155200
array,array_lookup,real,58,20000,52518432,2625.921600000
array,array_lookup,control,58,20000,23849440,1192.472000000
array,array_lookup,real-minus-control,58,20000,0,1.433449600
array,array_update,real,58,20000,238166784,11908.339200000
array,array_update,control,58,20000,17843104,892.155200000
array,array_update,real-minus-control,58,20000,0,11.016184000
percpu_array,array_lookup,real,58,20000,64557152,3227.857600000
percpu_array,array_lookup,control,58,20000,24197920,1209.896000000
percpu_array,array_lookup,real-minus-control,58,20000,0,2.017961600
percpu_array,array_update,real,58,20000,307895616,15394.780800000
percpu_array,array_update,control,58,20000,17288736,864.436800000
percpu_array,array_update,real-minus-control,58,20000,0,14.530344000
hash,hash_lookup,real,58,20000,543019296,27150.964800000
hash,hash_lookup,control,58,20000,23766336,1188.316800000
hash,hash_lookup,real-minus-control,58,20000,0,25.962648000
hash,hash_update,real,58,20000,1846068288,92303.414400000
hash,hash_update,control,58,20000,18931200,946.560000000
hash,hash_update,real-minus-control,58,20000,0,91.356854400
percpu_hash,hash_lookup,real,58,20000,562186336,28109.316800000
percpu_hash,hash_lookup,control,58,20000,24134400,1206.720000000
percpu_hash,hash_lookup,real-minus-control,58,20000,0,26.902596800
percpu_hash,hash_update,real,58,20000,1334566784,66728.339200000
percpu_hash,hash_update,control,58,20000,19274208,963.710400000
percpu_hash,hash_update,real-minus-control,58,20000,0,65.764628800
array,array_lookup,control,59,20000,23802208,1190.110400000
array,array_lookup,real,59,20000,52541664,2627.083200000
array,array_lookup,real-minus-control,59,20000,0,1.436972800
array,array_update,control,59,20000,17891616,894.580800000
array,array_update,real,59,20000,238186016,11909.300800000
array,array_update,real-minus-control,59,20000,0,11.014720000
percpu_array,array_lookup,control,59,20000,24213536,1210.676800000
percpu_array,array_lookup,real,59,20000,64796192,3239.809600000
percpu_array,array_lookup,real-minus-control,59,20000,0,2.029132800
percpu_array,array_update,control,59,20000,17308320,865.416000000
percpu_array,array_update,real,59,20000,307858528,15392.926400000
percpu_array,array_update,real-minus-control,59,20000,0,14.527510400
hash,hash_lookup,control,59,20000,23773568,1188.678400000
hash,hash_lookup,real,59,20000,538191104,26909.555200000
hash,hash_lookup,real-minus-control,59,20000,0,25.720876800
hash,hash_update,control,59,20000,18933536,946.676800000
hash,hash_update,real,59,20000,1844909280,92245.464000000
hash,hash_update,real-minus-control,59,20000,0,91.298787200
percpu_hash,hash_lookup,control,59,20000,24125792,1206.289600000
percpu_hash,hash_lookup,real,59,20000,562190272,28109.513600000
percpu_hash,hash_lookup,real-minus-control,59,20000,0,26.903224000
percpu_hash,hash_update,control,59,20000,19263136,963.156800000
percpu_hash,hash_update,real,59,20000,1335450624,66772.531200000
percpu_hash,hash_update,real-minus-control,59,20000,0,65.809374400
array,array_lookup,real,60,20000,52565600,2628.280000000
array,array_lookup,control,60,20000,23816320,1190.816000000
array,array_lookup,real-minus-control,60,20000,0,1.437464000
array,array_update,real,60,20000,238299488,11914.974400000
array,array_update,control,60,20000,17846816,892.340800000
array,array_update,real-minus-control,60,20000,0,11.022633600
percpu_array,array_lookup,real,60,20000,64804832,3240.241600000
percpu_array,array_lookup,control,60,20000,24169696,1208.484800000
percpu_array,array_lookup,real-minus-control,60,20000,0,2.031756800
percpu_array,array_update,real,60,20000,308025696,15401.284800000
percpu_array,array_update,control,60,20000,17269792,863.489600000
percpu_array,array_update,real-minus-control,60,20000,0,14.537795200
hash,hash_lookup,real,60,20000,540103968,27005.198400000
hash,hash_lookup,control,60,20000,23780832,1189.041600000
hash,hash_lookup,real-minus-control,60,20000,0,25.816156800
hash,hash_update,real,60,20000,1845186240,92259.312000000
hash,hash_update,control,60,20000,18978720,948.936000000
hash,hash_update,real-minus-control,60,20000,0,91.310376000
percpu_hash,hash_lookup,real,60,20000,562627520,28131.376000000
percpu_hash,hash_lookup,control,60,20000,24163488,1208.174400000
percpu_hash,hash_lookup,real-minus-control,60,20000,0,26.923201600
percpu_hash,hash_update,real,60,20000,1334920192,66746.009600000
percpu_hash,hash_update,control,60,20000,19337472,966.873600000
percpu_hash,hash_update,real-minus-control,60,20000,0,65.779136000
array,array_lookup,control,61,20000,23801600,1190.080000000
array,array_lookup,real,61,20000,52505696,2625.284800000
array,array_lookup,real-minus-control,61,20000,0,1.435204800
array,array_update,control,61,20000,17889696,894.484800000
array,array_update,real,61,20000,238161696,11908.084800000
array,array_update,real-minus-control,61,20000,0,11.013600000
percpu_array,array_lookup,control,61,20000,24187232,1209.361600000
percpu_array,array_lookup,real,61,20000,64866048,3243.302400000
percpu_array,array_lookup,real-minus-control,61,20000,0,2.033940800
percpu_array,array_update,control,61,20000,17298528,864.926400000
percpu_array,array_update,real,61,20000,307786848,15389.342400000
percpu_array,array_update,real-minus-control,61,20000,0,14.524416000
hash,hash_lookup,control,61,20000,23779616,1188.980800000
hash,hash_lookup,real,61,20000,539465248,26973.262400000
hash,hash_lookup,real-minus-control,61,20000,0,25.784281600
hash,hash_update,control,61,20000,18973088,948.654400000
hash,hash_update,real,61,20000,1845395808,92269.790400000
hash,hash_update,real-minus-control,61,20000,0,91.321136000
percpu_hash,hash_lookup,control,61,20000,24123648,1206.182400000
percpu_hash,hash_lookup,real,61,20000,564934272,28246.713600000
percpu_hash,hash_lookup,real-minus-control,61,20000,0,27.040531200
percpu_hash,hash_update,control,61,20000,19280928,964.046400000
percpu_hash,hash_update,real,61,20000,1335505120,66775.256000000
percpu_hash,hash_update,real-minus-control,61,20000,0,65.811209600
array,array_lookup,real,62,20000,52549056,2627.452800000
array,array_lookup,control,62,20000,23805120,1190.256000000
array,array_lookup,real-minus-control,62,20000,0,1.437196800
array,array_update,real,62,20000,238146272,11907.313600000
array,array_update,control,62,20000,17822368,891.118400000
array,array_update,real-minus-control,62,20000,0,11.016195200
percpu_array,array_lookup,real,62,20000,64789184,3239.459200000
percpu_array,array_lookup,control,62,20000,24181056,1209.052800000
percpu_array,array_lookup,real-minus-control,62,20000,0,2.030406400
percpu_array,array_update,real,62,20000,307849920,15392.496000000
percpu_array,array_update,control,62,20000,17283104,864.155200000
percpu_array,array_update,real-minus-control,62,20000,0,14.528340800
hash,hash_lookup,real,62,20000,539878720,26993.936000000
hash,hash_lookup,control,62,20000,23768960,1188.448000000
hash,hash_lookup,real-minus-control,62,20000,0,25.805488000
hash,hash_update,real,62,20000,1845862240,92293.112000000
hash,hash_update,control,62,20000,19009088,950.454400000
hash,hash_update,real-minus-control,62,20000,0,91.342657600
percpu_hash,hash_lookup,real,62,20000,563189664,28159.483200000
percpu_hash,hash_lookup,control,62,20000,24162272,1208.113600000
percpu_hash,hash_lookup,real-minus-control,62,20000,0,26.951369600
percpu_hash,hash_update,real,62,20000,1334775648,66738.782400000
percpu_hash,hash_update,control,62,20000,19156544,957.827200000
percpu_hash,hash_update,real-minus-control,62,20000,0,65.780955200
array,array_lookup,control,63,20000,23827680,1191.384000000
array,array_lookup,real,63,20000,52515456,2625.772800000
array,array_lookup,real-minus-control,63,20000,0,1.434388800
array,array_update,control,63,20000,17858784,892.939200000
array,array_update,real,63,20000,238025632,11901.281600000
array,array_update,real-minus-control,63,20000,0,11.008342400
percpu_array,array_lookup,control,63,20000,24175328,1208.766400000
percpu_array,array_lookup,real,63,20000,64813504,3240.675200000
percpu_array,array_lookup,real-minus-control,63,20000,0,2.031908800
percpu_array,array_update,control,63,20000,17267936,863.396800000
percpu_array,array_update,real,63,20000,307880448,15394.022400000
percpu_array,array_update,real-minus-control,63,20000,0,14.530625600
hash,hash_lookup,control,63,20000,23777632,1188.881600000
hash,hash_lookup,real,63,20000,541072928,27053.646400000
hash,hash_lookup,real-minus-control,63,20000,0,25.864764800
hash,hash_update,control,63,20000,18935840,946.792000000
hash,hash_update,real,63,20000,1846294176,92314.708800000
hash,hash_update,real-minus-control,63,20000,0,91.367916800
percpu_hash,hash_lookup,control,63,20000,24159008,1207.950400000
percpu_hash,hash_lookup,real,63,20000,562228096,28111.404800000
percpu_hash,hash_lookup,real-minus-control,63,20000,0,26.903454400
percpu_hash,hash_update,control,63,20000,19233792,961.689600000
percpu_hash,hash_update,real,63,20000,1334524384,66726.219200000
percpu_hash,hash_update,real-minus-control,63,20000,0,65.764529600
array,array_lookup,real,64,20000,52522560,2626.128000000
array,array_lookup,control,64,20000,23809344,1190.467200000
array,array_lookup,real-minus-control,64,20000,0,1.435660800
array,array_update,real,64,20000,238166880,11908.344000000
array,array_update,control,64,20000,17830144,891.507200000
array,array_update,real-minus-control,64,20000,0,11.016836800
percpu_array,array_lookup,real,64,20000,64779072,3238.953600000
percpu_array,array_lookup,control,64,20000,24180288,1209.014400000
percpu_array,array_lookup,real-minus-control,64,20000,0,2.029939200
percpu_array,array_update,real,64,20000,308088928,15404.446400000
percpu_array,array_update,control,64,20000,17279296,863.964800000
percpu_array,array_update,real-minus-control,64,20000,0,14.540481600
hash,hash_lookup,real,64,20000,539830752,26991.537600000
hash,hash_lookup,control,64,20000,23757504,1187.875200000
hash,hash_lookup,real-minus-control,64,20000,0,25.803662400
hash,hash_update,real,64,20000,1845054176,92252.708800000
hash,hash_update,control,64,20000,19015872,950.793600000
hash,hash_update,real-minus-control,64,20000,0,91.301915200
percpu_hash,hash_lookup,real,64,20000,562431008,28121.550400000
percpu_hash,hash_lookup,control,64,20000,24129152,1206.457600000
percpu_hash,hash_lookup,real-minus-control,64,20000,0,26.915092800
percpu_hash,hash_update,real,64,20000,1333991744,66699.587200000
percpu_hash,hash_update,control,64,20000,19162688,958.134400000
percpu_hash,hash_update,real-minus-control,64,20000,0,65.741452800
array,array_lookup,control,65,20000,23823712,1191.185600000
array,array_lookup,real,65,20000,52497024,2624.851200000
array,array_lookup,real-minus-control,65,20000,0,1.433665600
array,array_update,control,65,20000,17839680,891.984000000
array,array_update,real,65,20000,238195648,11909.782400000
array,array_update,real-minus-control,65,20000,0,11.017798400
percpu_array,array_lookup,control,65,20000,24159264,1207.963200000
percpu_array,array_lookup,real,65,20000,64776544,3238.827200000
percpu_array,array_lookup,real-minus-control,65,20000,0,2.030864000
percpu_array,array_update,control,65,20000,17305760,865.288000000
percpu_array,array_update,real,65,20000,308090464,15404.523200000
percpu_array,array_update,real-minus-control,65,20000,0,14.539235200
hash,hash_lookup,control,65,20000,23764032,1188.201600000
hash,hash_lookup,real,65,20000,538910592,26945.529600000
hash,hash_lookup,real-minus-control,65,20000,0,25.757328000
hash,hash_update,control,65,20000,18981216,949.060800000
hash,hash_update,real,65,20000,1844599072,92229.953600000
hash,hash_update,real-minus-control,65,20000,0,91.280892800
percpu_hash,hash_lookup,control,65,20000,24156512,1207.825600000
percpu_hash,hash_lookup,real,65,20000,561210624,28060.531200000
percpu_hash,hash_lookup,real-minus-control,65,20000,0,26.852705600
percpu_hash,hash_update,control,65,20000,19354880,967.744000000
percpu_hash,hash_update,real,65,20000,1332743776,66637.188800000
percpu_hash,hash_update,real-minus-control,65,20000,0,65.669444800
array,array_lookup,real,66,20000,52496928,2624.846400000
array,array_lookup,control,66,20000,23805568,1190.278400000
array,array_lookup,real-minus-control,66,20000,0,1.434568000
array,array_update,real,66,20000,238224480,11911.224000000
array,array_update,control,66,20000,17851744,892.587200000
array,array_update,real-minus-control,66,20000,0,11.018636800
percpu_array,array_lookup,real,66,20000,64793760,3239.688000000
percpu_array,array_lookup,control,66,20000,24169504,1208.475200000
percpu_array,array_lookup,real-minus-control,66,20000,0,2.031212800
percpu_array,array_update,real,66,20000,308104480,15405.224000000
percpu_array,array_update,control,66,20000,17289568,864.478400000
percpu_array,array_update,real-minus-control,66,20000,0,14.540745600
hash,hash_lookup,real,66,20000,540800224,27040.011200000
hash,hash_lookup,control,66,20000,23757728,1187.886400000
hash,hash_lookup,real-minus-control,66,20000,0,25.852124800
hash,hash_update,real,66,20000,1846203712,92310.185600000
hash,hash_update,control,66,20000,19016544,950.827200000
hash,hash_update,real-minus-control,66,20000,0,91.359358400
percpu_hash,hash_lookup,real,66,20000,561532224,28076.611200000
percpu_hash,hash_lookup,control,66,20000,24161600,1208.080000000
percpu_hash,hash_lookup,real-minus-control,66,20000,0,26.868531200
percpu_hash,hash_update,real,66,20000,1334182496,66709.124800000
percpu_hash,hash_update,control,66,20000,19359392,967.969600000
percpu_hash,hash_update,real-minus-control,66,20000,0,65.741155200
array,array_lookup,control,67,20000,23812320,1190.616000000
array,array_lookup,real,67,20000,52511840,2625.592000000
array,array_lookup,real-minus-control,67,20000,0,1.434976000
array,array_update,control,67,20000,17848672,892.433600000
array,array_update,real,67,20000,238203616,11910.180800000
array,array_update,real-minus-control,67,20000,0,11.017747200
percpu_array,array_lookup,control,67,20000,24200160,1210.008000000
percpu_array,array_lookup,real,67,20000,64782240,3239.112000000
percpu_array,array_lookup,real-minus-control,67,20000,0,2.029104000
percpu_array,array_update,control,67,20000,17288160,864.408000000
percpu_array,array_update,real,67,20000,308050880,15402.544000000
percpu_array,array_update,real-minus-control,67,20000,0,14.538136000
hash,hash_lookup,control,67,20000,23781792,1189.089600000
hash,hash_lookup,real,67,20000,536681408,26834.070400000
hash,hash_lookup,real-minus-control,67,20000,0,25.644980800
hash,hash_update,control,67,20000,18954112,947.705600000
hash,hash_update,real,67,20000,1846507808,92325.390400000
hash,hash_update,real-minus-control,67,20000,0,91.377684800
percpu_hash,hash_lookup,control,67,20000,24149760,1207.488000000
percpu_hash,hash_lookup,real,67,20000,564488672,28224.433600000
percpu_hash,hash_lookup,real-minus-control,67,20000,0,27.016945600
percpu_hash,hash_update,control,67,20000,19182112,959.105600000
percpu_hash,hash_update,real,67,20000,1334396608,66719.830400000
percpu_hash,hash_update,real-minus-control,67,20000,0,65.760724800
array,array_lookup,real,68,20000,52475168,2623.758400000
array,array_lookup,control,68,20000,23810368,1190.518400000
array,array_lookup,real-minus-control,68,20000,0,1.433240000
array,array_update,real,68,20000,238194048,11909.702400000
array,array_update,control,68,20000,17878528,893.926400000
array,array_update,real-minus-control,68,20000,0,11.015776000
percpu_array,array_lookup,real,68,20000,64809312,3240.465600000
percpu_array,array_lookup,control,68,20000,24168032,1208.401600000
percpu_array,array_lookup,real-minus-control,68,20000,0,2.032064000
percpu_array,array_update,real,68,20000,308096992,15404.849600000
percpu_array,array_update,control,68,20000,17277408,863.870400000
percpu_array,array_update,real-minus-control,68,20000,0,14.540979200
hash,hash_lookup,real,68,20000,540549440,27027.472000000
hash,hash_lookup,control,68,20000,23778464,1188.923200000
hash,hash_lookup,real-minus-control,68,20000,0,25.838548800
hash,hash_update,real,68,20000,1845720544,92286.027200000
hash,hash_update,control,68,20000,18926368,946.318400000
hash,hash_update,real-minus-control,68,20000,0,91.339708800
percpu_hash,hash_lookup,real,68,20000,562422624,28121.131200000
percpu_hash,hash_lookup,control,68,20000,24155008,1207.750400000
percpu_hash,hash_lookup,real-minus-control,68,20000,0,26.913380800
percpu_hash,hash_update,real,68,20000,1332891264,66644.563200000
percpu_hash,hash_update,control,68,20000,19289344,964.467200000
percpu_hash,hash_update,real-minus-control,68,20000,0,65.680096000
array,array_lookup,control,69,20000,23829504,1191.475200000
array,array_lookup,real,69,20000,52532832,2626.641600000
array,array_lookup,real-minus-control,69,20000,0,1.435166400
array,array_update,control,69,20000,17886784,894.339200000
array,array_update,real,69,20000,238112096,11905.604800000
array,array_update,real-minus-control,69,20000,0,11.011265600
percpu_array,array_lookup,control,69,20000,24177888,1208.894400000
percpu_array,array_lookup,real,69,20000,64770336,3238.516800000
percpu_array,array_lookup,real-minus-control,69,20000,0,2.029622400
percpu_array,array_update,control,69,20000,17284992,864.249600000
percpu_array,array_update,real,69,20000,308263808,15413.190400000
percpu_array,array_update,real-minus-control,69,20000,0,14.548940800
hash,hash_lookup,control,69,20000,23776032,1188.801600000
hash,hash_lookup,real,69,20000,538442528,26922.126400000
hash,hash_lookup,real-minus-control,69,20000,0,25.733324800
hash,hash_update,control,69,20000,18994464,949.723200000
hash,hash_update,real,69,20000,1845864928,92293.246400000
hash,hash_update,real-minus-control,69,20000,0,91.343523200
percpu_hash,hash_lookup,control,69,20000,24142688,1207.134400000
percpu_hash,hash_lookup,real,69,20000,560768832,28038.441600000
percpu_hash,hash_lookup,real-minus-control,69,20000,0,26.831307200
percpu_hash,hash_update,control,69,20000,19375712,968.785600000
percpu_hash,hash_update,real,69,20000,1335231520,66761.576000000
percpu_hash,hash_update,real-minus-control,69,20000,0,65.792790400
array,array_lookup,real,70,20000,52518592,2625.929600000
array,array_lookup,control,70,20000,23804704,1190.235200000
array,array_lookup,real-minus-control,70,20000,0,1.435694400
array,array_update,real,70,20000,238651904,11932.595200000
array,array_update,control,70,20000,17841120,892.056000000
array,array_update,real-minus-control,70,20000,0,11.040539200
percpu_array,array_lookup,real,70,20000,64798784,3239.939200000
percpu_array,array_lookup,control,70,20000,24196480,1209.824000000
percpu_array,array_lookup,real-minus-control,70,20000,0,2.030115200
percpu_array,array_update,real,70,20000,307842080,15392.104000000
percpu_array,array_update,control,70,20000,17302048,865.102400000
percpu_array,array_update,real-minus-control,70,20000,0,14.527001600
hash,hash_lookup,real,70,20000,540611264,27030.563200000
hash,hash_lookup,control,70,20000,23786176,1189.308800000
hash,hash_lookup,real-minus-control,70,20000,0,25.841254400
hash,hash_update,real,70,20000,1845413824,92270.691200000
hash,hash_update,control,70,20000,18978752,948.937600000
hash,hash_update,real-minus-control,70,20000,0,91.321753600
percpu_hash,hash_lookup,real,70,20000,561061632,28053.081600000
percpu_hash,hash_lookup,control,70,20000,24119328,1205.966400000
percpu_hash,hash_lookup,real-minus-control,70,20000,0,26.847115200
percpu_hash,hash_update,real,70,20000,1334199392,66709.969600000
percpu_hash,hash_update,control,70,20000,19191520,959.576000000
percpu_hash,hash_update,real-minus-control,70,20000,0,65.750393600
array,array_lookup,control,71,20000,23794720,1189.736000000
array,array_lookup,real,71,20000,52524640,2626.232000000
array,array_lookup,real-minus-control,71,20000,0,1.436496000
array,array_update,control,71,20000,17833664,891.683200000
array,array_update,real,71,20000,238190656,11909.532800000
array,array_update,real-minus-control,71,20000,0,11.017849600
percpu_array,array_lookup,control,71,20000,24193632,1209.681600000
percpu_array,array_lookup,real,71,20000,64799840,3239.992000000
percpu_array,array_lookup,real-minus-control,71,20000,0,2.030310400
percpu_array,array_update,control,71,20000,17290336,864.516800000
percpu_array,array_update,real,71,20000,308052544,15402.627200000
percpu_array,array_update,real-minus-control,71,20000,0,14.538110400
hash,hash_lookup,control,71,20000,23754496,1187.724800000
hash,hash_lookup,real,71,20000,538020736,26901.036800000
hash,hash_lookup,real-minus-control,71,20000,0,25.713312000
hash,hash_update,control,71,20000,18953920,947.696000000
hash,hash_update,real,71,20000,1845908640,92295.432000000
hash,hash_update,real-minus-control,71,20000,0,91.347736000
percpu_hash,hash_lookup,control,71,20000,24124544,1206.227200000
percpu_hash,hash_lookup,real,71,20000,562041856,28102.092800000
percpu_hash,hash_lookup,real-minus-control,71,20000,0,26.895865600
percpu_hash,hash_update,control,71,20000,19274016,963.700800000
percpu_hash,hash_update,real,71,20000,1335031488,66751.574400000
percpu_hash,hash_update,real-minus-control,71,20000,0,65.787873600
array,array_lookup,real,72,20000,52520352,2626.017600000
array,array_lookup,control,72,20000,23807136,1190.356800000
array,array_lookup,real-minus-control,72,20000,0,1.435660800
array,array_update,real,72,20000,238215680,11910.784000000
array,array_update,control,72,20000,17886848,894.342400000
array,array_update,real-minus-control,72,20000,0,11.016441600
percpu_array,array_lookup,real,72,20000,64808864,3240.443200000
percpu_array,array_lookup,control,72,20000,24165952,1208.297600000
percpu_array,array_lookup,real-minus-control,72,20000,0,2.032145600
percpu_array,array_update,real,72,20000,307845760,15392.288000000
percpu_array,array_update,control,72,20000,17279808,863.990400000
percpu_array,array_update,real-minus-control,72,20000,0,14.528297600
hash,hash_lookup,real,72,20000,539469568,26973.478400000
hash,hash_lookup,control,72,20000,23756800,1187.840000000
hash,hash_lookup,real-minus-control,72,20000,0,25.785638400
hash,hash_update,real,72,20000,1845862720,92293.136000000
hash,hash_update,control,72,20000,18949696,947.484800000
hash,hash_update,real-minus-control,72,20000,0,91.345651200
percpu_hash,hash_lookup,real,72,20000,562085792,28104.289600000
percpu_hash,hash_lookup,control,72,20000,24148672,1207.433600000
percpu_hash,hash_lookup,real-minus-control,72,20000,0,26.896856000
percpu_hash,hash_update,real,72,20000,1333734400,66686.720000000
percpu_hash,hash_update,control,72,20000,19301536,965.076800000
percpu_hash,hash_update,real-minus-control,72,20000,0,65.721643200
array,array_lookup,control,73,20000,23837376,1191.868800000
array,array_lookup,real,73,20000,52531712,2626.585600000
array,array_lookup,real-minus-control,73,20000,0,1.434716800
array,array_update,control,73,20000,17901696,895.084800000
array,array_update,real,73,20000,238003808,11900.190400000
array,array_update,real-minus-control,73,20000,0,11.005105600
percpu_array,array_lookup,control,73,20000,24180192,1209.009600000
percpu_array,array_lookup,real,73,20000,64830880,3241.544000000
percpu_array,array_lookup,real-minus-control,73,20000,0,2.032534400
percpu_array,array_update,control,73,20000,17266272,863.313600000
percpu_array,array_update,real,73,20000,308057088,15402.854400000
percpu_array,array_update,real-minus-control,73,20000,0,14.539540800
hash,hash_lookup,control,73,20000,23778496,1188.924800000
hash,hash_lookup,real,73,20000,541183360,27059.168000000
hash,hash_lookup,real-minus-control,73,20000,0,25.870243200
hash,hash_update,control,73,20000,18927104,946.355200000
hash,hash_update,real,73,20000,1846246848,92312.342400000
hash,hash_update,real-minus-control,73,20000,0,91.365987200
percpu_hash,hash_lookup,control,73,20000,24142560,1207.128000000
percpu_hash,hash_lookup,real,73,20000,562024416,28101.220800000
percpu_hash,hash_lookup,real-minus-control,73,20000,0,26.894092800
percpu_hash,hash_update,control,73,20000,19194048,959.702400000
percpu_hash,hash_update,real,73,20000,1332669664,66633.483200000
percpu_hash,hash_update,real-minus-control,73,20000,0,65.673780800
array,array_lookup,real,74,20000,52538016,2626.900800000
array,array_lookup,control,74,20000,23820160,1191.008000000
array,array_lookup,real-minus-control,74,20000,0,1.435892800
array,array_update,real,74,20000,237994656,11899.732800000
array,array_update,control,74,20000,17881504,894.075200000
array,array_update,real-minus-control,74,20000,0,11.005657600
percpu_array,array_lookup,real,74,20000,64824576,3241.228800000
percpu_array,array_lookup,control,74,20000,24186400,1209.320000000
percpu_array,array_lookup,real-minus-control,74,20000,0,2.031908800
percpu_array,array_update,real,74,20000,307869568,15393.478400000
percpu_array,array_update,control,74,20000,17280544,864.027200000
percpu_array,array_update,real-minus-control,74,20000,0,14.529451200
hash,hash_lookup,real,74,20000,539561376,26978.068800000
hash,hash_lookup,control,74,20000,23800416,1190.020800000
hash,hash_lookup,real-minus-control,74,20000,0,25.788048000
hash,hash_update,real,74,20000,1845751456,92287.572800000
hash,hash_update,control,74,20000,18969632,948.481600000
hash,hash_update,real-minus-control,74,20000,0,91.339091200
percpu_hash,hash_lookup,real,74,20000,559574560,27978.728000000
percpu_hash,hash_lookup,control,74,20000,24142560,1207.128000000
percpu_hash,hash_lookup,real-minus-control,74,20000,0,26.771600000
percpu_hash,hash_update,real,74,20000,1333466336,66673.316800000
percpu_hash,hash_update,control,74,20000,19281632,964.081600000
percpu_hash,hash_update,real-minus-control,74,20000,0,65.709235200
array,array_lookup,control,75,20000,23828160,1191.408000000
array,array_lookup,real,75,20000,52520416,2626.020800000
array,array_lookup,real-minus-control,75,20000,0,1.434612800
array,array_update,control,75,20000,17863456,893.172800000
array,array_update,real,75,20000,238201792,11910.089600000
array,array_update,real-minus-control,75,20000,0,11.016916800
percpu_array,array_lookup,control,75,20000,24163296,1208.164800000
percpu_array,array_lookup,real,75,20000,64786272,3239.313600000
percpu_array,array_lookup,real-minus-control,75,20000,0,2.031148800
percpu_array,array_update,control,75,20000,17309120,865.456000000
percpu_array,array_update,real,75,20000,308147296,15407.364800000
percpu_array,array_update,real-minus-control,75,20000,0,14.541908800
hash,hash_lookup,control,75,20000,23755200,1187.760000000
hash,hash_lookup,real,75,20000,539428096,26971.404800000
hash,hash_lookup,real-minus-control,75,20000,0,25.783644800
hash,hash_update,control,75,20000,18981152,949.057600000
hash,hash_update,real,75,20000,1845086688,92254.334400000
hash,hash_update,real-minus-control,75,20000,0,91.305276800
percpu_hash,hash_lookup,control,75,20000,24135392,1206.769600000
percpu_hash,hash_lookup,real,75,20000,561695872,28084.793600000
percpu_hash,hash_lookup,real-minus-control,75,20000,0,26.878024000
percpu_hash,hash_update,control,75,20000,19354784,967.739200000
percpu_hash,hash_update,real,75,20000,1332733600,66636.680000000
percpu_hash,hash_update,real-minus-control,75,20000,0,65.668940800
array,array_lookup,real,76,20000,52545216,2627.260800000
array,array_lookup,control,76,20000,23806976,1190.348800000
array,array_lookup,real-minus-control,76,20000,0,1.436912000
array,array_update,real,76,20000,238034240,11901.712000000
array,array_update,control,76,20000,17842688,892.134400000
array,array_update,real-minus-control,76,20000,0,11.009577600
percpu_array,array_lookup,real,76,20000,64772320,3238.616000000
percpu_array,array_lookup,control,76,20000,24175456,1208.772800000
percpu_array,array_lookup,real-minus-control,76,20000,0,2.029843200
percpu_array,array_update,real,76,20000,307855744,15392.787200000
percpu_array,array_update,control,76,20000,17289312,864.465600000
percpu_array,array_update,real-minus-control,76,20000,0,14.528321600
hash,hash_lookup,real,76,20000,540043520,27002.176000000
hash,hash_lookup,control,76,20000,23743488,1187.174400000
hash,hash_lookup,real-minus-control,76,20000,0,25.815001600
hash,hash_update,real,76,20000,1846736704,92336.835200000
hash,hash_update,control,76,20000,19043232,952.161600000
hash,hash_update,real-minus-control,76,20000,0,91.384673600
percpu_hash,hash_lookup,real,76,20000,561311200,28065.560000000
percpu_hash,hash_lookup,control,76,20000,24133696,1206.684800000
percpu_hash,hash_lookup,real-minus-control,76,20000,0,26.858875200
percpu_hash,hash_update,real,76,20000,1333832192,66691.609600000
percpu_hash,hash_update,control,76,20000,19297984,964.899200000
percpu_hash,hash_update,real-minus-control,76,20000,0,65.726710400
array,array_lookup,control,77,20000,23835008,1191.750400000
array,array_lookup,real,77,20000,52542208,2627.110400000
array,array_lookup,real-minus-control,77,20000,0,1.435360000
array,array_update,control,77,20000,17870240,893.512000000
array,array_update,real,77,20000,238015936,11900.796800000
array,array_update,real-minus-control,77,20000,0,11.007284800
percpu_array,array_lookup,control,77,20000,24151264,1207.563200000
percpu_array,array_lookup,real,77,20000,64788768,3239.438400000
percpu_array,array_lookup,real-minus-control,77,20000,0,2.031875200
percpu_array,array_update,control,77,20000,17301536,865.076800000
percpu_array,array_update,real,77,20000,308063904,15403.195200000
percpu_array,array_update,real-minus-control,77,20000,0,14.538118400
hash,hash_lookup,control,77,20000,23738176,1186.908800000
hash,hash_lookup,real,77,20000,539148352,26957.417600000
hash,hash_lookup,real-minus-control,77,20000,0,25.770508800
hash,hash_update,control,77,20000,18950720,947.536000000
hash,hash_update,real,77,20000,1846166976,92308.348800000
hash,hash_update,real-minus-control,77,20000,0,91.360812800
percpu_hash,hash_lookup,control,77,20000,24159680,1207.984000000
percpu_hash,hash_lookup,real,77,20000,562991744,28149.587200000
percpu_hash,hash_lookup,real-minus-control,77,20000,0,26.941603200
percpu_hash,hash_update,control,77,20000,19317824,965.891200000
percpu_hash,hash_update,real,77,20000,1334094272,66704.713600000
percpu_hash,hash_update,real-minus-control,77,20000,0,65.738822400
array,array_lookup,real,78,20000,52509920,2625.496000000
array,array_lookup,control,78,20000,23820480,1191.024000000
array,array_lookup,real-minus-control,78,20000,0,1.434472000
array,array_update,real,78,20000,238193344,11909.667200000
array,array_update,control,78,20000,17842816,892.140800000
array,array_update,real-minus-control,78,20000,0,11.017526400
percpu_array,array_lookup,real,78,20000,64846368,3242.318400000
percpu_array,array_lookup,control,78,20000,24191328,1209.566400000
percpu_array,array_lookup,real-minus-control,78,20000,0,2.032752000
percpu_array,array_update,real,78,20000,307955008,15397.750400000
percpu_array,array_update,control,78,20000,17281184,864.059200000
percpu_array,array_update,real-minus-control,78,20000,0,14.533691200
hash,hash_lookup,real,78,20000,541831872,27091.593600000
hash,hash_lookup,control,78,20000,23819328,1190.966400000
hash,hash_lookup,real-minus-control,78,20000,0,25.900627200
hash,hash_update,real,78,20000,1846724768,92336.238400000
hash,hash_update,control,78,20000,18992864,949.643200000
hash,hash_update,real-minus-control,78,20000,0,91.386595200
percpu_hash,hash_lookup,real,78,20000,562356608,28117.830400000
percpu_hash,hash_lookup,control,78,20000,24149600,1207.480000000
percpu_hash,hash_lookup,real-minus-control,78,20000,0,26.910350400
percpu_hash,hash_update,real,78,20000,1332434112,66621.705600000
percpu_hash,hash_update,control,78,20000,19279136,963.956800000
percpu_hash,hash_update,real-minus-control,78,20000,0,65.657748800
array,array_lookup,control,79,20000,23799072,1189.953600000
array,array_lookup,real,79,20000,52516256,2625.812800000
array,array_lookup,real-minus-control,79,20000,0,1.435859200
array,array_update,control,79,20000,17864064,893.203200000
array,array_update,real,79,20000,238019456,11900.972800000
array,array_update,real-minus-control,79,20000,0,11.007769600
percpu_array,array_lookup,control,79,20000,24173984,1208.699200000
percpu_array,array_lookup,real,79,20000,64801760,3240.088000000
percpu_array,array_lookup,real-minus-control,79,20000,0,2.031388800
percpu_array,array_update,control,79,20000,17280960,864.048000000
percpu_array,array_update,real,79,20000,308108480,15405.424000000
percpu_array,array_update,real-minus-control,79,20000,0,14.541376000
hash,hash_lookup,control,79,20000,23757856,1187.892800000
hash,hash_lookup,real,79,20000,538389600,26919.480000000
hash,hash_lookup,real-minus-control,79,20000,0,25.731587200
hash,hash_update,control,79,20000,19077600,953.880000000
hash,hash_update,real,79,20000,1845956448,92297.822400000
hash,hash_update,real-minus-control,79,20000,0,91.343942400
percpu_hash,hash_lookup,control,79,20000,24152832,1207.641600000
percpu_hash,hash_lookup,real,79,20000,562738272,28136.913600000
percpu_hash,hash_lookup,real-minus-control,79,20000,0,26.929272000
percpu_hash,hash_update,control,79,20000,19266400,963.320000000
percpu_hash,hash_update,real,79,20000,1334499776,66724.988800000
percpu_hash,hash_update,real-minus-control,79,20000,0,65.761668800
array,array_lookup,real,80,20000,52526080,2626.304000000
array,array_lookup,control,80,20000,23801472,1190.073600000
array,array_lookup,real-minus-control,80,20000,0,1.436230400
array,array_update,real,80,20000,238038592,11901.929600000
array,array_update,control,80,20000,17887424,894.371200000
array,array_update,real-minus-control,80,20000,0,11.007558400
percpu_array,array_lookup,real,80,20000,64794592,3239.729600000
percpu_array,array_lookup,control,80,20000,24189408,1209.470400000
percpu_array,array_lookup,real-minus-control,80,20000,0,2.030259200
percpu_array,array_update,real,80,20000,307801408,15390.070400000
percpu_array,array_update,control,80,20000,17272608,863.630400000
percpu_array,array_update,real-minus-control,80,20000,0,14.526440000
hash,hash_lookup,real,80,20000,537446208,26872.310400000
hash,hash_lookup,control,80,20000,23777376,1188.868800000
hash,hash_lookup,real-minus-control,80,20000,0,25.683441600
hash,hash_update,real,80,20000,1846368704,92318.435200000
hash,hash_update,control,80,20000,18941472,947.073600000
hash,hash_update,real-minus-control,80,20000,0,91.371361600
percpu_hash,hash_lookup,real,80,20000,561174016,28058.700800000
percpu_hash,hash_lookup,control,80,20000,24142080,1207.104000000
percpu_hash,hash_lookup,real-minus-control,80,20000,0,26.851596800
percpu_hash,hash_update,real,80,20000,1333655168,66682.758400000
percpu_hash,hash_update,control,80,20000,19308608,965.430400000
percpu_hash,hash_update,real-minus-control,80,20000,0,65.717328000
