
=== Running benchmark for 16b file ===
Generating test file of size 16b...
  Created benchmark/ssl-nginx/index.html (16 bytes)
[DEBUG 18:21:20] Starting benchmark script
[DEBUG 18:21:20] Current working directory: /bpftime
[DEBUG 18:21:20] Checking command: nginx - EXISTS
[DEBUG 18:21:20]   Path: /usr/sbin/nginx
[DEBUG 18:21:20] Checking file: /bpftime/build/runtime/agent/libbpftime-agent.so - EXISTS
[DEBUG 18:21:20] Checking file: /bpftime/build/runtime/syscall-server/libbpftime-syscall-server.so - EXISTS
[DEBUG 18:21:20] Checking file: /bpftime/example/sslsniff/sslsniff - EXISTS
[DEBUG 18:21:20] Checking command: wrk - EXISTS
[DEBUG 18:21:20]   Path: /usr/bin/wrk

=== Running Baseline Tests ===
[DEBUG 18:21:20] Cleaning up processes...
[DEBUG 18:21:20] Found nginx PIDs: []
[DEBUG 18:21:20] Found sslsniff PIDs: []
[DEBUG 18:21:21] After cleanup: nginx PIDs: [], sslsniff PIDs: []
[DEBUG 18:21:21] Removing access log: /bpftime/benchmark/ssl-nginx/access.log
[DEBUG 18:21:21] Access log removed successfully
[DEBUG 18:21:21] Checking command: nginx - EXISTS
[DEBUG 18:21:21]   Path: /usr/sbin/nginx
[DEBUG 18:21:21] Current directory: /bpftime
[DEBUG 18:21:21] Checking if nginx.conf exists: True
[DEBUG 18:21:21] Starting nginx with command: nginx -c /bpftime/benchmark/ssl-nginx/nginx.conf -p /bpftime/benchmark/ssl-nginx
[DEBUG 18:21:23] nginx started successfully
[DEBUG 18:21:23] Error checking nginx: [Errno 2] No such file or directory: 'curl'
Run 1/10...
[DEBUG 18:21:23] Running wrk with command: wrk https://127.0.0.1:4043/index.html -c 100 -d 10
[DEBUG 18:21:33] wrk exit code: 0
[DEBUG 18:21:33] Parsing wrk output: Running 10s test @ https://127.0.0.1:4043/index.html
  2 threads and 100 connections
  Thread Stats ...
  Requests/sec: 16604.50
Run 2/10...
[DEBUG 18:21:33] Running wrk with command: wrk https://127.0.0.1:4043/index.html -c 100 -d 10
[DEBUG 18:21:43] wrk exit code: 0
[DEBUG 18:21:43] Parsing wrk output: Running 10s test @ https://127.0.0.1:4043/index.html
  2 threads and 100 connections
  Thread Stats ...
  Requests/sec: 16791.77
Run 3/10...
[DEBUG 18:21:43] Running wrk with command: wrk https://127.0.0.1:4043/index.html -c 100 -d 10
[DEBUG 18:21:53] wrk exit code: 0
[DEBUG 18:21:53] Parsing wrk output: Running 10s test @ https://127.0.0.1:4043/index.html
  2 threads and 100 connections
  Thread Stats ...
  Requests/sec: 16606.60
Run 4/10...
[DEBUG 18:21:53] Running wrk with command: wrk https://127.0.0.1:4043/index.html -c 100 -d 10
[DEBUG 18:22:03] wrk exit code: 0
[DEBUG 18:22:03] Parsing wrk output: Running 10s test @ https://127.0.0.1:4043/index.html
  2 threads and 100 connections
  Thread Stats ...
  Requests/sec: 16688.85
Run 5/10...
[DEBUG 18:22:03] Running wrk with command: wrk https://127.0.0.1:4043/index.html -c 100 -d 10
[DEBUG 18:22:13] wrk exit code: 0
[DEBUG 18:22:13] Parsing wrk output: Running 10s test @ https://127.0.0.1:4043/index.html
  2 threads and 100 connections
  Thread Stats ...
  Requests/sec: 16404.90
Run 6/10...
[DEBUG 18:22:13] Running wrk with command: wrk https://127.0.0.1:4043/index.html -c 100 -d 10
[DEBUG 18:22:23] wrk exit code: 0
[DEBUG 18:22:23] Parsing wrk output: Running 10s test @ https://127.0.0.1:4043/index.html
  2 threads and 100 connections
  Thread Stats ...
  Requests/sec: 16579.52
Run 7/10...
[DEBUG 18:22:23] Running wrk with command: wrk https://127.0.0.1:4043/index.html -c 100 -d 10
[DEBUG 18:22:33] wrk exit code: 0
[DEBUG 18:22:33] Parsing wrk output: Running 10s test @ https://127.0.0.1:4043/index.html
  2 threads and 100 connections
  Thread Stats ...
  Requests/sec: 16241.61
Run 8/10...
[DEBUG 18:22:33] Running wrk with command: wrk https://127.0.0.1:4043/index.html -c 100 -d 10
[DEBUG 18:22:43] wrk exit code: 0
[DEBUG 18:22:43] Parsing wrk output: Running 10s test @ https://127.0.0.1:4043/index.html
  2 threads and 100 connections
  Thread Stats ...
  Requests/sec: 16288.76
Run 9/10...
[DEBUG 18:22:43] Running wrk with command: wrk https://127.0.0.1:4043/index.html -c 100 -d 10
[DEBUG 18:22:53] wrk exit code: 0
[DEBUG 18:22:53] Parsing wrk output: Running 10s test @ https://127.0.0.1:4043/index.html
  2 threads and 100 connections
  Thread Stats ...
  Requests/sec: 16397.37
Run 10/10...
[DEBUG 18:22:53] Running wrk with command: wrk https://127.0.0.1:4043/index.html -c 100 -d 10
[DEBUG 18:23:04] wrk exit code: 0
[DEBUG 18:23:04] Parsing wrk output: Running 10s test @ https://127.0.0.1:4043/index.html
  2 threads and 100 connections
  Thread Stats ...
  Requests/sec: 16426.28
[DEBUG 18:23:04] Terminating nginx

=== Running Kernel sslsniff Tests ===
[DEBUG 18:23:04] Cleaning up processes...
[DEBUG 18:23:04] Found nginx PIDs: []
[DEBUG 18:23:04] Found sslsniff PIDs: []
[DEBUG 18:23:05] After cleanup: nginx PIDs: [], sslsniff PIDs: []
[DEBUG 18:23:05] Removing access log: /bpftime/benchmark/ssl-nginx/access.log
[DEBUG 18:23:05] Access log removed successfully
[DEBUG 18:23:05] Checking file: /bpftime/example/sslsniff/sslsniff - EXISTS
[DEBUG 18:23:05] Starting nginx with command: nginx -c /bpftime/benchmark/ssl-nginx/nginx.conf -p /bpftime/benchmark/ssl-nginx
Run 1/10...
[DEBUG 18:23:07] Starting kernel sslsniff: sudo example/sslsniff/sslsniff
[DEBUG 18:23:09] Running wrk with command: wrk https://127.0.0.1:4043/index.html -c 100 -d 10
[DEBUG 18:23:19] Parsing wrk output: Running 10s test @ https://127.0.0.1:4043/index.html
  2 threads and 100 connections
  Thread Stats ...
[DEBUG 18:23:19] Killing sslsniff
  Requests/sec: 11542.85
Run 2/10...
[DEBUG 18:23:20] Starting kernel sslsniff: sudo example/sslsniff/sslsniff
[DEBUG 18:23:22] Running wrk with command: wrk https://127.0.0.1:4043/index.html -c 100 -d 10
[DEBUG 18:23:32] Parsing wrk output: Running 10s test @ https://127.0.0.1:4043/index.html
  2 threads and 100 connections
  Thread Stats ...
[DEBUG 18:23:32] Killing sslsniff
  Requests/sec: 11458.70
Run 3/10...
[DEBUG 18:23:33] Starting kernel sslsniff: sudo example/sslsniff/sslsniff
[DEBUG 18:23:35] Running wrk with command: wrk https://127.0.0.1:4043/index.html -c 100 -d 10
[DEBUG 18:23:45] Parsing wrk output: Running 10s test @ https://127.0.0.1:4043/index.html
  2 threads and 100 connections
  Thread Stats ...
[DEBUG 18:23:45] Killing sslsniff
  Requests/sec: 11257.51
Run 4/10...
[DEBUG 18:23:46] Starting kernel sslsniff: sudo example/sslsniff/sslsniff
[DEBUG 18:23:48] Running wrk with command: wrk https://127.0.0.1:4043/index.html -c 100 -d 10
[DEBUG 18:23:58] Parsing wrk output: Running 10s test @ https://127.0.0.1:4043/index.html
  2 threads and 100 connections
  Thread Stats ...
[DEBUG 18:23:58] Killing sslsniff
  Requests/sec: 11459.15
Run 5/10...
[DEBUG 18:23:59] Starting kernel sslsniff: sudo example/sslsniff/sslsniff
[DEBUG 18:24:01] Running wrk with command: wrk https://127.0.0.1:4043/index.html -c 100 -d 10
[DEBUG 18:24:11] Parsing wrk output: Running 10s test @ https://127.0.0.1:4043/index.html
  2 threads and 100 connections
  Thread Stats ...
[DEBUG 18:24:11] Killing sslsniff
  Requests/sec: 11430.79
Run 6/10...
[DEBUG 18:24:12] Starting kernel sslsniff: sudo example/sslsniff/sslsniff
[DEBUG 18:24:14] Running wrk with command: wrk https://127.0.0.1:4043/index.html -c 100 -d 10
[DEBUG 18:24:24] Parsing wrk output: Running 10s test @ https://127.0.0.1:4043/index.html
  2 threads and 100 connections
  Thread Stats ...
[DEBUG 18:24:24] Killing sslsniff
  Requests/sec: 11317.12
Run 7/10...
[DEBUG 18:24:25] Starting kernel sslsniff: sudo example/sslsniff/sslsniff
[DEBUG 18:24:27] Running wrk with command: wrk https://127.0.0.1:4043/index.html -c 100 -d 10
[DEBUG 18:24:37] Parsing wrk output: Running 10s test @ https://127.0.0.1:4043/index.html
  2 threads and 100 connections
  Thread Stats ...
[DEBUG 18:24:37] Killing sslsniff
  Requests/sec: 11313.90
Run 8/10...
[DEBUG 18:24:38] Starting kernel sslsniff: sudo example/sslsniff/sslsniff
[DEBUG 18:24:40] Running wrk with command: wrk https://127.0.0.1:4043/index.html -c 100 -d 10
[DEBUG 18:24:51] Parsing wrk output: Running 10s test @ https://127.0.0.1:4043/index.html
  2 threads and 100 connections
  Thread Stats ...
[DEBUG 18:24:51] Killing sslsniff
  Requests/sec: 11600.44
Run 9/10...
[DEBUG 18:24:52] Starting kernel sslsniff: sudo example/sslsniff/sslsniff
[DEBUG 18:24:54] Running wrk with command: wrk https://127.0.0.1:4043/index.html -c 100 -d 10
[DEBUG 18:25:04] Parsing wrk output: Running 10s test @ https://127.0.0.1:4043/index.html
  2 threads and 100 connections
  Thread Stats ...
[DEBUG 18:25:04] Killing sslsniff
  Requests/sec: 11432.41
Run 10/10...
[DEBUG 18:25:05] Starting kernel sslsniff: sudo example/sslsniff/sslsniff
[DEBUG 18:25:07] Running wrk with command: wrk https://127.0.0.1:4043/index.html -c 100 -d 10
[DEBUG 18:25:17] Parsing wrk output: Running 10s test @ https://127.0.0.1:4043/index.html
  2 threads and 100 connections
  Thread Stats ...
[DEBUG 18:25:17] Killing sslsniff
  Requests/sec: 11212.28
[DEBUG 18:25:18] Terminating nginx

=== Running bpftime sslsniff Tests ===
[DEBUG 18:25:18] Cleaning up processes...
[DEBUG 18:25:18] Found nginx PIDs: []
[DEBUG 18:25:18] Found sslsniff PIDs: []
[DEBUG 18:25:19] After cleanup: nginx PIDs: [], sslsniff PIDs: []
[DEBUG 18:25:19] Removing access log: /bpftime/benchmark/ssl-nginx/access.log
[DEBUG 18:25:19] Access log removed successfully
[DEBUG 18:25:19] Checking file: /bpftime/example/sslsniff/sslsniff - EXISTS
[DEBUG 18:25:19] Checking file: /bpftime/build/runtime/agent/libbpftime-agent.so - EXISTS
[DEBUG 18:25:19] Checking file: /bpftime/build/runtime/syscall-server/libbpftime-syscall-server.so - EXISTS
Run 1/10...
[DEBUG 18:25:19] Starting sslsniff with bpftime: LD_PRELOAD=build/runtime/syscall-server/libbpftime-syscall-server.so example/sslsniff/sslsniff
[DEBUG 18:25:21] Starting nginx with bpftime: LD_PRELOAD=build/runtime/agent/libbpftime-agent.so nginx -c /bpftime/benchmark/ssl-nginx/nginx.conf -p /bpftime/benchmark/ssl-nginx
[DEBUG 18:25:23] Running wrk with command: wrk https://127.0.0.1:4043/index.html -c 100 -d 10
[DEBUG 18:25:33] Parsing wrk output: Running 10s test @ https://127.0.0.1:4043/index.html
  2 threads and 100 connections
  Thread Stats ...
  Requests/sec: 9959.41
[DEBUG 18:25:33] Terminating processes
[DEBUG 18:25:33] Cleaning up processes...
[DEBUG 18:25:33] Found nginx PIDs: []
[DEBUG 18:25:33] Found sslsniff PIDs: []
[DEBUG 18:25:34] After cleanup: nginx PIDs: [], sslsniff PIDs: []
Run 2/10...
[DEBUG 18:25:34] Starting sslsniff with bpftime: LD_PRELOAD=build/runtime/syscall-server/libbpftime-syscall-server.so example/sslsniff/sslsniff
[DEBUG 18:25:36] Starting nginx with bpftime: LD_PRELOAD=build/runtime/agent/libbpftime-agent.so nginx -c /bpftime/benchmark/ssl-nginx/nginx.conf -p /bpftime/benchmark/ssl-nginx
[DEBUG 18:25:38] Running wrk with command: wrk https://127.0.0.1:4043/index.html -c 100 -d 10
[DEBUG 18:25:48] Parsing wrk output: Running 10s test @ https://127.0.0.1:4043/index.html
  2 threads and 100 connections
  Thread Stats ...
  Requests/sec: 14288.06
[DEBUG 18:25:48] Terminating processes
[DEBUG 18:25:48] Cleaning up processes...
[DEBUG 18:25:48] Found nginx PIDs: []
[DEBUG 18:25:48] Found sslsniff PIDs: []
[DEBUG 18:25:49] After cleanup: nginx PIDs: [], sslsniff PIDs: []
Run 3/10...
[DEBUG 18:25:49] Starting sslsniff with bpftime: LD_PRELOAD=build/runtime/syscall-server/libbpftime-syscall-server.so example/sslsniff/sslsniff
[DEBUG 18:25:51] Starting nginx with bpftime: LD_PRELOAD=build/runtime/agent/libbpftime-agent.so nginx -c /bpftime/benchmark/ssl-nginx/nginx.conf -p /bpftime/benchmark/ssl-nginx
[DEBUG 18:25:53] Running wrk with command: wrk https://127.0.0.1:4043/index.html -c 100 -d 10
[DEBUG 18:26:03] Parsing wrk output: Running 10s test @ https://127.0.0.1:4043/index.html
  2 threads and 100 connections
  Thread Stats ...
  Requests/sec: 9941.46
[DEBUG 18:26:03] Terminating processes
[DEBUG 18:26:03] Cleaning up processes...
[DEBUG 18:26:04] Found nginx PIDs: []
[DEBUG 18:26:04] Found sslsniff PIDs: []
[DEBUG 18:26:05] After cleanup: nginx PIDs: [], sslsniff PIDs: []
Run 4/10...
[DEBUG 18:26:05] Starting sslsniff with bpftime: LD_PRELOAD=build/runtime/syscall-server/libbpftime-syscall-server.so example/sslsniff/sslsniff
[DEBUG 18:26:07] Starting nginx with bpftime: LD_PRELOAD=build/runtime/agent/libbpftime-agent.so nginx -c /bpftime/benchmark/ssl-nginx/nginx.conf -p /bpftime/benchmark/ssl-nginx
[DEBUG 18:26:09] Running wrk with command: wrk https://127.0.0.1:4043/index.html -c 100 -d 10
[DEBUG 18:26:19] Parsing wrk output: Running 10s test @ https://127.0.0.1:4043/index.html
  2 threads and 100 connections
  Thread Stats ...
  Requests/sec: 13463.35
[DEBUG 18:26:19] Terminating processes
[DEBUG 18:26:19] Cleaning up processes...
[DEBUG 18:26:19] Found nginx PIDs: []
[DEBUG 18:26:19] Found sslsniff PIDs: []
[DEBUG 18:26:20] After cleanup: nginx PIDs: [], sslsniff PIDs: []
Run 5/10...
[DEBUG 18:26:20] Starting sslsniff with bpftime: LD_PRELOAD=build/runtime/syscall-server/libbpftime-syscall-server.so example/sslsniff/sslsniff
[DEBUG 18:26:22] Starting nginx with bpftime: LD_PRELOAD=build/runtime/agent/libbpftime-agent.so nginx -c /bpftime/benchmark/ssl-nginx/nginx.conf -p /bpftime/benchmark/ssl-nginx
[DEBUG 18:26:24] Running wrk with command: wrk https://127.0.0.1:4043/index.html -c 100 -d 10
[DEBUG 18:26:34] Parsing wrk output: Running 10s test @ https://127.0.0.1:4043/index.html
  2 threads and 100 connections
  Thread Stats ...
  Requests/sec: 10382.29
[DEBUG 18:26:34] Terminating processes
[DEBUG 18:26:34] Cleaning up processes...
[DEBUG 18:26:34] Found nginx PIDs: []
[DEBUG 18:26:34] Found sslsniff PIDs: []
[DEBUG 18:26:35] After cleanup: nginx PIDs: [], sslsniff PIDs: []
Run 6/10...
[DEBUG 18:26:35] Starting sslsniff with bpftime: LD_PRELOAD=build/runtime/syscall-server/libbpftime-syscall-server.so example/sslsniff/sslsniff
[DEBUG 18:26:37] Starting nginx with bpftime: LD_PRELOAD=build/runtime/agent/libbpftime-agent.so nginx -c /bpftime/benchmark/ssl-nginx/nginx.conf -p /bpftime/benchmark/ssl-nginx
[DEBUG 18:26:39] Running wrk with command: wrk https://127.0.0.1:4043/index.html -c 100 -d 10
[DEBUG 18:26:49] Parsing wrk output: Running 10s test @ https://127.0.0.1:4043/index.html
  2 threads and 100 connections
  Thread Stats ...
  Requests/sec: 10147.24
[DEBUG 18:26:49] Terminating processes
[DEBUG 18:26:49] Cleaning up processes...
[DEBUG 18:26:49] Found nginx PIDs: []
[DEBUG 18:26:49] Found sslsniff PIDs: []
[DEBUG 18:26:50] After cleanup: nginx PIDs: [], sslsniff PIDs: []
Run 7/10...
[DEBUG 18:26:50] Starting sslsniff with bpftime: LD_PRELOAD=build/runtime/syscall-server/libbpftime-syscall-server.so example/sslsniff/sslsniff
[DEBUG 18:26:52] Starting nginx with bpftime: LD_PRELOAD=build/runtime/agent/libbpftime-agent.so nginx -c /bpftime/benchmark/ssl-nginx/nginx.conf -p /bpftime/benchmark/ssl-nginx
[DEBUG 18:26:54] Running wrk with command: wrk https://127.0.0.1:4043/index.html -c 100 -d 10
[DEBUG 18:27:04] Parsing wrk output: Running 10s test @ https://127.0.0.1:4043/index.html
  2 threads and 100 connections
  Thread Stats ...
  Requests/sec: 14348.24
[DEBUG 18:27:04] Terminating processes
[DEBUG 18:27:04] Cleaning up processes...
[DEBUG 18:27:04] Found nginx PIDs: []
[DEBUG 18:27:04] Found sslsniff PIDs: []
[DEBUG 18:27:05] After cleanup: nginx PIDs: [], sslsniff PIDs: []
Run 8/10...
[DEBUG 18:27:05] Starting sslsniff with bpftime: LD_PRELOAD=build/runtime/syscall-server/libbpftime-syscall-server.so example/sslsniff/sslsniff
[DEBUG 18:27:07] Starting nginx with bpftime: LD_PRELOAD=build/runtime/agent/libbpftime-agent.so nginx -c /bpftime/benchmark/ssl-nginx/nginx.conf -p /bpftime/benchmark/ssl-nginx
[DEBUG 18:27:09] Running wrk with command: wrk https://127.0.0.1:4043/index.html -c 100 -d 10
[DEBUG 18:27:20] Parsing wrk output: Running 10s test @ https://127.0.0.1:4043/index.html
  2 threads and 100 connections
  Thread Stats ...
  Requests/sec: 10196.99
[DEBUG 18:27:20] Terminating processes
[DEBUG 18:27:20] Cleaning up processes...
[DEBUG 18:27:20] Found nginx PIDs: []
[DEBUG 18:27:20] Found sslsniff PIDs: []
[DEBUG 18:27:21] After cleanup: nginx PIDs: [], sslsniff PIDs: []
Run 9/10...
[DEBUG 18:27:21] Starting sslsniff with bpftime: LD_PRELOAD=build/runtime/syscall-server/libbpftime-syscall-server.so example/sslsniff/sslsniff
[DEBUG 18:27:23] Starting nginx with bpftime: LD_PRELOAD=build/runtime/agent/libbpftime-agent.so nginx -c /bpftime/benchmark/ssl-nginx/nginx.conf -p /bpftime/benchmark/ssl-nginx
[DEBUG 18:27:25] Running wrk with command: wrk https://127.0.0.1:4043/index.html -c 100 -d 10
[DEBUG 18:27:35] Parsing wrk output: Running 10s test @ https://127.0.0.1:4043/index.html
  2 threads and 100 connections
  Thread Stats ...
  Requests/sec: 13922.28
[DEBUG 18:27:35] Terminating processes
[DEBUG 18:27:35] Cleaning up processes...
[DEBUG 18:27:35] Found nginx PIDs: []
[DEBUG 18:27:35] Found sslsniff PIDs: []
[DEBUG 18:27:36] After cleanup: nginx PIDs: [], sslsniff PIDs: []
Run 10/10...
[DEBUG 18:27:36] Starting sslsniff with bpftime: LD_PRELOAD=build/runtime/syscall-server/libbpftime-syscall-server.so example/sslsniff/sslsniff
[DEBUG 18:27:38] Starting nginx with bpftime: LD_PRELOAD=build/runtime/agent/libbpftime-agent.so nginx -c /bpftime/benchmark/ssl-nginx/nginx.conf -p /bpftime/benchmark/ssl-nginx
[DEBUG 18:27:40] Running wrk with command: wrk https://127.0.0.1:4043/index.html -c 100 -d 10
[DEBUG 18:27:50] Parsing wrk output: Running 10s test @ https://127.0.0.1:4043/index.html
  2 threads and 100 connections
  Thread Stats ...
  Requests/sec: 10459.38
[DEBUG 18:27:50] Terminating processes
[DEBUG 18:27:50] Cleaning up processes...
[DEBUG 18:27:50] Found nginx PIDs: []
[DEBUG 18:27:50] Found sslsniff PIDs: []
[DEBUG 18:27:51] After cleanup: nginx PIDs: [], sslsniff PIDs: []

=== Benchmark Results ===
Each configuration run 10 times

Baseline:
  Requests/sec (mean):   16503.02
  Requests/sec (median): 16502.90
  Standard deviation:    178.17
  Min:                   16241.61
  Max:                   16791.77
  All runs:              [16604.5, 16791.77, 16606.6, 16688.85, 16404.9, 16579.52, 16241.61, 16288.76, 16397.37, 16426.28]

Kernel Sslsniff:
  Requests/sec (mean):   11402.51
  Requests/sec (median): 11431.60
  Standard deviation:    124.40
  Min:                   11212.28
  Max:                   11600.44
  All runs:              [11542.85, 11458.7, 11257.51, 11459.15, 11430.79, 11317.12, 11313.9, 11600.44, 11432.41, 11212.28]

Bpftime Sslsniff:
  Requests/sec (mean):   11710.87
  Requests/sec (median): 10420.83
  Standard deviation:    1995.15
  Min:                   9941.46
  Max:                   14348.24
  All runs:              [9959.41, 14288.06, 9941.46, 13463.35, 10382.29, 10147.24, 14348.24, 10196.99, 13922.28, 10459.38]

Kernel sslsniff performance impact: 30.91% decrease
bpftime sslsniff performance impact: 29.04% decrease
bpftime improvement over kernel: 2.70%

Results saved to benchmark/ssl-nginx/benchmark_results_20260725_182751.json
[DEBUG 18:27:51] Cleaning up before exit
[DEBUG 18:27:51] Cleaning up processes...
[DEBUG 18:27:51] Found nginx PIDs: []
[DEBUG 18:27:51] Found sslsniff PIDs: []
[DEBUG 18:27:52] After cleanup: nginx PIDs: [], sslsniff PIDs: []


=== Running benchmark for 1kb file ===
Generating test file of size 1kb...
  Created benchmark/ssl-nginx/index.html (1024 bytes)
[DEBUG 18:27:54] Starting benchmark script
[DEBUG 18:27:54] Current working directory: /bpftime
[DEBUG 18:27:54] Checking command: nginx - EXISTS
[DEBUG 18:27:54]   Path: /usr/sbin/nginx
[DEBUG 18:27:54] Checking file: /bpftime/build/runtime/agent/libbpftime-agent.so - EXISTS
[DEBUG 18:27:54] Checking file: /bpftime/build/runtime/syscall-server/libbpftime-syscall-server.so - EXISTS
[DEBUG 18:27:54] Checking file: /bpftime/example/sslsniff/sslsniff - EXISTS
[DEBUG 18:27:54] Checking command: wrk - EXISTS
[DEBUG 18:27:54]   Path: /usr/bin/wrk

=== Running Baseline Tests ===
[DEBUG 18:27:54] Cleaning up processes...
[DEBUG 18:27:54] Found nginx PIDs: []
[DEBUG 18:27:54] Found sslsniff PIDs: []
[DEBUG 18:27:55] After cleanup: nginx PIDs: [], sslsniff PIDs: []
[DEBUG 18:27:55] Removing access log: /bpftime/benchmark/ssl-nginx/access.log
[DEBUG 18:27:55] Access log removed successfully
[DEBUG 18:27:55] Checking command: nginx - EXISTS
[DEBUG 18:27:55]   Path: /usr/sbin/nginx
[DEBUG 18:27:55] Current directory: /bpftime
[DEBUG 18:27:55] Checking if nginx.conf exists: True
[DEBUG 18:27:55] Starting nginx with command: nginx -c /bpftime/benchmark/ssl-nginx/nginx.conf -p /bpftime/benchmark/ssl-nginx
[DEBUG 18:27:57] nginx started successfully
[DEBUG 18:27:57] Error checking nginx: [Errno 2] No such file or directory: 'curl'
Run 1/10...
[DEBUG 18:27:57] Running wrk with command: wrk https://127.0.0.1:4043/index.html -c 100 -d 10
[DEBUG 18:28:07] wrk exit code: 0
[DEBUG 18:28:07] Parsing wrk output: Running 10s test @ https://127.0.0.1:4043/index.html
  2 threads and 100 connections
  Thread Stats ...
  Requests/sec: 15897.82
Run 2/10...
[DEBUG 18:28:07] Running wrk with command: wrk https://127.0.0.1:4043/index.html -c 100 -d 10
[DEBUG 18:28:17] wrk exit code: 0
[DEBUG 18:28:17] Parsing wrk output: Running 10s test @ https://127.0.0.1:4043/index.html
  2 threads and 100 connections
  Thread Stats ...
  Requests/sec: 16120.80
Run 3/10...
[DEBUG 18:28:17] Running wrk with command: wrk https://127.0.0.1:4043/index.html -c 100 -d 10
[DEBUG 18:28:28] wrk exit code: 0
[DEBUG 18:28:28] Parsing wrk output: Running 10s test @ https://127.0.0.1:4043/index.html
  2 threads and 100 connections
  Thread Stats ...
  Requests/sec: 16075.97
Run 4/10...
[DEBUG 18:28:28] Running wrk with command: wrk https://127.0.0.1:4043/index.html -c 100 -d 10
[DEBUG 18:28:38] wrk exit code: 0
[DEBUG 18:28:38] Parsing wrk output: Running 10s test @ https://127.0.0.1:4043/index.html
  2 threads and 100 connections
  Thread Stats ...
  Requests/sec: 16026.88
Run 5/10...
[DEBUG 18:28:38] Running wrk with command: wrk https://127.0.0.1:4043/index.html -c 100 -d 10
[DEBUG 18:28:48] wrk exit code: 0
[DEBUG 18:28:48] Parsing wrk output: Running 10s test @ https://127.0.0.1:4043/index.html
  2 threads and 100 connections
  Thread Stats ...
  Requests/sec: 15936.25
Run 6/10...
[DEBUG 18:28:48] Running wrk with command: wrk https://127.0.0.1:4043/index.html -c 100 -d 10
[DEBUG 18:28:58] wrk exit code: 0
[DEBUG 18:28:58] Parsing wrk output: Running 10s test @ https://127.0.0.1:4043/index.html
  2 threads and 100 connections
  Thread Stats ...
  Requests/sec: 15839.74
Run 7/10...
[DEBUG 18:28:58] Running wrk with command: wrk https://127.0.0.1:4043/index.html -c 100 -d 10
[DEBUG 18:29:08] wrk exit code: 0
[DEBUG 18:29:08] Parsing wrk output: Running 10s test @ https://127.0.0.1:4043/index.html
  2 threads and 100 connections
  Thread Stats ...
  Requests/sec: 15874.32
Run 8/10...
[DEBUG 18:29:08] Running wrk with command: wrk https://127.0.0.1:4043/index.html -c 100 -d 10
[DEBUG 18:29:18] wrk exit code: 0
[DEBUG 18:29:18] Parsing wrk output: Running 10s test @ https://127.0.0.1:4043/index.html
  2 threads and 100 connections
  Thread Stats ...
  Requests/sec: 15876.28
Run 9/10...
[DEBUG 18:29:18] Running wrk with command: wrk https://127.0.0.1:4043/index.html -c 100 -d 10
[DEBUG 18:29:28] wrk exit code: 0
[DEBUG 18:29:28] Parsing wrk output: Running 10s test @ https://127.0.0.1:4043/index.html
  2 threads and 100 connections
  Thread Stats ...
  Requests/sec: 15886.24
Run 10/10...
[DEBUG 18:29:28] Running wrk with command: wrk https://127.0.0.1:4043/index.html -c 100 -d 10
[DEBUG 18:29:38] wrk exit code: 0
[DEBUG 18:29:38] Parsing wrk output: Running 10s test @ https://127.0.0.1:4043/index.html
  2 threads and 100 connections
  Thread Stats ...
  Requests/sec: 15941.84
[DEBUG 18:29:38] Terminating nginx

=== Running Kernel sslsniff Tests ===
[DEBUG 18:29:38] Cleaning up processes...
[DEBUG 18:29:38] Found nginx PIDs: []
[DEBUG 18:29:38] Found sslsniff PIDs: []
[DEBUG 18:29:39] After cleanup: nginx PIDs: [], sslsniff PIDs: []
[DEBUG 18:29:39] Removing access log: /bpftime/benchmark/ssl-nginx/access.log
[DEBUG 18:29:39] Access log removed successfully
[DEBUG 18:29:39] Checking file: /bpftime/example/sslsniff/sslsniff - EXISTS
[DEBUG 18:29:39] Starting nginx with command: nginx -c /bpftime/benchmark/ssl-nginx/nginx.conf -p /bpftime/benchmark/ssl-nginx
Run 1/10...
[DEBUG 18:29:41] Starting kernel sslsniff: sudo example/sslsniff/sslsniff
[DEBUG 18:29:43] Running wrk with command: wrk https://127.0.0.1:4043/index.html -c 100 -d 10
[DEBUG 18:29:53] Parsing wrk output: Running 10s test @ https://127.0.0.1:4043/index.html
  2 threads and 100 connections
  Thread Stats ...
[DEBUG 18:29:53] Killing sslsniff
  Requests/sec: 10925.91
Run 2/10...
[DEBUG 18:29:54] Starting kernel sslsniff: sudo example/sslsniff/sslsniff
[DEBUG 18:29:56] Running wrk with command: wrk https://127.0.0.1:4043/index.html -c 100 -d 10
[DEBUG 18:30:06] Parsing wrk output: Running 10s test @ https://127.0.0.1:4043/index.html
  2 threads and 100 connections
  Thread Stats ...
[DEBUG 18:30:06] Killing sslsniff
  Requests/sec: 11022.81
Run 3/10...
[DEBUG 18:30:07] Starting kernel sslsniff: sudo example/sslsniff/sslsniff
[DEBUG 18:30:09] Running wrk with command: wrk https://127.0.0.1:4043/index.html -c 100 -d 10
[DEBUG 18:30:20] Parsing wrk output: Running 10s test @ https://127.0.0.1:4043/index.html
  2 threads and 100 connections
  Thread Stats ...
[DEBUG 18:30:20] Killing sslsniff
  Requests/sec: 10994.51
Run 4/10...
[DEBUG 18:30:21] Starting kernel sslsniff: sudo example/sslsniff/sslsniff
[DEBUG 18:30:23] Running wrk with command: wrk https://127.0.0.1:4043/index.html -c 100 -d 10
[DEBUG 18:30:33] Parsing wrk output: Running 10s test @ https://127.0.0.1:4043/index.html
  2 threads and 100 connections
  Thread Stats ...
[DEBUG 18:30:33] Killing sslsniff
  Requests/sec: 10981.81
Run 5/10...
[DEBUG 18:30:34] Starting kernel sslsniff: sudo example/sslsniff/sslsniff
[DEBUG 18:30:36] Running wrk with command: wrk https://127.0.0.1:4043/index.html -c 100 -d 10
[DEBUG 18:30:46] Parsing wrk output: Running 10s test @ https://127.0.0.1:4043/index.html
  2 threads and 100 connections
  Thread Stats ...
[DEBUG 18:30:46] Killing sslsniff
  Requests/sec: 11031.17
Run 6/10...
[DEBUG 18:30:47] Starting kernel sslsniff: sudo example/sslsniff/sslsniff
[DEBUG 18:30:49] Running wrk with command: wrk https://127.0.0.1:4043/index.html -c 100 -d 10
[DEBUG 18:30:59] Parsing wrk output: Running 10s test @ https://127.0.0.1:4043/index.html
  2 threads and 100 connections
  Thread Stats ...
[DEBUG 18:30:59] Killing sslsniff
  Requests/sec: 11043.94
Run 7/10...
[DEBUG 18:31:00] Starting kernel sslsniff: sudo example/sslsniff/sslsniff
[DEBUG 18:31:02] Running wrk with command: wrk https://127.0.0.1:4043/index.html -c 100 -d 10
[DEBUG 18:31:12] Parsing wrk output: Running 10s test @ https://127.0.0.1:4043/index.html
  2 threads and 100 connections
  Thread Stats ...
[DEBUG 18:31:12] Killing sslsniff
  Requests/sec: 10928.69
Run 8/10...
[DEBUG 18:31:13] Starting kernel sslsniff: sudo example/sslsniff/sslsniff
[DEBUG 18:31:15] Running wrk with command: wrk https://127.0.0.1:4043/index.html -c 100 -d 10
[DEBUG 18:31:25] Parsing wrk output: Running 10s test @ https://127.0.0.1:4043/index.html
  2 threads and 100 connections
  Thread Stats ...
[DEBUG 18:31:25] Killing sslsniff
  Requests/sec: 10781.51
Run 9/10...
[DEBUG 18:31:26] Starting kernel sslsniff: sudo example/sslsniff/sslsniff
[DEBUG 18:31:28] Running wrk with command: wrk https://127.0.0.1:4043/index.html -c 100 -d 10
[DEBUG 18:31:38] Parsing wrk output: Running 10s test @ https://127.0.0.1:4043/index.html
  2 threads and 100 connections
  Thread Stats ...
[DEBUG 18:31:38] Killing sslsniff
  Requests/sec: 11044.02
Run 10/10...
[DEBUG 18:31:39] Starting kernel sslsniff: sudo example/sslsniff/sslsniff
[DEBUG 18:31:41] Running wrk with command: wrk https://127.0.0.1:4043/index.html -c 100 -d 10
[DEBUG 18:31:51] Parsing wrk output: Running 10s test @ https://127.0.0.1:4043/index.html
  2 threads and 100 connections
  Thread Stats ...
[DEBUG 18:31:51] Killing sslsniff
  Requests/sec: 10840.14
[DEBUG 18:31:52] Terminating nginx

=== Running bpftime sslsniff Tests ===
[DEBUG 18:31:52] Cleaning up processes...
[DEBUG 18:31:52] Found nginx PIDs: []
[DEBUG 18:31:52] Found sslsniff PIDs: []
[DEBUG 18:31:53] After cleanup: nginx PIDs: [], sslsniff PIDs: []
[DEBUG 18:31:53] Removing access log: /bpftime/benchmark/ssl-nginx/access.log
[DEBUG 18:31:54] Access log removed successfully
[DEBUG 18:31:54] Checking file: /bpftime/example/sslsniff/sslsniff - EXISTS
[DEBUG 18:31:54] Checking file: /bpftime/build/runtime/agent/libbpftime-agent.so - EXISTS
[DEBUG 18:31:54] Checking file: /bpftime/build/runtime/syscall-server/libbpftime-syscall-server.so - EXISTS
Run 1/10...
[DEBUG 18:31:54] Starting sslsniff with bpftime: LD_PRELOAD=build/runtime/syscall-server/libbpftime-syscall-server.so example/sslsniff/sslsniff
[DEBUG 18:31:56] Starting nginx with bpftime: LD_PRELOAD=build/runtime/agent/libbpftime-agent.so nginx -c /bpftime/benchmark/ssl-nginx/nginx.conf -p /bpftime/benchmark/ssl-nginx
[DEBUG 18:31:58] Running wrk with command: wrk https://127.0.0.1:4043/index.html -c 100 -d 10
[DEBUG 18:32:08] Parsing wrk output: Running 10s test @ https://127.0.0.1:4043/index.html
  2 threads and 100 connections
  Thread Stats ...
  Requests/sec: 10291.00
[DEBUG 18:32:08] Terminating processes
[DEBUG 18:32:08] Cleaning up processes...
[DEBUG 18:32:08] Found nginx PIDs: []
[DEBUG 18:32:08] Found sslsniff PIDs: []
[DEBUG 18:32:09] After cleanup: nginx PIDs: [], sslsniff PIDs: []
Run 2/10...
[DEBUG 18:32:09] Starting sslsniff with bpftime: LD_PRELOAD=build/runtime/syscall-server/libbpftime-syscall-server.so example/sslsniff/sslsniff
[DEBUG 18:32:11] Starting nginx with bpftime: LD_PRELOAD=build/runtime/agent/libbpftime-agent.so nginx -c /bpftime/benchmark/ssl-nginx/nginx.conf -p /bpftime/benchmark/ssl-nginx
[DEBUG 18:32:13] Running wrk with command: wrk https://127.0.0.1:4043/index.html -c 100 -d 10
[DEBUG 18:32:23] Parsing wrk output: Running 10s test @ https://127.0.0.1:4043/index.html
  2 threads and 100 connections
  Thread Stats ...
  Requests/sec: 10057.63
[DEBUG 18:32:23] Terminating processes
[DEBUG 18:32:23] Cleaning up processes...
[DEBUG 18:32:23] Found nginx PIDs: []
[DEBUG 18:32:23] Found sslsniff PIDs: []
[DEBUG 18:32:24] After cleanup: nginx PIDs: [], sslsniff PIDs: []
Run 3/10...
[DEBUG 18:32:24] Starting sslsniff with bpftime: LD_PRELOAD=build/runtime/syscall-server/libbpftime-syscall-server.so example/sslsniff/sslsniff
[DEBUG 18:32:26] Starting nginx with bpftime: LD_PRELOAD=build/runtime/agent/libbpftime-agent.so nginx -c /bpftime/benchmark/ssl-nginx/nginx.conf -p /bpftime/benchmark/ssl-nginx
[DEBUG 18:32:28] Running wrk with command: wrk https://127.0.0.1:4043/index.html -c 100 -d 10
[DEBUG 18:32:38] Parsing wrk output: Running 10s test @ https://127.0.0.1:4043/index.html
  2 threads and 100 connections
  Thread Stats ...
  Requests/sec: 12801.13
[DEBUG 18:32:38] Terminating processes
[DEBUG 18:32:38] Cleaning up processes...
[DEBUG 18:32:38] Found nginx PIDs: []
[DEBUG 18:32:38] Found sslsniff PIDs: []
[DEBUG 18:32:39] After cleanup: nginx PIDs: [], sslsniff PIDs: []
Run 4/10...
[DEBUG 18:32:39] Starting sslsniff with bpftime: LD_PRELOAD=build/runtime/syscall-server/libbpftime-syscall-server.so example/sslsniff/sslsniff
[DEBUG 18:32:41] Starting nginx with bpftime: LD_PRELOAD=build/runtime/agent/libbpftime-agent.so nginx -c /bpftime/benchmark/ssl-nginx/nginx.conf -p /bpftime/benchmark/ssl-nginx
[DEBUG 18:32:43] Running wrk with command: wrk https://127.0.0.1:4043/index.html -c 100 -d 10
[DEBUG 18:32:53] Parsing wrk output: Running 10s test @ https://127.0.0.1:4043/index.html
  2 threads and 100 connections
  Thread Stats ...
  Requests/sec: 13833.39
[DEBUG 18:32:53] Terminating processes
[DEBUG 18:32:53] Cleaning up processes...
[DEBUG 18:32:53] Found nginx PIDs: []
[DEBUG 18:32:53] Found sslsniff PIDs: []
[DEBUG 18:32:54] After cleanup: nginx PIDs: [], sslsniff PIDs: []
Run 5/10...
[DEBUG 18:32:54] Starting sslsniff with bpftime: LD_PRELOAD=build/runtime/syscall-server/libbpftime-syscall-server.so example/sslsniff/sslsniff
[DEBUG 18:32:56] Starting nginx with bpftime: LD_PRELOAD=build/runtime/agent/libbpftime-agent.so nginx -c /bpftime/benchmark/ssl-nginx/nginx.conf -p /bpftime/benchmark/ssl-nginx
[DEBUG 18:32:58] Running wrk with command: wrk https://127.0.0.1:4043/index.html -c 100 -d 10
[DEBUG 18:33:08] Parsing wrk output: Running 10s test @ https://127.0.0.1:4043/index.html
  2 threads and 100 connections
  Thread Stats ...
  Requests/sec: 12972.22
[DEBUG 18:33:08] Terminating processes
[DEBUG 18:33:09] Cleaning up processes...
[DEBUG 18:33:09] Found nginx PIDs: []
[DEBUG 18:33:09] Found sslsniff PIDs: []
[DEBUG 18:33:10] After cleanup: nginx PIDs: [], sslsniff PIDs: []
Run 6/10...
[DEBUG 18:33:10] Starting sslsniff with bpftime: LD_PRELOAD=build/runtime/syscall-server/libbpftime-syscall-server.so example/sslsniff/sslsniff
[DEBUG 18:33:12] Starting nginx with bpftime: LD_PRELOAD=build/runtime/agent/libbpftime-agent.so nginx -c /bpftime/benchmark/ssl-nginx/nginx.conf -p /bpftime/benchmark/ssl-nginx
[DEBUG 18:33:14] Running wrk with command: wrk https://127.0.0.1:4043/index.html -c 100 -d 10
[DEBUG 18:33:24] Parsing wrk output: Running 10s test @ https://127.0.0.1:4043/index.html
  2 threads and 100 connections
  Thread Stats ...
  Requests/sec: 10230.85
[DEBUG 18:33:24] Terminating processes
[DEBUG 18:33:24] Cleaning up processes...
[DEBUG 18:33:24] Found nginx PIDs: []
[DEBUG 18:33:24] Found sslsniff PIDs: []
[DEBUG 18:33:25] After cleanup: nginx PIDs: [], sslsniff PIDs: []
Run 7/10...
[DEBUG 18:33:25] Starting sslsniff with bpftime: LD_PRELOAD=build/runtime/syscall-server/libbpftime-syscall-server.so example/sslsniff/sslsniff
[DEBUG 18:33:27] Starting nginx with bpftime: LD_PRELOAD=build/runtime/agent/libbpftime-agent.so nginx -c /bpftime/benchmark/ssl-nginx/nginx.conf -p /bpftime/benchmark/ssl-nginx
[DEBUG 18:33:29] Running wrk with command: wrk https://127.0.0.1:4043/index.html -c 100 -d 10
[DEBUG 18:33:39] Parsing wrk output: Running 10s test @ https://127.0.0.1:4043/index.html
  2 threads and 100 connections
  Thread Stats ...
  Requests/sec: 10197.04
[DEBUG 18:33:39] Terminating processes
[DEBUG 18:33:39] Cleaning up processes...
[DEBUG 18:33:39] Found nginx PIDs: []
[DEBUG 18:33:39] Found sslsniff PIDs: []
[DEBUG 18:33:40] After cleanup: nginx PIDs: [], sslsniff PIDs: []
Run 8/10...
[DEBUG 18:33:40] Starting sslsniff with bpftime: LD_PRELOAD=build/runtime/syscall-server/libbpftime-syscall-server.so example/sslsniff/sslsniff
[DEBUG 18:33:42] Starting nginx with bpftime: LD_PRELOAD=build/runtime/agent/libbpftime-agent.so nginx -c /bpftime/benchmark/ssl-nginx/nginx.conf -p /bpftime/benchmark/ssl-nginx
[DEBUG 18:33:44] Running wrk with command: wrk https://127.0.0.1:4043/index.html -c 100 -d 10
[DEBUG 18:33:54] Parsing wrk output: Running 10s test @ https://127.0.0.1:4043/index.html
  2 threads and 100 connections
  Thread Stats ...
  Requests/sec: 10151.58
[DEBUG 18:33:54] Terminating processes
[DEBUG 18:33:54] Cleaning up processes...
[DEBUG 18:33:54] Found nginx PIDs: []
[DEBUG 18:33:54] Found sslsniff PIDs: []
[DEBUG 18:33:55] After cleanup: nginx PIDs: [], sslsniff PIDs: []
Run 9/10...
[DEBUG 18:33:55] Starting sslsniff with bpftime: LD_PRELOAD=build/runtime/syscall-server/libbpftime-syscall-server.so example/sslsniff/sslsniff
[DEBUG 18:33:57] Starting nginx with bpftime: LD_PRELOAD=build/runtime/agent/libbpftime-agent.so nginx -c /bpftime/benchmark/ssl-nginx/nginx.conf -p /bpftime/benchmark/ssl-nginx
[DEBUG 18:33:59] Running wrk with command: wrk https://127.0.0.1:4043/index.html -c 100 -d 10
[DEBUG 18:34:09] Parsing wrk output: Running 10s test @ https://127.0.0.1:4043/index.html
  2 threads and 100 connections
  Thread Stats ...
  Requests/sec: 10246.25
[DEBUG 18:34:09] Terminating processes
[DEBUG 18:34:09] Cleaning up processes...
[DEBUG 18:34:09] Found nginx PIDs: []
[DEBUG 18:34:09] Found sslsniff PIDs: []
[DEBUG 18:34:10] After cleanup: nginx PIDs: [], sslsniff PIDs: []
Run 10/10...
[DEBUG 18:34:10] Starting sslsniff with bpftime: LD_PRELOAD=build/runtime/syscall-server/libbpftime-syscall-server.so example/sslsniff/sslsniff
[DEBUG 18:34:12] Starting nginx with bpftime: LD_PRELOAD=build/runtime/agent/libbpftime-agent.so nginx -c /bpftime/benchmark/ssl-nginx/nginx.conf -p /bpftime/benchmark/ssl-nginx
[DEBUG 18:34:14] Running wrk with command: wrk https://127.0.0.1:4043/index.html -c 100 -d 10
[DEBUG 18:34:25] Parsing wrk output: Running 10s test @ https://127.0.0.1:4043/index.html
  2 threads and 100 connections
  Thread Stats ...
  Requests/sec: 10398.50
[DEBUG 18:34:25] Terminating processes
[DEBUG 18:34:25] Cleaning up processes...
[DEBUG 18:34:25] Found nginx PIDs: []
[DEBUG 18:34:25] Found sslsniff PIDs: []
[DEBUG 18:34:26] After cleanup: nginx PIDs: [], sslsniff PIDs: []

=== Benchmark Results ===
Each configuration run 10 times

Baseline:
  Requests/sec (mean):   15947.61
  Requests/sec (median): 15917.03
  Standard deviation:    95.02
  Min:                   15839.74
  Max:                   16120.80
  All runs:              [15897.82, 16120.8, 16075.97, 16026.88, 15936.25, 15839.74, 15874.32, 15876.28, 15886.24, 15941.84]

Kernel Sslsniff:
  Requests/sec (mean):   10959.45
  Requests/sec (median): 10988.16
  Standard deviation:    90.15
  Min:                   10781.51
  Max:                   11044.02
  All runs:              [10925.91, 11022.81, 10994.51, 10981.81, 11031.17, 11043.94, 10928.69, 10781.51, 11044.02, 10840.14]

Bpftime Sslsniff:
  Requests/sec (mean):   11117.96
  Requests/sec (median): 10268.62
  Standard deviation:    1464.37
  Min:                   10057.63
  Max:                   13833.39
  All runs:              [10291.0, 10057.63, 12801.13, 13833.39, 12972.22, 10230.85, 10197.04, 10151.58, 10246.25, 10398.5]

Kernel sslsniff performance impact: 31.28% decrease
bpftime sslsniff performance impact: 30.28% decrease
bpftime improvement over kernel: 1.45%

Results saved to benchmark/ssl-nginx/benchmark_results_20260725_183426.json
[DEBUG 18:34:26] Cleaning up before exit
[DEBUG 18:34:26] Cleaning up processes...
[DEBUG 18:34:26] Found nginx PIDs: []
[DEBUG 18:34:26] Found sslsniff PIDs: []
[DEBUG 18:34:27] After cleanup: nginx PIDs: [], sslsniff PIDs: []


=== Running benchmark for 2kb file ===
Generating test file of size 2kb...
  Created benchmark/ssl-nginx/index.html (2048 bytes)
[DEBUG 18:34:29] Starting benchmark script
[DEBUG 18:34:29] Current working directory: /bpftime
[DEBUG 18:34:29] Checking command: nginx - EXISTS
[DEBUG 18:34:29]   Path: /usr/sbin/nginx
[DEBUG 18:34:29] Checking file: /bpftime/build/runtime/agent/libbpftime-agent.so - EXISTS
[DEBUG 18:34:29] Checking file: /bpftime/build/runtime/syscall-server/libbpftime-syscall-server.so - EXISTS
[DEBUG 18:34:29] Checking file: /bpftime/example/sslsniff/sslsniff - EXISTS
[DEBUG 18:34:29] Checking command: wrk - EXISTS
[DEBUG 18:34:29]   Path: /usr/bin/wrk

=== Running Baseline Tests ===
[DEBUG 18:34:29] Cleaning up processes...
[DEBUG 18:34:29] Found nginx PIDs: []
[DEBUG 18:34:29] Found sslsniff PIDs: []
[DEBUG 18:34:30] After cleanup: nginx PIDs: [], sslsniff PIDs: []
[DEBUG 18:34:30] Removing access log: /bpftime/benchmark/ssl-nginx/access.log
[DEBUG 18:34:30] Access log removed successfully
[DEBUG 18:34:30] Checking command: nginx - EXISTS
[DEBUG 18:34:30]   Path: /usr/sbin/nginx
[DEBUG 18:34:30] Current directory: /bpftime
[DEBUG 18:34:30] Checking if nginx.conf exists: True
[DEBUG 18:34:30] Starting nginx with command: nginx -c /bpftime/benchmark/ssl-nginx/nginx.conf -p /bpftime/benchmark/ssl-nginx
[DEBUG 18:34:32] nginx started successfully
[DEBUG 18:34:32] Error checking nginx: [Errno 2] No such file or directory: 'curl'
Run 1/10...
[DEBUG 18:34:32] Running wrk with command: wrk https://127.0.0.1:4043/index.html -c 100 -d 10
[DEBUG 18:34:42] wrk exit code: 0
[DEBUG 18:34:42] Parsing wrk output: Running 10s test @ https://127.0.0.1:4043/index.html
  2 threads and 100 connections
  Thread Stats ...
  Requests/sec: 15191.13
Run 2/10...
[DEBUG 18:34:42] Running wrk with command: wrk https://127.0.0.1:4043/index.html -c 100 -d 10
[DEBUG 18:34:52] wrk exit code: 0
[DEBUG 18:34:52] Parsing wrk output: Running 10s test @ https://127.0.0.1:4043/index.html
  2 threads and 100 connections
  Thread Stats ...
  Requests/sec: 15328.34
Run 3/10...
[DEBUG 18:34:52] Running wrk with command: wrk https://127.0.0.1:4043/index.html -c 100 -d 10
[DEBUG 18:35:02] wrk exit code: 0
[DEBUG 18:35:02] Parsing wrk output: Running 10s test @ https://127.0.0.1:4043/index.html
  2 threads and 100 connections
  Thread Stats ...
  Requests/sec: 15201.34
Run 4/10...
[DEBUG 18:35:02] Running wrk with command: wrk https://127.0.0.1:4043/index.html -c 100 -d 10
[DEBUG 18:35:12] wrk exit code: 0
[DEBUG 18:35:12] Parsing wrk output: Running 10s test @ https://127.0.0.1:4043/index.html
  2 threads and 100 connections
  Thread Stats ...
  Requests/sec: 15119.65
Run 5/10...
[DEBUG 18:35:12] Running wrk with command: wrk https://127.0.0.1:4043/index.html -c 100 -d 10
[DEBUG 18:35:22] wrk exit code: 0
[DEBUG 18:35:22] Parsing wrk output: Running 10s test @ https://127.0.0.1:4043/index.html
  2 threads and 100 connections
  Thread Stats ...
  Requests/sec: 14954.67
Run 6/10...
[DEBUG 18:35:22] Running wrk with command: wrk https://127.0.0.1:4043/index.html -c 100 -d 10
[DEBUG 18:35:32] wrk exit code: 0
[DEBUG 18:35:32] Parsing wrk output: Running 10s test @ https://127.0.0.1:4043/index.html
  2 threads and 100 connections
  Thread Stats ...
  Requests/sec: 14928.99
Run 7/10...
[DEBUG 18:35:32] Running wrk with command: wrk https://127.0.0.1:4043/index.html -c 100 -d 10
[DEBUG 18:35:42] wrk exit code: 0
[DEBUG 18:35:42] Parsing wrk output: Running 10s test @ https://127.0.0.1:4043/index.html
  2 threads and 100 connections
  Thread Stats ...
  Requests/sec: 15137.83
Run 8/10...
[DEBUG 18:35:42] Running wrk with command: wrk https://127.0.0.1:4043/index.html -c 100 -d 10
[DEBUG 18:35:53] wrk exit code: 0
[DEBUG 18:35:53] Parsing wrk output: Running 10s test @ https://127.0.0.1:4043/index.html
  2 threads and 100 connections
  Thread Stats ...
  Requests/sec: 15028.85
Run 9/10...
[DEBUG 18:35:53] Running wrk with command: wrk https://127.0.0.1:4043/index.html -c 100 -d 10
[DEBUG 18:36:03] wrk exit code: 0
[DEBUG 18:36:03] Parsing wrk output: Running 10s test @ https://127.0.0.1:4043/index.html
  2 threads and 100 connections
  Thread Stats ...
  Requests/sec: 14795.82
Run 10/10...
[DEBUG 18:36:03] Running wrk with command: wrk https://127.0.0.1:4043/index.html -c 100 -d 10
[DEBUG 18:36:13] wrk exit code: 0
[DEBUG 18:36:13] Parsing wrk output: Running 10s test @ https://127.0.0.1:4043/index.html
  2 threads and 100 connections
  Thread Stats ...
  Requests/sec: 15038.09
[DEBUG 18:36:13] Terminating nginx

=== Running Kernel sslsniff Tests ===
[DEBUG 18:36:13] Cleaning up processes...
[DEBUG 18:36:13] Found nginx PIDs: []
[DEBUG 18:36:13] Found sslsniff PIDs: []
[DEBUG 18:36:14] After cleanup: nginx PIDs: [], sslsniff PIDs: []
[DEBUG 18:36:14] Removing access log: /bpftime/benchmark/ssl-nginx/access.log
[DEBUG 18:36:14] Access log removed successfully
[DEBUG 18:36:14] Checking file: /bpftime/example/sslsniff/sslsniff - EXISTS
[DEBUG 18:36:14] Starting nginx with command: nginx -c /bpftime/benchmark/ssl-nginx/nginx.conf -p /bpftime/benchmark/ssl-nginx
Run 1/10...
[DEBUG 18:36:16] Starting kernel sslsniff: sudo example/sslsniff/sslsniff
[DEBUG 18:36:18] Running wrk with command: wrk https://127.0.0.1:4043/index.html -c 100 -d 10
[DEBUG 18:36:28] Parsing wrk output: Running 10s test @ https://127.0.0.1:4043/index.html
  2 threads and 100 connections
  Thread Stats ...
[DEBUG 18:36:28] Killing sslsniff
  Requests/sec: 10069.34
Run 2/10...
[DEBUG 18:36:29] Starting kernel sslsniff: sudo example/sslsniff/sslsniff
[DEBUG 18:36:31] Running wrk with command: wrk https://127.0.0.1:4043/index.html -c 100 -d 10
[DEBUG 18:36:41] Parsing wrk output: Running 10s test @ https://127.0.0.1:4043/index.html
  2 threads and 100 connections
  Thread Stats ...
[DEBUG 18:36:41] Killing sslsniff
  Requests/sec: 9939.26
Run 3/10...
[DEBUG 18:36:42] Starting kernel sslsniff: sudo example/sslsniff/sslsniff
[DEBUG 18:36:44] Running wrk with command: wrk https://127.0.0.1:4043/index.html -c 100 -d 10
[DEBUG 18:36:54] Parsing wrk output: Running 10s test @ https://127.0.0.1:4043/index.html
  2 threads and 100 connections
  Thread Stats ...
[DEBUG 18:36:54] Killing sslsniff
  Requests/sec: 10131.26
Run 4/10...
[DEBUG 18:36:55] Starting kernel sslsniff: sudo example/sslsniff/sslsniff
[DEBUG 18:36:57] Running wrk with command: wrk https://127.0.0.1:4043/index.html -c 100 -d 10
[DEBUG 18:37:07] Parsing wrk output: Running 10s test @ https://127.0.0.1:4043/index.html
  2 threads and 100 connections
  Thread Stats ...
[DEBUG 18:37:07] Killing sslsniff
  Requests/sec: 10174.62
Run 5/10...
[DEBUG 18:37:08] Starting kernel sslsniff: sudo example/sslsniff/sslsniff
[DEBUG 18:37:10] Running wrk with command: wrk https://127.0.0.1:4043/index.html -c 100 -d 10
[DEBUG 18:37:20] Parsing wrk output: Running 10s test @ https://127.0.0.1:4043/index.html
  2 threads and 100 connections
  Thread Stats ...
[DEBUG 18:37:20] Killing sslsniff
  Requests/sec: 10251.26
Run 6/10...
[DEBUG 18:37:21] Starting kernel sslsniff: sudo example/sslsniff/sslsniff
[DEBUG 18:37:23] Running wrk with command: wrk https://127.0.0.1:4043/index.html -c 100 -d 10
[DEBUG 18:37:33] Parsing wrk output: Running 10s test @ https://127.0.0.1:4043/index.html
  2 threads and 100 connections
  Thread Stats ...
[DEBUG 18:37:33] Killing sslsniff
  Requests/sec: 10113.27
Run 7/10...
[DEBUG 18:37:35] Starting kernel sslsniff: sudo example/sslsniff/sslsniff
[DEBUG 18:37:37] Running wrk with command: wrk https://127.0.0.1:4043/index.html -c 100 -d 10
[DEBUG 18:37:47] Parsing wrk output: Running 10s test @ https://127.0.0.1:4043/index.html
  2 threads and 100 connections
  Thread Stats ...
[DEBUG 18:37:47] Killing sslsniff
  Requests/sec: 9905.29
Run 8/10...
[DEBUG 18:37:48] Starting kernel sslsniff: sudo example/sslsniff/sslsniff
[DEBUG 18:37:50] Running wrk with command: wrk https://127.0.0.1:4043/index.html -c 100 -d 10
[DEBUG 18:38:00] Parsing wrk output: Running 10s test @ https://127.0.0.1:4043/index.html
  2 threads and 100 connections
  Thread Stats ...
[DEBUG 18:38:00] Killing sslsniff
  Requests/sec: 10164.21
Run 9/10...
[DEBUG 18:38:01] Starting kernel sslsniff: sudo example/sslsniff/sslsniff
[DEBUG 18:38:03] Running wrk with command: wrk https://127.0.0.1:4043/index.html -c 100 -d 10
[DEBUG 18:38:13] Parsing wrk output: Running 10s test @ https://127.0.0.1:4043/index.html
  2 threads and 100 connections
  Thread Stats ...
[DEBUG 18:38:13] Killing sslsniff
  Requests/sec: 10051.35
Run 10/10...
[DEBUG 18:38:14] Starting kernel sslsniff: sudo example/sslsniff/sslsniff
[DEBUG 18:38:16] Running wrk with command: wrk https://127.0.0.1:4043/index.html -c 100 -d 10
[DEBUG 18:38:26] Parsing wrk output: Running 10s test @ https://127.0.0.1:4043/index.html
  2 threads and 100 connections
  Thread Stats ...
[DEBUG 18:38:26] Killing sslsniff
  Requests/sec: 9975.16
[DEBUG 18:38:27] Terminating nginx

=== Running bpftime sslsniff Tests ===
[DEBUG 18:38:27] Cleaning up processes...
[DEBUG 18:38:27] Found nginx PIDs: []
[DEBUG 18:38:27] Found sslsniff PIDs: []
[DEBUG 18:38:28] After cleanup: nginx PIDs: [], sslsniff PIDs: []
[DEBUG 18:38:28] Removing access log: /bpftime/benchmark/ssl-nginx/access.log
[DEBUG 18:38:28] Access log removed successfully
[DEBUG 18:38:28] Checking file: /bpftime/example/sslsniff/sslsniff - EXISTS
[DEBUG 18:38:28] Checking file: /bpftime/build/runtime/agent/libbpftime-agent.so - EXISTS
[DEBUG 18:38:28] Checking file: /bpftime/build/runtime/syscall-server/libbpftime-syscall-server.so - EXISTS
Run 1/10...
[DEBUG 18:38:28] Starting sslsniff with bpftime: LD_PRELOAD=build/runtime/syscall-server/libbpftime-syscall-server.so example/sslsniff/sslsniff
[DEBUG 18:38:30] Starting nginx with bpftime: LD_PRELOAD=build/runtime/agent/libbpftime-agent.so nginx -c /bpftime/benchmark/ssl-nginx/nginx.conf -p /bpftime/benchmark/ssl-nginx
[DEBUG 18:38:32] Running wrk with command: wrk https://127.0.0.1:4043/index.html -c 100 -d 10
[DEBUG 18:38:42] Parsing wrk output: Running 10s test @ https://127.0.0.1:4043/index.html
  2 threads and 100 connections
  Thread Stats ...
  Requests/sec: 13028.24
[DEBUG 18:38:42] Terminating processes
[DEBUG 18:38:42] Cleaning up processes...
[DEBUG 18:38:42] Found nginx PIDs: []
[DEBUG 18:38:42] Found sslsniff PIDs: []
[DEBUG 18:38:43] After cleanup: nginx PIDs: [], sslsniff PIDs: []
Run 2/10...
[DEBUG 18:38:43] Starting sslsniff with bpftime: LD_PRELOAD=build/runtime/syscall-server/libbpftime-syscall-server.so example/sslsniff/sslsniff
[DEBUG 18:38:45] Starting nginx with bpftime: LD_PRELOAD=build/runtime/agent/libbpftime-agent.so nginx -c /bpftime/benchmark/ssl-nginx/nginx.conf -p /bpftime/benchmark/ssl-nginx
[DEBUG 18:38:47] Running wrk with command: wrk https://127.0.0.1:4043/index.html -c 100 -d 10
[DEBUG 18:38:57] Parsing wrk output: Running 10s test @ https://127.0.0.1:4043/index.html
  2 threads and 100 connections
  Thread Stats ...
  Requests/sec: 13440.46
[DEBUG 18:38:57] Terminating processes
[DEBUG 18:38:57] Cleaning up processes...
[DEBUG 18:38:57] Found nginx PIDs: []
[DEBUG 18:38:57] Found sslsniff PIDs: []
[DEBUG 18:38:59] After cleanup: nginx PIDs: [], sslsniff PIDs: []
Run 3/10...
[DEBUG 18:38:59] Starting sslsniff with bpftime: LD_PRELOAD=build/runtime/syscall-server/libbpftime-syscall-server.so example/sslsniff/sslsniff
[DEBUG 18:39:01] Starting nginx with bpftime: LD_PRELOAD=build/runtime/agent/libbpftime-agent.so nginx -c /bpftime/benchmark/ssl-nginx/nginx.conf -p /bpftime/benchmark/ssl-nginx
[DEBUG 18:39:03] Running wrk with command: wrk https://127.0.0.1:4043/index.html -c 100 -d 10
[DEBUG 18:39:13] Parsing wrk output: Running 10s test @ https://127.0.0.1:4043/index.html
  2 threads and 100 connections
  Thread Stats ...
  Requests/sec: 12577.56
[DEBUG 18:39:13] Terminating processes
[DEBUG 18:39:13] Cleaning up processes...
[DEBUG 18:39:13] Found nginx PIDs: []
[DEBUG 18:39:13] Found sslsniff PIDs: []
[DEBUG 18:39:14] After cleanup: nginx PIDs: [], sslsniff PIDs: []
Run 4/10...
[DEBUG 18:39:14] Starting sslsniff with bpftime: LD_PRELOAD=build/runtime/syscall-server/libbpftime-syscall-server.so example/sslsniff/sslsniff
[DEBUG 18:39:16] Starting nginx with bpftime: LD_PRELOAD=build/runtime/agent/libbpftime-agent.so nginx -c /bpftime/benchmark/ssl-nginx/nginx.conf -p /bpftime/benchmark/ssl-nginx
[DEBUG 18:39:18] Running wrk with command: wrk https://127.0.0.1:4043/index.html -c 100 -d 10
[DEBUG 18:39:28] Parsing wrk output: Running 10s test @ https://127.0.0.1:4043/index.html
  2 threads and 100 connections
  Thread Stats ...
  Requests/sec: 13271.02
[DEBUG 18:39:28] Terminating processes
[DEBUG 18:39:28] Cleaning up processes...
[DEBUG 18:39:28] Found nginx PIDs: []
[DEBUG 18:39:28] Found sslsniff PIDs: []
[DEBUG 18:39:29] After cleanup: nginx PIDs: [], sslsniff PIDs: []
Run 5/10...
[DEBUG 18:39:29] Starting sslsniff with bpftime: LD_PRELOAD=build/runtime/syscall-server/libbpftime-syscall-server.so example/sslsniff/sslsniff
[DEBUG 18:39:31] Starting nginx with bpftime: LD_PRELOAD=build/runtime/agent/libbpftime-agent.so nginx -c /bpftime/benchmark/ssl-nginx/nginx.conf -p /bpftime/benchmark/ssl-nginx
[DEBUG 18:39:33] Running wrk with command: wrk https://127.0.0.1:4043/index.html -c 100 -d 10
[DEBUG 18:39:43] Parsing wrk output: Running 10s test @ https://127.0.0.1:4043/index.html
  2 threads and 100 connections
  Thread Stats ...
  Requests/sec: 12427.99
[DEBUG 18:39:43] Terminating processes
[DEBUG 18:39:43] Cleaning up processes...
[DEBUG 18:39:43] Found nginx PIDs: []
[DEBUG 18:39:43] Found sslsniff PIDs: []
[DEBUG 18:39:44] After cleanup: nginx PIDs: [], sslsniff PIDs: []
Run 6/10...
[DEBUG 18:39:44] Starting sslsniff with bpftime: LD_PRELOAD=build/runtime/syscall-server/libbpftime-syscall-server.so example/sslsniff/sslsniff
[DEBUG 18:39:46] Starting nginx with bpftime: LD_PRELOAD=build/runtime/agent/libbpftime-agent.so nginx -c /bpftime/benchmark/ssl-nginx/nginx.conf -p /bpftime/benchmark/ssl-nginx
[DEBUG 18:39:48] Running wrk with command: wrk https://127.0.0.1:4043/index.html -c 100 -d 10
[DEBUG 18:39:58] Parsing wrk output: Running 10s test @ https://127.0.0.1:4043/index.html
  2 threads and 100 connections
  Thread Stats ...
  Requests/sec: 12863.15
[DEBUG 18:39:58] Terminating processes
[DEBUG 18:39:58] Cleaning up processes...
[DEBUG 18:39:58] Found nginx PIDs: []
[DEBUG 18:39:58] Found sslsniff PIDs: []
[DEBUG 18:39:59] After cleanup: nginx PIDs: [], sslsniff PIDs: []
Run 7/10...
[DEBUG 18:39:59] Starting sslsniff with bpftime: LD_PRELOAD=build/runtime/syscall-server/libbpftime-syscall-server.so example/sslsniff/sslsniff
[DEBUG 18:40:01] Starting nginx with bpftime: LD_PRELOAD=build/runtime/agent/libbpftime-agent.so nginx -c /bpftime/benchmark/ssl-nginx/nginx.conf -p /bpftime/benchmark/ssl-nginx
[DEBUG 18:40:03] Running wrk with command: wrk https://127.0.0.1:4043/index.html -c 100 -d 10
[DEBUG 18:40:13] Parsing wrk output: Running 10s test @ https://127.0.0.1:4043/index.html
  2 threads and 100 connections
  Thread Stats ...
  Requests/sec: 12210.18
[DEBUG 18:40:13] Terminating processes
[DEBUG 18:40:13] Cleaning up processes...
[DEBUG 18:40:14] Found nginx PIDs: []
[DEBUG 18:40:14] Found sslsniff PIDs: []
[DEBUG 18:40:15] After cleanup: nginx PIDs: [], sslsniff PIDs: []
Run 8/10...
[DEBUG 18:40:15] Starting sslsniff with bpftime: LD_PRELOAD=build/runtime/syscall-server/libbpftime-syscall-server.so example/sslsniff/sslsniff
[DEBUG 18:40:17] Starting nginx with bpftime: LD_PRELOAD=build/runtime/agent/libbpftime-agent.so nginx -c /bpftime/benchmark/ssl-nginx/nginx.conf -p /bpftime/benchmark/ssl-nginx
[DEBUG 18:40:19] Running wrk with command: wrk https://127.0.0.1:4043/index.html -c 100 -d 10
[DEBUG 18:40:29] Parsing wrk output: Running 10s test @ https://127.0.0.1:4043/index.html
  2 threads and 100 connections
  Thread Stats ...
  Requests/sec: 12335.75
[DEBUG 18:40:29] Terminating processes
[DEBUG 18:40:29] Cleaning up processes...
[DEBUG 18:40:29] Found nginx PIDs: []
[DEBUG 18:40:29] Found sslsniff PIDs: []
[DEBUG 18:40:30] After cleanup: nginx PIDs: [], sslsniff PIDs: []
Run 9/10...
[DEBUG 18:40:30] Starting sslsniff with bpftime: LD_PRELOAD=build/runtime/syscall-server/libbpftime-syscall-server.so example/sslsniff/sslsniff
[DEBUG 18:40:32] Starting nginx with bpftime: LD_PRELOAD=build/runtime/agent/libbpftime-agent.so nginx -c /bpftime/benchmark/ssl-nginx/nginx.conf -p /bpftime/benchmark/ssl-nginx
[DEBUG 18:40:34] Running wrk with command: wrk https://127.0.0.1:4043/index.html -c 100 -d 10
[DEBUG 18:40:44] Parsing wrk output: Running 10s test @ https://127.0.0.1:4043/index.html
  2 threads and 100 connections
  Thread Stats ...
  Requests/sec: 13360.76
[DEBUG 18:40:44] Terminating processes
[DEBUG 18:40:44] Cleaning up processes...
[DEBUG 18:40:44] Found nginx PIDs: []
[DEBUG 18:40:44] Found sslsniff PIDs: []
[DEBUG 18:40:45] After cleanup: nginx PIDs: [], sslsniff PIDs: []
Run 10/10...
[DEBUG 18:40:45] Starting sslsniff with bpftime: LD_PRELOAD=build/runtime/syscall-server/libbpftime-syscall-server.so example/sslsniff/sslsniff
[DEBUG 18:40:47] Starting nginx with bpftime: LD_PRELOAD=build/runtime/agent/libbpftime-agent.so nginx -c /bpftime/benchmark/ssl-nginx/nginx.conf -p /bpftime/benchmark/ssl-nginx
[DEBUG 18:40:49] Running wrk with command: wrk https://127.0.0.1:4043/index.html -c 100 -d 10
[DEBUG 18:40:59] Parsing wrk output: Running 10s test @ https://127.0.0.1:4043/index.html
  2 threads and 100 connections
  Thread Stats ...
  Requests/sec: 10050.19
[DEBUG 18:40:59] Terminating processes
[DEBUG 18:40:59] Cleaning up processes...
[DEBUG 18:40:59] Found nginx PIDs: []
[DEBUG 18:40:59] Found sslsniff PIDs: []
[DEBUG 18:41:00] After cleanup: nginx PIDs: [], sslsniff PIDs: []

=== Benchmark Results ===
Each configuration run 10 times

Baseline:
  Requests/sec (mean):   15072.47
  Requests/sec (median): 15078.87
  Standard deviation:    155.18
  Min:                   14795.82
  Max:                   15328.34
  All runs:              [15191.13, 15328.34, 15201.34, 15119.65, 14954.67, 14928.99, 15137.83, 15028.85, 14795.82, 15038.09]

Kernel Sslsniff:
  Requests/sec (mean):   10077.50
  Requests/sec (median): 10091.31
  Standard deviation:    111.21
  Min:                   9905.29
  Max:                   10251.26
  All runs:              [10069.34, 9939.26, 10131.26, 10174.62, 10251.26, 10113.27, 9905.29, 10164.21, 10051.35, 9975.16]

Bpftime Sslsniff:
  Requests/sec (mean):   12556.53
  Requests/sec (median): 12720.35
  Standard deviation:    984.47
  Min:                   10050.19
  Max:                   13440.46
  All runs:              [13028.24, 13440.46, 12577.56, 13271.02, 12427.99, 12863.15, 12210.18, 12335.75, 13360.76, 10050.19]

Kernel sslsniff performance impact: 33.14% decrease
bpftime sslsniff performance impact: 16.69% decrease
bpftime improvement over kernel: 24.60%

Results saved to benchmark/ssl-nginx/benchmark_results_20260725_184100.json
[DEBUG 18:41:00] Cleaning up before exit
[DEBUG 18:41:00] Cleaning up processes...
[DEBUG 18:41:00] Found nginx PIDs: []
[DEBUG 18:41:00] Found sslsniff PIDs: []
[DEBUG 18:41:01] After cleanup: nginx PIDs: [], sslsniff PIDs: []


=== Running benchmark for 4kb file ===
Generating test file of size 4kb...
  Created benchmark/ssl-nginx/index.html (4096 bytes)
[DEBUG 18:41:03] Starting benchmark script
[DEBUG 18:41:03] Current working directory: /bpftime
[DEBUG 18:41:03] Checking command: nginx - EXISTS
[DEBUG 18:41:03]   Path: /usr/sbin/nginx
[DEBUG 18:41:03] Checking file: /bpftime/build/runtime/agent/libbpftime-agent.so - EXISTS
[DEBUG 18:41:03] Checking file: /bpftime/build/runtime/syscall-server/libbpftime-syscall-server.so - EXISTS
[DEBUG 18:41:03] Checking file: /bpftime/example/sslsniff/sslsniff - EXISTS
[DEBUG 18:41:03] Checking command: wrk - EXISTS
[DEBUG 18:41:03]   Path: /usr/bin/wrk

=== Running Baseline Tests ===
[DEBUG 18:41:03] Cleaning up processes...
[DEBUG 18:41:03] Found nginx PIDs: []
[DEBUG 18:41:03] Found sslsniff PIDs: []
[DEBUG 18:41:05] After cleanup: nginx PIDs: [], sslsniff PIDs: []
[DEBUG 18:41:05] Removing access log: /bpftime/benchmark/ssl-nginx/access.log
[DEBUG 18:41:05] Access log removed successfully
[DEBUG 18:41:05] Checking command: nginx - EXISTS
[DEBUG 18:41:05]   Path: /usr/sbin/nginx
[DEBUG 18:41:05] Current directory: /bpftime
[DEBUG 18:41:05] Checking if nginx.conf exists: True
[DEBUG 18:41:05] Starting nginx with command: nginx -c /bpftime/benchmark/ssl-nginx/nginx.conf -p /bpftime/benchmark/ssl-nginx
[DEBUG 18:41:07] nginx started successfully
[DEBUG 18:41:07] Error checking nginx: [Errno 2] No such file or directory: 'curl'
Run 1/10...
[DEBUG 18:41:07] Running wrk with command: wrk https://127.0.0.1:4043/index.html -c 100 -d 10
[DEBUG 18:41:17] wrk exit code: 0
[DEBUG 18:41:17] Parsing wrk output: Running 10s test @ https://127.0.0.1:4043/index.html
  2 threads and 100 connections
  Thread Stats ...
  Requests/sec: 14463.03
Run 2/10...
[DEBUG 18:41:17] Running wrk with command: wrk https://127.0.0.1:4043/index.html -c 100 -d 10
[DEBUG 18:41:27] wrk exit code: 0
[DEBUG 18:41:27] Parsing wrk output: Running 10s test @ https://127.0.0.1:4043/index.html
  2 threads and 100 connections
  Thread Stats ...
  Requests/sec: 14323.55
Run 3/10...
[DEBUG 18:41:27] Running wrk with command: wrk https://127.0.0.1:4043/index.html -c 100 -d 10
[DEBUG 18:41:37] wrk exit code: 0
[DEBUG 18:41:37] Parsing wrk output: Running 10s test @ https://127.0.0.1:4043/index.html
  2 threads and 100 connections
  Thread Stats ...
  Requests/sec: 14424.19
Run 4/10...
[DEBUG 18:41:37] Running wrk with command: wrk https://127.0.0.1:4043/index.html -c 100 -d 10
[DEBUG 18:41:47] wrk exit code: 0
[DEBUG 18:41:47] Parsing wrk output: Running 10s test @ https://127.0.0.1:4043/index.html
  2 threads and 100 connections
  Thread Stats ...
  Requests/sec: 14173.14
Run 5/10...
[DEBUG 18:41:47] Running wrk with command: wrk https://127.0.0.1:4043/index.html -c 100 -d 10
[DEBUG 18:41:57] wrk exit code: 0
[DEBUG 18:41:57] Parsing wrk output: Running 10s test @ https://127.0.0.1:4043/index.html
  2 threads and 100 connections
  Thread Stats ...
  Requests/sec: 14384.40
Run 6/10...
[DEBUG 18:41:57] Running wrk with command: wrk https://127.0.0.1:4043/index.html -c 100 -d 10
[DEBUG 18:42:07] wrk exit code: 0
[DEBUG 18:42:07] Parsing wrk output: Running 10s test @ https://127.0.0.1:4043/index.html
  2 threads and 100 connections
  Thread Stats ...
  Requests/sec: 14396.81
Run 7/10...
[DEBUG 18:42:07] Running wrk with command: wrk https://127.0.0.1:4043/index.html -c 100 -d 10
[DEBUG 18:42:17] wrk exit code: 0
[DEBUG 18:42:17] Parsing wrk output: Running 10s test @ https://127.0.0.1:4043/index.html
  2 threads and 100 connections
  Thread Stats ...
  Requests/sec: 14452.42
Run 8/10...
[DEBUG 18:42:17] Running wrk with command: wrk https://127.0.0.1:4043/index.html -c 100 -d 10
[DEBUG 18:42:27] wrk exit code: 0
[DEBUG 18:42:27] Parsing wrk output: Running 10s test @ https://127.0.0.1:4043/index.html
  2 threads and 100 connections
  Thread Stats ...
  Requests/sec: 14171.39
Run 9/10...
[DEBUG 18:42:27] Running wrk with command: wrk https://127.0.0.1:4043/index.html -c 100 -d 10
[DEBUG 18:42:37] wrk exit code: 0
[DEBUG 18:42:37] Parsing wrk output: Running 10s test @ https://127.0.0.1:4043/index.html
  2 threads and 100 connections
  Thread Stats ...
  Requests/sec: 14376.33
Run 10/10...
[DEBUG 18:42:37] Running wrk with command: wrk https://127.0.0.1:4043/index.html -c 100 -d 10
[DEBUG 18:42:47] wrk exit code: 0
[DEBUG 18:42:47] Parsing wrk output: Running 10s test @ https://127.0.0.1:4043/index.html
  2 threads and 100 connections
  Thread Stats ...
  Requests/sec: 14067.72
[DEBUG 18:42:47] Terminating nginx

=== Running Kernel sslsniff Tests ===
[DEBUG 18:42:47] Cleaning up processes...
[DEBUG 18:42:47] Found nginx PIDs: []
[DEBUG 18:42:47] Found sslsniff PIDs: []
[DEBUG 18:42:48] After cleanup: nginx PIDs: [], sslsniff PIDs: []
[DEBUG 18:42:48] Removing access log: /bpftime/benchmark/ssl-nginx/access.log
[DEBUG 18:42:48] Access log removed successfully
[DEBUG 18:42:48] Checking file: /bpftime/example/sslsniff/sslsniff - EXISTS
[DEBUG 18:42:48] Starting nginx with command: nginx -c /bpftime/benchmark/ssl-nginx/nginx.conf -p /bpftime/benchmark/ssl-nginx
Run 1/10...
[DEBUG 18:42:50] Starting kernel sslsniff: sudo example/sslsniff/sslsniff
[DEBUG 18:42:52] Running wrk with command: wrk https://127.0.0.1:4043/index.html -c 100 -d 10
[DEBUG 18:43:02] Parsing wrk output: Running 10s test @ https://127.0.0.1:4043/index.html
  2 threads and 100 connections
  Thread Stats ...
[DEBUG 18:43:02] Killing sslsniff
  Requests/sec: 10282.90
Run 2/10...
[DEBUG 18:43:03] Starting kernel sslsniff: sudo example/sslsniff/sslsniff
[DEBUG 18:43:05] Running wrk with command: wrk https://127.0.0.1:4043/index.html -c 100 -d 10
[DEBUG 18:43:16] Parsing wrk output: Running 10s test @ https://127.0.0.1:4043/index.html
  2 threads and 100 connections
  Thread Stats ...
[DEBUG 18:43:16] Killing sslsniff
  Requests/sec: 9971.35
Run 3/10...
[DEBUG 18:43:17] Starting kernel sslsniff: sudo example/sslsniff/sslsniff
[DEBUG 18:43:19] Running wrk with command: wrk https://127.0.0.1:4043/index.html -c 100 -d 10
[DEBUG 18:43:29] Parsing wrk output: Running 10s test @ https://127.0.0.1:4043/index.html
  2 threads and 100 connections
  Thread Stats ...
[DEBUG 18:43:29] Killing sslsniff
  Requests/sec: 9928.04
Run 4/10...
[DEBUG 18:43:30] Starting kernel sslsniff: sudo example/sslsniff/sslsniff
[DEBUG 18:43:32] Running wrk with command: wrk https://127.0.0.1:4043/index.html -c 100 -d 10
[DEBUG 18:43:42] Parsing wrk output: Running 10s test @ https://127.0.0.1:4043/index.html
  2 threads and 100 connections
  Thread Stats ...
[DEBUG 18:43:42] Killing sslsniff
  Requests/sec: 9998.58
Run 5/10...
[DEBUG 18:43:43] Starting kernel sslsniff: sudo example/sslsniff/sslsniff
[DEBUG 18:43:45] Running wrk with command: wrk https://127.0.0.1:4043/index.html -c 100 -d 10
[DEBUG 18:43:55] Parsing wrk output: Running 10s test @ https://127.0.0.1:4043/index.html
  2 threads and 100 connections
  Thread Stats ...
[DEBUG 18:43:55] Killing sslsniff
  Requests/sec: 10174.02
Run 6/10...
[DEBUG 18:43:56] Starting kernel sslsniff: sudo example/sslsniff/sslsniff
[DEBUG 18:43:58] Running wrk with command: wrk https://127.0.0.1:4043/index.html -c 100 -d 10
[DEBUG 18:44:08] Parsing wrk output: Running 10s test @ https://127.0.0.1:4043/index.html
  2 threads and 100 connections
  Thread Stats ...
[DEBUG 18:44:08] Killing sslsniff
  Requests/sec: 9921.27
Run 7/10...
[DEBUG 18:44:09] Starting kernel sslsniff: sudo example/sslsniff/sslsniff
[DEBUG 18:44:11] Running wrk with command: wrk https://127.0.0.1:4043/index.html -c 100 -d 10
[DEBUG 18:44:21] Parsing wrk output: Running 10s test @ https://127.0.0.1:4043/index.html
  2 threads and 100 connections
  Thread Stats ...
[DEBUG 18:44:21] Killing sslsniff
  Requests/sec: 10196.39
Run 8/10...
[DEBUG 18:44:22] Starting kernel sslsniff: sudo example/sslsniff/sslsniff
[DEBUG 18:44:24] Running wrk with command: wrk https://127.0.0.1:4043/index.html -c 100 -d 10
[DEBUG 18:44:34] Parsing wrk output: Running 10s test @ https://127.0.0.1:4043/index.html
  2 threads and 100 connections
  Thread Stats ...
[DEBUG 18:44:34] Killing sslsniff
  Requests/sec: 10102.36
Run 9/10...
[DEBUG 18:44:35] Starting kernel sslsniff: sudo example/sslsniff/sslsniff
[DEBUG 18:44:37] Running wrk with command: wrk https://127.0.0.1:4043/index.html -c 100 -d 10
[DEBUG 18:44:47] Parsing wrk output: Running 10s test @ https://127.0.0.1:4043/index.html
  2 threads and 100 connections
  Thread Stats ...
[DEBUG 18:44:47] Killing sslsniff
  Requests/sec: 9979.48
Run 10/10...
[DEBUG 18:44:48] Starting kernel sslsniff: sudo example/sslsniff/sslsniff
[DEBUG 18:44:50] Running wrk with command: wrk https://127.0.0.1:4043/index.html -c 100 -d 10
[DEBUG 18:45:00] Parsing wrk output: Running 10s test @ https://127.0.0.1:4043/index.html
  2 threads and 100 connections
  Thread Stats ...
[DEBUG 18:45:00] Killing sslsniff
  Requests/sec: 10048.58
[DEBUG 18:45:01] Terminating nginx

=== Running bpftime sslsniff Tests ===
[DEBUG 18:45:02] Cleaning up processes...
[DEBUG 18:45:02] Found nginx PIDs: []
[DEBUG 18:45:02] Found sslsniff PIDs: []
[DEBUG 18:45:03] After cleanup: nginx PIDs: [], sslsniff PIDs: []
[DEBUG 18:45:03] Removing access log: /bpftime/benchmark/ssl-nginx/access.log
[DEBUG 18:45:03] Access log removed successfully
[DEBUG 18:45:03] Checking file: /bpftime/example/sslsniff/sslsniff - EXISTS
[DEBUG 18:45:03] Checking file: /bpftime/build/runtime/agent/libbpftime-agent.so - EXISTS
[DEBUG 18:45:03] Checking file: /bpftime/build/runtime/syscall-server/libbpftime-syscall-server.so - EXISTS
Run 1/10...
[DEBUG 18:45:03] Starting sslsniff with bpftime: LD_PRELOAD=build/runtime/syscall-server/libbpftime-syscall-server.so example/sslsniff/sslsniff
[DEBUG 18:45:05] Starting nginx with bpftime: LD_PRELOAD=build/runtime/agent/libbpftime-agent.so nginx -c /bpftime/benchmark/ssl-nginx/nginx.conf -p /bpftime/benchmark/ssl-nginx
[DEBUG 18:45:07] Running wrk with command: wrk https://127.0.0.1:4043/index.html -c 100 -d 10
[DEBUG 18:45:17] Parsing wrk output: Running 10s test @ https://127.0.0.1:4043/index.html
  2 threads and 100 connections
  Thread Stats ...
  Requests/sec: 9750.26
[DEBUG 18:45:17] Terminating processes
[DEBUG 18:45:17] Cleaning up processes...
[DEBUG 18:45:17] Found nginx PIDs: []
[DEBUG 18:45:17] Found sslsniff PIDs: []
[DEBUG 18:45:18] After cleanup: nginx PIDs: [], sslsniff PIDs: []
Run 2/10...
[DEBUG 18:45:18] Starting sslsniff with bpftime: LD_PRELOAD=build/runtime/syscall-server/libbpftime-syscall-server.so example/sslsniff/sslsniff
[DEBUG 18:45:20] Starting nginx with bpftime: LD_PRELOAD=build/runtime/agent/libbpftime-agent.so nginx -c /bpftime/benchmark/ssl-nginx/nginx.conf -p /bpftime/benchmark/ssl-nginx
[DEBUG 18:45:22] Running wrk with command: wrk https://127.0.0.1:4043/index.html -c 100 -d 10
[DEBUG 18:45:32] Parsing wrk output: Running 10s test @ https://127.0.0.1:4043/index.html
  2 threads and 100 connections
  Thread Stats ...
  Requests/sec: 9648.90
[DEBUG 18:45:32] Terminating processes
[DEBUG 18:45:32] Cleaning up processes...
[DEBUG 18:45:32] Found nginx PIDs: []
[DEBUG 18:45:32] Found sslsniff PIDs: []
[DEBUG 18:45:33] After cleanup: nginx PIDs: [], sslsniff PIDs: []
Run 3/10...
[DEBUG 18:45:33] Starting sslsniff with bpftime: LD_PRELOAD=build/runtime/syscall-server/libbpftime-syscall-server.so example/sslsniff/sslsniff
[DEBUG 18:45:35] Starting nginx with bpftime: LD_PRELOAD=build/runtime/agent/libbpftime-agent.so nginx -c /bpftime/benchmark/ssl-nginx/nginx.conf -p /bpftime/benchmark/ssl-nginx
[DEBUG 18:45:37] Running wrk with command: wrk https://127.0.0.1:4043/index.html -c 100 -d 10
[DEBUG 18:45:47] Parsing wrk output: Running 10s test @ https://127.0.0.1:4043/index.html
  2 threads and 100 connections
  Thread Stats ...
  Requests/sec: 11391.16
[DEBUG 18:45:47] Terminating processes
[DEBUG 18:45:47] Cleaning up processes...
[DEBUG 18:45:47] Found nginx PIDs: []
[DEBUG 18:45:47] Found sslsniff PIDs: []
[DEBUG 18:45:48] After cleanup: nginx PIDs: [], sslsniff PIDs: []
Run 4/10...
[DEBUG 18:45:48] Starting sslsniff with bpftime: LD_PRELOAD=build/runtime/syscall-server/libbpftime-syscall-server.so example/sslsniff/sslsniff
[DEBUG 18:45:50] Starting nginx with bpftime: LD_PRELOAD=build/runtime/agent/libbpftime-agent.so nginx -c /bpftime/benchmark/ssl-nginx/nginx.conf -p /bpftime/benchmark/ssl-nginx
[DEBUG 18:45:52] Running wrk with command: wrk https://127.0.0.1:4043/index.html -c 100 -d 10
[DEBUG 18:46:02] Parsing wrk output: Running 10s test @ https://127.0.0.1:4043/index.html
  2 threads and 100 connections
  Thread Stats ...
  Requests/sec: 11800.84
[DEBUG 18:46:02] Terminating processes
[DEBUG 18:46:02] Cleaning up processes...
[DEBUG 18:46:02] Found nginx PIDs: []
[DEBUG 18:46:02] Found sslsniff PIDs: []
[DEBUG 18:46:03] After cleanup: nginx PIDs: [], sslsniff PIDs: []
Run 5/10...
[DEBUG 18:46:03] Starting sslsniff with bpftime: LD_PRELOAD=build/runtime/syscall-server/libbpftime-syscall-server.so example/sslsniff/sslsniff
[DEBUG 18:46:05] Starting nginx with bpftime: LD_PRELOAD=build/runtime/agent/libbpftime-agent.so nginx -c /bpftime/benchmark/ssl-nginx/nginx.conf -p /bpftime/benchmark/ssl-nginx
[DEBUG 18:46:07] Running wrk with command: wrk https://127.0.0.1:4043/index.html -c 100 -d 10
[DEBUG 18:46:18] Parsing wrk output: Running 10s test @ https://127.0.0.1:4043/index.html
  2 threads and 100 connections
  Thread Stats ...
  Requests/sec: 11068.80
[DEBUG 18:46:18] Terminating processes
[DEBUG 18:46:18] Cleaning up processes...
[DEBUG 18:46:18] Found nginx PIDs: []
[DEBUG 18:46:18] Found sslsniff PIDs: []
[DEBUG 18:46:19] After cleanup: nginx PIDs: [], sslsniff PIDs: []
Run 6/10...
[DEBUG 18:46:19] Starting sslsniff with bpftime: LD_PRELOAD=build/runtime/syscall-server/libbpftime-syscall-server.so example/sslsniff/sslsniff
[DEBUG 18:46:21] Starting nginx with bpftime: LD_PRELOAD=build/runtime/agent/libbpftime-agent.so nginx -c /bpftime/benchmark/ssl-nginx/nginx.conf -p /bpftime/benchmark/ssl-nginx
[DEBUG 18:46:23] Running wrk with command: wrk https://127.0.0.1:4043/index.html -c 100 -d 10
[DEBUG 18:46:33] Parsing wrk output: Running 10s test @ https://127.0.0.1:4043/index.html
  2 threads and 100 connections
  Thread Stats ...
  Requests/sec: 12795.71
[DEBUG 18:46:33] Terminating processes
[DEBUG 18:46:33] Cleaning up processes...
[DEBUG 18:46:33] Found nginx PIDs: []
[DEBUG 18:46:33] Found sslsniff PIDs: []
[DEBUG 18:46:34] After cleanup: nginx PIDs: [], sslsniff PIDs: []
Run 7/10...
[DEBUG 18:46:34] Starting sslsniff with bpftime: LD_PRELOAD=build/runtime/syscall-server/libbpftime-syscall-server.so example/sslsniff/sslsniff
[DEBUG 18:46:36] Starting nginx with bpftime: LD_PRELOAD=build/runtime/agent/libbpftime-agent.so nginx -c /bpftime/benchmark/ssl-nginx/nginx.conf -p /bpftime/benchmark/ssl-nginx
[DEBUG 18:46:38] Running wrk with command: wrk https://127.0.0.1:4043/index.html -c 100 -d 10
[DEBUG 18:46:48] Parsing wrk output: Running 10s test @ https://127.0.0.1:4043/index.html
  2 threads and 100 connections
  Thread Stats ...
  Requests/sec: 11621.07
[DEBUG 18:46:48] Terminating processes
[DEBUG 18:46:48] Cleaning up processes...
[DEBUG 18:46:48] Found nginx PIDs: []
[DEBUG 18:46:48] Found sslsniff PIDs: []
[DEBUG 18:46:49] After cleanup: nginx PIDs: [], sslsniff PIDs: []
Run 8/10...
[DEBUG 18:46:49] Starting sslsniff with bpftime: LD_PRELOAD=build/runtime/syscall-server/libbpftime-syscall-server.so example/sslsniff/sslsniff
[DEBUG 18:46:51] Starting nginx with bpftime: LD_PRELOAD=build/runtime/agent/libbpftime-agent.so nginx -c /bpftime/benchmark/ssl-nginx/nginx.conf -p /bpftime/benchmark/ssl-nginx
[DEBUG 18:46:53] Running wrk with command: wrk https://127.0.0.1:4043/index.html -c 100 -d 10
[DEBUG 18:47:03] Parsing wrk output: Running 10s test @ https://127.0.0.1:4043/index.html
  2 threads and 100 connections
  Thread Stats ...
  Requests/sec: 9685.20
[DEBUG 18:47:03] Terminating processes
[DEBUG 18:47:03] Cleaning up processes...
[DEBUG 18:47:03] Found nginx PIDs: []
[DEBUG 18:47:03] Found sslsniff PIDs: []
[DEBUG 18:47:04] After cleanup: nginx PIDs: [], sslsniff PIDs: []
Run 9/10...
[DEBUG 18:47:04] Starting sslsniff with bpftime: LD_PRELOAD=build/runtime/syscall-server/libbpftime-syscall-server.so example/sslsniff/sslsniff
[DEBUG 18:47:06] Starting nginx with bpftime: LD_PRELOAD=build/runtime/agent/libbpftime-agent.so nginx -c /bpftime/benchmark/ssl-nginx/nginx.conf -p /bpftime/benchmark/ssl-nginx
[DEBUG 18:47:08] Running wrk with command: wrk https://127.0.0.1:4043/index.html -c 100 -d 10
[DEBUG 18:47:18] Parsing wrk output: Running 10s test @ https://127.0.0.1:4043/index.html
  2 threads and 100 connections
  Thread Stats ...
  Requests/sec: 9332.85
[DEBUG 18:47:18] Terminating processes
[DEBUG 18:47:18] Cleaning up processes...
[DEBUG 18:47:18] Found nginx PIDs: []
[DEBUG 18:47:18] Found sslsniff PIDs: []
[DEBUG 18:47:20] After cleanup: nginx PIDs: [], sslsniff PIDs: []
Run 10/10...
[DEBUG 18:47:20] Starting sslsniff with bpftime: LD_PRELOAD=build/runtime/syscall-server/libbpftime-syscall-server.so example/sslsniff/sslsniff
[DEBUG 18:47:22] Starting nginx with bpftime: LD_PRELOAD=build/runtime/agent/libbpftime-agent.so nginx -c /bpftime/benchmark/ssl-nginx/nginx.conf -p /bpftime/benchmark/ssl-nginx
[DEBUG 18:47:24] Running wrk with command: wrk https://127.0.0.1:4043/index.html -c 100 -d 10
[DEBUG 18:47:34] Parsing wrk output: Running 10s test @ https://127.0.0.1:4043/index.html
  2 threads and 100 connections
  Thread Stats ...
  Requests/sec: 9315.64
[DEBUG 18:47:34] Terminating processes
[DEBUG 18:47:34] Cleaning up processes...
[DEBUG 18:47:34] Found nginx PIDs: []
[DEBUG 18:47:34] Found sslsniff PIDs: []
[DEBUG 18:47:35] After cleanup: nginx PIDs: [], sslsniff PIDs: []

=== Benchmark Results ===
Each configuration run 10 times

Baseline:
  Requests/sec (mean):   14323.30
  Requests/sec (median): 14380.36
  Standard deviation:    137.14
  Min:                   14067.72
  Max:                   14463.03
  All runs:              [14463.03, 14323.55, 14424.19, 14173.14, 14384.4, 14396.81, 14452.42, 14171.39, 14376.33, 14067.72]

Kernel Sslsniff:
  Requests/sec (mean):   10060.30
  Requests/sec (median): 10023.58
  Standard deviation:    123.82
  Min:                   9921.27
  Max:                   10282.90
  All runs:              [10282.9, 9971.35, 9928.04, 9998.58, 10174.02, 9921.27, 10196.39, 10102.36, 9979.48, 10048.58]

Bpftime Sslsniff:
  Requests/sec (mean):   10641.04
  Requests/sec (median): 10409.53
  Standard deviation:    1240.67
  Min:                   9315.64
  Max:                   12795.71
  All runs:              [9750.26, 9648.9, 11391.16, 11800.84, 11068.8, 12795.71, 11621.07, 9685.2, 9332.85, 9315.64]

Kernel sslsniff performance impact: 29.76% decrease
bpftime sslsniff performance impact: 25.71% decrease
bpftime improvement over kernel: 5.77%

Results saved to benchmark/ssl-nginx/benchmark_results_20260725_184735.json
[DEBUG 18:47:35] Cleaning up before exit
[DEBUG 18:47:35] Cleaning up processes...
[DEBUG 18:47:35] Found nginx PIDs: []
[DEBUG 18:47:35] Found sslsniff PIDs: []
[DEBUG 18:47:36] After cleanup: nginx PIDs: [], sslsniff PIDs: []


=== Running benchmark for 16kb file ===
Generating test file of size 16kb...
  Created benchmark/ssl-nginx/index.html (16384 bytes)
[DEBUG 18:47:38] Starting benchmark script
[DEBUG 18:47:38] Current working directory: /bpftime
[DEBUG 18:47:38] Checking command: nginx - EXISTS
[DEBUG 18:47:38]   Path: /usr/sbin/nginx
[DEBUG 18:47:38] Checking file: /bpftime/build/runtime/agent/libbpftime-agent.so - EXISTS
[DEBUG 18:47:38] Checking file: /bpftime/build/runtime/syscall-server/libbpftime-syscall-server.so - EXISTS
[DEBUG 18:47:38] Checking file: /bpftime/example/sslsniff/sslsniff - EXISTS
[DEBUG 18:47:38] Checking command: wrk - EXISTS
[DEBUG 18:47:38]   Path: /usr/bin/wrk

=== Running Baseline Tests ===
[DEBUG 18:47:38] Cleaning up processes...
[DEBUG 18:47:38] Found nginx PIDs: []
[DEBUG 18:47:38] Found sslsniff PIDs: []
[DEBUG 18:47:39] After cleanup: nginx PIDs: [], sslsniff PIDs: []
[DEBUG 18:47:39] Removing access log: /bpftime/benchmark/ssl-nginx/access.log
[DEBUG 18:47:39] Access log removed successfully
[DEBUG 18:47:39] Checking command: nginx - EXISTS
[DEBUG 18:47:39]   Path: /usr/sbin/nginx
[DEBUG 18:47:39] Current directory: /bpftime
[DEBUG 18:47:39] Checking if nginx.conf exists: True
[DEBUG 18:47:39] Starting nginx with command: nginx -c /bpftime/benchmark/ssl-nginx/nginx.conf -p /bpftime/benchmark/ssl-nginx
[DEBUG 18:47:41] nginx started successfully
[DEBUG 18:47:41] Error checking nginx: [Errno 2] No such file or directory: 'curl'
Run 1/10...
[DEBUG 18:47:41] Running wrk with command: wrk https://127.0.0.1:4043/index.html -c 100 -d 10
[DEBUG 18:47:51] wrk exit code: 0
[DEBUG 18:47:51] Parsing wrk output: Running 10s test @ https://127.0.0.1:4043/index.html
  2 threads and 100 connections
  Thread Stats ...
  Requests/sec: 9978.23
Run 2/10...
[DEBUG 18:47:51] Running wrk with command: wrk https://127.0.0.1:4043/index.html -c 100 -d 10
[DEBUG 18:48:01] wrk exit code: 0
[DEBUG 18:48:01] Parsing wrk output: Running 10s test @ https://127.0.0.1:4043/index.html
  2 threads and 100 connections
  Thread Stats ...
  Requests/sec: 9890.29
Run 3/10...
[DEBUG 18:48:01] Running wrk with command: wrk https://127.0.0.1:4043/index.html -c 100 -d 10
[DEBUG 18:48:11] wrk exit code: 0
[DEBUG 18:48:11] Parsing wrk output: Running 10s test @ https://127.0.0.1:4043/index.html
  2 threads and 100 connections
  Thread Stats ...
  Requests/sec: 9918.34
Run 4/10...
[DEBUG 18:48:11] Running wrk with command: wrk https://127.0.0.1:4043/index.html -c 100 -d 10
[DEBUG 18:48:21] wrk exit code: 0
[DEBUG 18:48:21] Parsing wrk output: Running 10s test @ https://127.0.0.1:4043/index.html
  2 threads and 100 connections
  Thread Stats ...
  Requests/sec: 9961.98
Run 5/10...
[DEBUG 18:48:21] Running wrk with command: wrk https://127.0.0.1:4043/index.html -c 100 -d 10
[DEBUG 18:48:31] wrk exit code: 0
[DEBUG 18:48:31] Parsing wrk output: Running 10s test @ https://127.0.0.1:4043/index.html
  2 threads and 100 connections
  Thread Stats ...
  Requests/sec: 9944.61
Run 6/10...
[DEBUG 18:48:31] Running wrk with command: wrk https://127.0.0.1:4043/index.html -c 100 -d 10
[DEBUG 18:48:41] wrk exit code: 0
[DEBUG 18:48:41] Parsing wrk output: Running 10s test @ https://127.0.0.1:4043/index.html
  2 threads and 100 connections
  Thread Stats ...
  Requests/sec: 9931.32
Run 7/10...
[DEBUG 18:48:41] Running wrk with command: wrk https://127.0.0.1:4043/index.html -c 100 -d 10
[DEBUG 18:48:52] wrk exit code: 0
[DEBUG 18:48:52] Parsing wrk output: Running 10s test @ https://127.0.0.1:4043/index.html
  2 threads and 100 connections
  Thread Stats ...
  Requests/sec: 9906.77
Run 8/10...
[DEBUG 18:48:52] Running wrk with command: wrk https://127.0.0.1:4043/index.html -c 100 -d 10
[DEBUG 18:49:02] wrk exit code: 0
[DEBUG 18:49:02] Parsing wrk output: Running 10s test @ https://127.0.0.1:4043/index.html
  2 threads and 100 connections
  Thread Stats ...
  Requests/sec: 9924.03
Run 9/10...
[DEBUG 18:49:02] Running wrk with command: wrk https://127.0.0.1:4043/index.html -c 100 -d 10
[DEBUG 18:49:12] wrk exit code: 0
[DEBUG 18:49:12] Parsing wrk output: Running 10s test @ https://127.0.0.1:4043/index.html
  2 threads and 100 connections
  Thread Stats ...
  Requests/sec: 9969.71
Run 10/10...
[DEBUG 18:49:12] Running wrk with command: wrk https://127.0.0.1:4043/index.html -c 100 -d 10
[DEBUG 18:49:22] wrk exit code: 0
[DEBUG 18:49:22] Parsing wrk output: Running 10s test @ https://127.0.0.1:4043/index.html
  2 threads and 100 connections
  Thread Stats ...
  Requests/sec: 9982.54
[DEBUG 18:49:22] Terminating nginx

=== Running Kernel sslsniff Tests ===
[DEBUG 18:49:22] Cleaning up processes...
[DEBUG 18:49:22] Found nginx PIDs: []
[DEBUG 18:49:22] Found sslsniff PIDs: []
[DEBUG 18:49:23] After cleanup: nginx PIDs: [], sslsniff PIDs: []
[DEBUG 18:49:23] Removing access log: /bpftime/benchmark/ssl-nginx/access.log
[DEBUG 18:49:23] Access log removed successfully
[DEBUG 18:49:23] Checking file: /bpftime/example/sslsniff/sslsniff - EXISTS
[DEBUG 18:49:23] Starting nginx with command: nginx -c /bpftime/benchmark/ssl-nginx/nginx.conf -p /bpftime/benchmark/ssl-nginx
Run 1/10...
[DEBUG 18:49:25] Starting kernel sslsniff: sudo example/sslsniff/sslsniff
[DEBUG 18:49:27] Running wrk with command: wrk https://127.0.0.1:4043/index.html -c 100 -d 10
[DEBUG 18:49:37] Parsing wrk output: Running 10s test @ https://127.0.0.1:4043/index.html
  2 threads and 100 connections
  Thread Stats ...
[DEBUG 18:49:37] Killing sslsniff
  Requests/sec: 6985.47
Run 2/10...
[DEBUG 18:49:38] Starting kernel sslsniff: sudo example/sslsniff/sslsniff
[DEBUG 18:49:40] Running wrk with command: wrk https://127.0.0.1:4043/index.html -c 100 -d 10
[DEBUG 18:49:50] Parsing wrk output: Running 10s test @ https://127.0.0.1:4043/index.html
  2 threads and 100 connections
  Thread Stats ...
[DEBUG 18:49:50] Killing sslsniff
  Requests/sec: 6943.11
Run 3/10...
[DEBUG 18:49:51] Starting kernel sslsniff: sudo example/sslsniff/sslsniff
[DEBUG 18:49:53] Running wrk with command: wrk https://127.0.0.1:4043/index.html -c 100 -d 10
[DEBUG 18:50:03] Parsing wrk output: Running 10s test @ https://127.0.0.1:4043/index.html
  2 threads and 100 connections
  Thread Stats ...
[DEBUG 18:50:03] Killing sslsniff
  Requests/sec: 6962.12
Run 4/10...
[DEBUG 18:50:04] Starting kernel sslsniff: sudo example/sslsniff/sslsniff
[DEBUG 18:50:06] Running wrk with command: wrk https://127.0.0.1:4043/index.html -c 100 -d 10
[DEBUG 18:50:16] Parsing wrk output: Running 10s test @ https://127.0.0.1:4043/index.html
  2 threads and 100 connections
  Thread Stats ...
[DEBUG 18:50:16] Killing sslsniff
  Requests/sec: 6881.13
Run 5/10...
[DEBUG 18:50:17] Starting kernel sslsniff: sudo example/sslsniff/sslsniff
[DEBUG 18:50:19] Running wrk with command: wrk https://127.0.0.1:4043/index.html -c 100 -d 10
[DEBUG 18:50:30] Parsing wrk output: Running 10s test @ https://127.0.0.1:4043/index.html
  2 threads and 100 connections
  Thread Stats ...
[DEBUG 18:50:30] Killing sslsniff
  Requests/sec: 7023.57
Run 6/10...
[DEBUG 18:50:31] Starting kernel sslsniff: sudo example/sslsniff/sslsniff
[DEBUG 18:50:33] Running wrk with command: wrk https://127.0.0.1:4043/index.html -c 100 -d 10
[DEBUG 18:50:43] Parsing wrk output: Running 10s test @ https://127.0.0.1:4043/index.html
  2 threads and 100 connections
  Thread Stats ...
[DEBUG 18:50:43] Killing sslsniff
  Requests/sec: 6904.43
Run 7/10...
[DEBUG 18:50:44] Starting kernel sslsniff: sudo example/sslsniff/sslsniff
[DEBUG 18:50:46] Running wrk with command: wrk https://127.0.0.1:4043/index.html -c 100 -d 10
[DEBUG 18:50:56] Parsing wrk output: Running 10s test @ https://127.0.0.1:4043/index.html
  2 threads and 100 connections
  Thread Stats ...
[DEBUG 18:50:56] Killing sslsniff
  Requests/sec: 6997.11
Run 8/10...
[DEBUG 18:50:57] Starting kernel sslsniff: sudo example/sslsniff/sslsniff
[DEBUG 18:50:59] Running wrk with command: wrk https://127.0.0.1:4043/index.html -c 100 -d 10
[DEBUG 18:51:09] Parsing wrk output: Running 10s test @ https://127.0.0.1:4043/index.html
  2 threads and 100 connections
  Thread Stats ...
[DEBUG 18:51:09] Killing sslsniff
  Requests/sec: 7067.28
Run 9/10...
[DEBUG 18:51:10] Starting kernel sslsniff: sudo example/sslsniff/sslsniff
[DEBUG 18:51:12] Running wrk with command: wrk https://127.0.0.1:4043/index.html -c 100 -d 10
[DEBUG 18:51:22] Parsing wrk output: Running 10s test @ https://127.0.0.1:4043/index.html
  2 threads and 100 connections
  Thread Stats ...
[DEBUG 18:51:22] Killing sslsniff
  Requests/sec: 6957.38
Run 10/10...
[DEBUG 18:51:23] Starting kernel sslsniff: sudo example/sslsniff/sslsniff
[DEBUG 18:51:25] Running wrk with command: wrk https://127.0.0.1:4043/index.html -c 100 -d 10
[DEBUG 18:51:35] Parsing wrk output: Running 10s test @ https://127.0.0.1:4043/index.html
  2 threads and 100 connections
  Thread Stats ...
[DEBUG 18:51:35] Killing sslsniff
  Requests/sec: 6979.52
[DEBUG 18:51:36] Terminating nginx

=== Running bpftime sslsniff Tests ===
[DEBUG 18:51:36] Cleaning up processes...
[DEBUG 18:51:36] Found nginx PIDs: []
[DEBUG 18:51:36] Found sslsniff PIDs: []
[DEBUG 18:51:37] After cleanup: nginx PIDs: [], sslsniff PIDs: []
[DEBUG 18:51:37] Removing access log: /bpftime/benchmark/ssl-nginx/access.log
[DEBUG 18:51:37] Access log removed successfully
[DEBUG 18:51:37] Checking file: /bpftime/example/sslsniff/sslsniff - EXISTS
[DEBUG 18:51:37] Checking file: /bpftime/build/runtime/agent/libbpftime-agent.so - EXISTS
[DEBUG 18:51:37] Checking file: /bpftime/build/runtime/syscall-server/libbpftime-syscall-server.so - EXISTS
Run 1/10...
[DEBUG 18:51:37] Starting sslsniff with bpftime: LD_PRELOAD=build/runtime/syscall-server/libbpftime-syscall-server.so example/sslsniff/sslsniff
[DEBUG 18:51:39] Starting nginx with bpftime: LD_PRELOAD=build/runtime/agent/libbpftime-agent.so nginx -c /bpftime/benchmark/ssl-nginx/nginx.conf -p /bpftime/benchmark/ssl-nginx
[DEBUG 18:51:41] Running wrk with command: wrk https://127.0.0.1:4043/index.html -c 100 -d 10
[DEBUG 18:51:51] Parsing wrk output: Running 10s test @ https://127.0.0.1:4043/index.html
  2 threads and 100 connections
  Thread Stats ...
  Requests/sec: 6489.14
[DEBUG 18:51:51] Terminating processes
[DEBUG 18:51:51] Cleaning up processes...
[DEBUG 18:51:51] Found nginx PIDs: []
[DEBUG 18:51:51] Found sslsniff PIDs: []
[DEBUG 18:51:52] After cleanup: nginx PIDs: [], sslsniff PIDs: []
Run 2/10...
[DEBUG 18:51:52] Starting sslsniff with bpftime: LD_PRELOAD=build/runtime/syscall-server/libbpftime-syscall-server.so example/sslsniff/sslsniff
[DEBUG 18:51:54] Starting nginx with bpftime: LD_PRELOAD=build/runtime/agent/libbpftime-agent.so nginx -c /bpftime/benchmark/ssl-nginx/nginx.conf -p /bpftime/benchmark/ssl-nginx
[DEBUG 18:51:56] Running wrk with command: wrk https://127.0.0.1:4043/index.html -c 100 -d 10
[DEBUG 18:52:07] Parsing wrk output: Running 10s test @ https://127.0.0.1:4043/index.html
  2 threads and 100 connections
  Thread Stats ...
  Requests/sec: 6153.74
[DEBUG 18:52:07] Terminating processes
[DEBUG 18:52:07] Cleaning up processes...
[DEBUG 18:52:07] Found nginx PIDs: []
[DEBUG 18:52:07] Found sslsniff PIDs: []
[DEBUG 18:52:08] After cleanup: nginx PIDs: [], sslsniff PIDs: []
Run 3/10...
[DEBUG 18:52:08] Starting sslsniff with bpftime: LD_PRELOAD=build/runtime/syscall-server/libbpftime-syscall-server.so example/sslsniff/sslsniff
[DEBUG 18:52:10] Starting nginx with bpftime: LD_PRELOAD=build/runtime/agent/libbpftime-agent.so nginx -c /bpftime/benchmark/ssl-nginx/nginx.conf -p /bpftime/benchmark/ssl-nginx
[DEBUG 18:52:12] Running wrk with command: wrk https://127.0.0.1:4043/index.html -c 100 -d 10
[DEBUG 18:52:22] Parsing wrk output: Running 10s test @ https://127.0.0.1:4043/index.html
  2 threads and 100 connections
  Thread Stats ...
  Requests/sec: 6551.58
[DEBUG 18:52:22] Terminating processes
[DEBUG 18:52:22] Cleaning up processes...
[DEBUG 18:52:22] Found nginx PIDs: []
[DEBUG 18:52:22] Found sslsniff PIDs: []
[DEBUG 18:52:23] After cleanup: nginx PIDs: [], sslsniff PIDs: []
Run 4/10...
[DEBUG 18:52:23] Starting sslsniff with bpftime: LD_PRELOAD=build/runtime/syscall-server/libbpftime-syscall-server.so example/sslsniff/sslsniff
[DEBUG 18:52:25] Starting nginx with bpftime: LD_PRELOAD=build/runtime/agent/libbpftime-agent.so nginx -c /bpftime/benchmark/ssl-nginx/nginx.conf -p /bpftime/benchmark/ssl-nginx
[DEBUG 18:52:27] Running wrk with command: wrk https://127.0.0.1:4043/index.html -c 100 -d 10
[DEBUG 18:52:37] Parsing wrk output: Running 10s test @ https://127.0.0.1:4043/index.html
  2 threads and 100 connections
  Thread Stats ...
  Requests/sec: 6181.76
[DEBUG 18:52:37] Terminating processes
[DEBUG 18:52:37] Cleaning up processes...
[DEBUG 18:52:37] Found nginx PIDs: []
[DEBUG 18:52:37] Found sslsniff PIDs: []
[DEBUG 18:52:38] After cleanup: nginx PIDs: [], sslsniff PIDs: []
Run 5/10...
[DEBUG 18:52:38] Starting sslsniff with bpftime: LD_PRELOAD=build/runtime/syscall-server/libbpftime-syscall-server.so example/sslsniff/sslsniff
[DEBUG 18:52:40] Starting nginx with bpftime: LD_PRELOAD=build/runtime/agent/libbpftime-agent.so nginx -c /bpftime/benchmark/ssl-nginx/nginx.conf -p /bpftime/benchmark/ssl-nginx
[DEBUG 18:52:42] Running wrk with command: wrk https://127.0.0.1:4043/index.html -c 100 -d 10
[DEBUG 18:52:52] Parsing wrk output: Running 10s test @ https://127.0.0.1:4043/index.html
  2 threads and 100 connections
  Thread Stats ...
  Requests/sec: 8458.60
[DEBUG 18:52:52] Terminating processes
[DEBUG 18:52:52] Cleaning up processes...
[DEBUG 18:52:52] Found nginx PIDs: []
[DEBUG 18:52:52] Found sslsniff PIDs: []
[DEBUG 18:52:53] After cleanup: nginx PIDs: [], sslsniff PIDs: []
Run 6/10...
[DEBUG 18:52:53] Starting sslsniff with bpftime: LD_PRELOAD=build/runtime/syscall-server/libbpftime-syscall-server.so example/sslsniff/sslsniff
[DEBUG 18:52:55] Starting nginx with bpftime: LD_PRELOAD=build/runtime/agent/libbpftime-agent.so nginx -c /bpftime/benchmark/ssl-nginx/nginx.conf -p /bpftime/benchmark/ssl-nginx
[DEBUG 18:52:57] Running wrk with command: wrk https://127.0.0.1:4043/index.html -c 100 -d 10
[DEBUG 18:53:07] Parsing wrk output: Running 10s test @ https://127.0.0.1:4043/index.html
  2 threads and 100 connections
  Thread Stats ...
  Requests/sec: 7501.13
[DEBUG 18:53:07] Terminating processes
[DEBUG 18:53:08] Cleaning up processes...
[DEBUG 18:53:08] Found nginx PIDs: []
[DEBUG 18:53:08] Found sslsniff PIDs: []
[DEBUG 18:53:09] After cleanup: nginx PIDs: [], sslsniff PIDs: []
Run 7/10...
[DEBUG 18:53:09] Starting sslsniff with bpftime: LD_PRELOAD=build/runtime/syscall-server/libbpftime-syscall-server.so example/sslsniff/sslsniff
[DEBUG 18:53:11] Starting nginx with bpftime: LD_PRELOAD=build/runtime/agent/libbpftime-agent.so nginx -c /bpftime/benchmark/ssl-nginx/nginx.conf -p /bpftime/benchmark/ssl-nginx
[DEBUG 18:53:13] Running wrk with command: wrk https://127.0.0.1:4043/index.html -c 100 -d 10
[DEBUG 18:53:23] Parsing wrk output: Running 10s test @ https://127.0.0.1:4043/index.html
  2 threads and 100 connections
  Thread Stats ...
  Requests/sec: 6238.84
[DEBUG 18:53:23] Terminating processes
[DEBUG 18:53:23] Cleaning up processes...
[DEBUG 18:53:23] Found nginx PIDs: []
[DEBUG 18:53:23] Found sslsniff PIDs: []
[DEBUG 18:53:24] After cleanup: nginx PIDs: [], sslsniff PIDs: []
Run 8/10...
[DEBUG 18:53:24] Starting sslsniff with bpftime: LD_PRELOAD=build/runtime/syscall-server/libbpftime-syscall-server.so example/sslsniff/sslsniff
[DEBUG 18:53:26] Starting nginx with bpftime: LD_PRELOAD=build/runtime/agent/libbpftime-agent.so nginx -c /bpftime/benchmark/ssl-nginx/nginx.conf -p /bpftime/benchmark/ssl-nginx
[DEBUG 18:53:28] Running wrk with command: wrk https://127.0.0.1:4043/index.html -c 100 -d 10
[DEBUG 18:53:38] Parsing wrk output: Running 10s test @ https://127.0.0.1:4043/index.html
  2 threads and 100 connections
  Thread Stats ...
  Requests/sec: 8819.75
[DEBUG 18:53:38] Terminating processes
[DEBUG 18:53:38] Cleaning up processes...
[DEBUG 18:53:38] Found nginx PIDs: []
[DEBUG 18:53:38] Found sslsniff PIDs: []
[DEBUG 18:53:39] After cleanup: nginx PIDs: [], sslsniff PIDs: []
Run 9/10...
[DEBUG 18:53:39] Starting sslsniff with bpftime: LD_PRELOAD=build/runtime/syscall-server/libbpftime-syscall-server.so example/sslsniff/sslsniff
[DEBUG 18:53:41] Starting nginx with bpftime: LD_PRELOAD=build/runtime/agent/libbpftime-agent.so nginx -c /bpftime/benchmark/ssl-nginx/nginx.conf -p /bpftime/benchmark/ssl-nginx
[DEBUG 18:53:43] Running wrk with command: wrk https://127.0.0.1:4043/index.html -c 100 -d 10
[DEBUG 18:53:53] Parsing wrk output: Running 10s test @ https://127.0.0.1:4043/index.html
  2 threads and 100 connections
  Thread Stats ...
  Requests/sec: 8752.28
[DEBUG 18:53:53] Terminating processes
[DEBUG 18:53:53] Cleaning up processes...
[DEBUG 18:53:53] Found nginx PIDs: []
[DEBUG 18:53:53] Found sslsniff PIDs: []
[DEBUG 18:53:54] After cleanup: nginx PIDs: [], sslsniff PIDs: []
Run 10/10...
[DEBUG 18:53:54] Starting sslsniff with bpftime: LD_PRELOAD=build/runtime/syscall-server/libbpftime-syscall-server.so example/sslsniff/sslsniff
[DEBUG 18:53:56] Starting nginx with bpftime: LD_PRELOAD=build/runtime/agent/libbpftime-agent.so nginx -c /bpftime/benchmark/ssl-nginx/nginx.conf -p /bpftime/benchmark/ssl-nginx
[DEBUG 18:53:58] Running wrk with command: wrk https://127.0.0.1:4043/index.html -c 100 -d 10
[DEBUG 18:54:08] Parsing wrk output: Running 10s test @ https://127.0.0.1:4043/index.html
  2 threads and 100 connections
  Thread Stats ...
  Requests/sec: 6328.82
[DEBUG 18:54:08] Terminating processes
[DEBUG 18:54:08] Cleaning up processes...
[DEBUG 18:54:08] Found nginx PIDs: []
[DEBUG 18:54:08] Found sslsniff PIDs: []
[DEBUG 18:54:09] After cleanup: nginx PIDs: [], sslsniff PIDs: []

=== Benchmark Results ===
Each configuration run 10 times

Baseline:
  Requests/sec (mean):   9940.78
  Requests/sec (median): 9937.97
  Standard deviation:    31.67
  Min:                   9890.29
  Max:                   9982.54
  All runs:              [9978.23, 9890.29, 9918.34, 9961.98, 9944.61, 9931.32, 9906.77, 9924.03, 9969.71, 9982.54]

Kernel Sslsniff:
  Requests/sec (mean):   6970.11
  Requests/sec (median): 6970.82
  Standard deviation:    54.30
  Min:                   6881.13
  Max:                   7067.28
  All runs:              [6985.47, 6943.11, 6962.12, 6881.13, 7023.57, 6904.43, 6997.11, 7067.28, 6957.38, 6979.52]

Bpftime Sslsniff:
  Requests/sec (mean):   7147.56
  Requests/sec (median): 6520.36
  Standard deviation:    1126.47
  Min:                   6153.74
  Max:                   8819.75
  All runs:              [6489.14, 6153.74, 6551.58, 6181.76, 8458.6, 7501.13, 6238.84, 8819.75, 8752.28, 6328.82]

Kernel sslsniff performance impact: 29.88% decrease
bpftime sslsniff performance impact: 28.10% decrease
bpftime improvement over kernel: 2.55%

Results saved to benchmark/ssl-nginx/benchmark_results_20260725_185409.json
[DEBUG 18:54:09] Cleaning up before exit
[DEBUG 18:54:09] Cleaning up processes...
[DEBUG 18:54:09] Found nginx PIDs: []
[DEBUG 18:54:09] Found sslsniff PIDs: []
[DEBUG 18:54:11] After cleanup: nginx PIDs: [], sslsniff PIDs: []


=== Running benchmark for 128kb file ===
Generating test file of size 128kb...
  Created benchmark/ssl-nginx/index.html (131072 bytes)
[DEBUG 18:54:13] Starting benchmark script
[DEBUG 18:54:13] Current working directory: /bpftime
[DEBUG 18:54:13] Checking command: nginx - EXISTS
[DEBUG 18:54:13]   Path: /usr/sbin/nginx
[DEBUG 18:54:13] Checking file: /bpftime/build/runtime/agent/libbpftime-agent.so - EXISTS
[DEBUG 18:54:13] Checking file: /bpftime/build/runtime/syscall-server/libbpftime-syscall-server.so - EXISTS
[DEBUG 18:54:13] Checking file: /bpftime/example/sslsniff/sslsniff - EXISTS
[DEBUG 18:54:13] Checking command: wrk - EXISTS
[DEBUG 18:54:13]   Path: /usr/bin/wrk

=== Running Baseline Tests ===
[DEBUG 18:54:13] Cleaning up processes...
[DEBUG 18:54:13] Found nginx PIDs: []
[DEBUG 18:54:13] Found sslsniff PIDs: []
[DEBUG 18:54:14] After cleanup: nginx PIDs: [], sslsniff PIDs: []
[DEBUG 18:54:14] Removing access log: /bpftime/benchmark/ssl-nginx/access.log
[DEBUG 18:54:14] Access log removed successfully
[DEBUG 18:54:14] Checking command: nginx - EXISTS
[DEBUG 18:54:14]   Path: /usr/sbin/nginx
[DEBUG 18:54:14] Current directory: /bpftime
[DEBUG 18:54:14] Checking if nginx.conf exists: True
[DEBUG 18:54:14] Starting nginx with command: nginx -c /bpftime/benchmark/ssl-nginx/nginx.conf -p /bpftime/benchmark/ssl-nginx
[DEBUG 18:54:16] nginx started successfully
[DEBUG 18:54:16] Error checking nginx: [Errno 2] No such file or directory: 'curl'
Run 1/10...
[DEBUG 18:54:16] Running wrk with command: wrk https://127.0.0.1:4043/index.html -c 100 -d 10
[DEBUG 18:54:26] wrk exit code: 0
[DEBUG 18:54:26] Parsing wrk output: Running 10s test @ https://127.0.0.1:4043/index.html
  2 threads and 100 connections
  Thread Stats ...
  Requests/sec: 3025.92
Run 2/10...
[DEBUG 18:54:26] Running wrk with command: wrk https://127.0.0.1:4043/index.html -c 100 -d 10
[DEBUG 18:54:36] wrk exit code: 0
[DEBUG 18:54:36] Parsing wrk output: Running 10s test @ https://127.0.0.1:4043/index.html
  2 threads and 100 connections
  Thread Stats ...
  Requests/sec: 3071.53
Run 3/10...
[DEBUG 18:54:36] Running wrk with command: wrk https://127.0.0.1:4043/index.html -c 100 -d 10
[DEBUG 18:54:46] wrk exit code: 0
[DEBUG 18:54:46] Parsing wrk output: Running 10s test @ https://127.0.0.1:4043/index.html
  2 threads and 100 connections
  Thread Stats ...
  Requests/sec: 2923.86
Run 4/10...
[DEBUG 18:54:46] Running wrk with command: wrk https://127.0.0.1:4043/index.html -c 100 -d 10
[DEBUG 18:54:56] wrk exit code: 0
[DEBUG 18:54:56] Parsing wrk output: Running 10s test @ https://127.0.0.1:4043/index.html
  2 threads and 100 connections
  Thread Stats ...
  Requests/sec: 2972.50
Run 5/10...
[DEBUG 18:54:56] Running wrk with command: wrk https://127.0.0.1:4043/index.html -c 100 -d 10
[DEBUG 18:55:06] wrk exit code: 0
[DEBUG 18:55:06] Parsing wrk output: Running 10s test @ https://127.0.0.1:4043/index.html
  2 threads and 100 connections
  Thread Stats ...
  Requests/sec: 3008.64
Run 6/10...
[DEBUG 18:55:06] Running wrk with command: wrk https://127.0.0.1:4043/index.html -c 100 -d 10
[DEBUG 18:55:16] wrk exit code: 0
[DEBUG 18:55:16] Parsing wrk output: Running 10s test @ https://127.0.0.1:4043/index.html
  2 threads and 100 connections
  Thread Stats ...
  Requests/sec: 2945.77
Run 7/10...
[DEBUG 18:55:16] Running wrk with command: wrk https://127.0.0.1:4043/index.html -c 100 -d 10
[DEBUG 18:55:26] wrk exit code: 0
[DEBUG 18:55:26] Parsing wrk output: Running 10s test @ https://127.0.0.1:4043/index.html
  2 threads and 100 connections
  Thread Stats ...
  Requests/sec: 2926.43
Run 8/10...
[DEBUG 18:55:26] Running wrk with command: wrk https://127.0.0.1:4043/index.html -c 100 -d 10
[DEBUG 18:55:36] wrk exit code: 0
[DEBUG 18:55:36] Parsing wrk output: Running 10s test @ https://127.0.0.1:4043/index.html
  2 threads and 100 connections
  Thread Stats ...
  Requests/sec: 2950.89
Run 9/10...
[DEBUG 18:55:36] Running wrk with command: wrk https://127.0.0.1:4043/index.html -c 100 -d 10
[DEBUG 18:55:46] wrk exit code: 0
[DEBUG 18:55:46] Parsing wrk output: Running 10s test @ https://127.0.0.1:4043/index.html
  2 threads and 100 connections
  Thread Stats ...
  Requests/sec: 2935.78
Run 10/10...
[DEBUG 18:55:46] Running wrk with command: wrk https://127.0.0.1:4043/index.html -c 100 -d 10
[DEBUG 18:55:56] wrk exit code: 0
[DEBUG 18:55:56] Parsing wrk output: Running 10s test @ https://127.0.0.1:4043/index.html
  2 threads and 100 connections
  Thread Stats ...
  Requests/sec: 2957.95
[DEBUG 18:55:56] Terminating nginx

=== Running Kernel sslsniff Tests ===
[DEBUG 18:55:56] Cleaning up processes...
[DEBUG 18:55:57] Found nginx PIDs: []
[DEBUG 18:55:57] Found sslsniff PIDs: []
[DEBUG 18:55:58] After cleanup: nginx PIDs: [], sslsniff PIDs: []
[DEBUG 18:55:58] Removing access log: /bpftime/benchmark/ssl-nginx/access.log
[DEBUG 18:55:58] Access log removed successfully
[DEBUG 18:55:58] Checking file: /bpftime/example/sslsniff/sslsniff - EXISTS
[DEBUG 18:55:58] Starting nginx with command: nginx -c /bpftime/benchmark/ssl-nginx/nginx.conf -p /bpftime/benchmark/ssl-nginx
Run 1/10...
[DEBUG 18:56:00] Starting kernel sslsniff: sudo example/sslsniff/sslsniff
[DEBUG 18:56:02] Running wrk with command: wrk https://127.0.0.1:4043/index.html -c 100 -d 10
[DEBUG 18:56:12] Parsing wrk output: Running 10s test @ https://127.0.0.1:4043/index.html
  2 threads and 100 connections
  Thread Stats ...
[DEBUG 18:56:12] Killing sslsniff
  Requests/sec: 2208.78
Run 2/10...
[DEBUG 18:56:13] Starting kernel sslsniff: sudo example/sslsniff/sslsniff
[DEBUG 18:56:15] Running wrk with command: wrk https://127.0.0.1:4043/index.html -c 100 -d 10
[DEBUG 18:56:25] Parsing wrk output: Running 10s test @ https://127.0.0.1:4043/index.html
  2 threads and 100 connections
  Thread Stats ...
[DEBUG 18:56:25] Killing sslsniff
  Requests/sec: 2192.95
Run 3/10...
[DEBUG 18:56:26] Starting kernel sslsniff: sudo example/sslsniff/sslsniff
[DEBUG 18:56:28] Running wrk with command: wrk https://127.0.0.1:4043/index.html -c 100 -d 10
[DEBUG 18:56:38] Parsing wrk output: Running 10s test @ https://127.0.0.1:4043/index.html
  2 threads and 100 connections
  Thread Stats ...
[DEBUG 18:56:38] Killing sslsniff
  Requests/sec: 2146.41
Run 4/10...
[DEBUG 18:56:39] Starting kernel sslsniff: sudo example/sslsniff/sslsniff
[DEBUG 18:56:41] Running wrk with command: wrk https://127.0.0.1:4043/index.html -c 100 -d 10
[DEBUG 18:56:51] Parsing wrk output: Running 10s test @ https://127.0.0.1:4043/index.html
  2 threads and 100 connections
  Thread Stats ...
[DEBUG 18:56:51] Killing sslsniff
  Requests/sec: 2123.80
Run 5/10...
[DEBUG 18:56:52] Starting kernel sslsniff: sudo example/sslsniff/sslsniff
[DEBUG 18:56:54] Running wrk with command: wrk https://127.0.0.1:4043/index.html -c 100 -d 10
[DEBUG 18:57:04] Parsing wrk output: Running 10s test @ https://127.0.0.1:4043/index.html
  2 threads and 100 connections
  Thread Stats ...
[DEBUG 18:57:04] Killing sslsniff
  Requests/sec: 2119.40
Run 6/10...
[DEBUG 18:57:05] Starting kernel sslsniff: sudo example/sslsniff/sslsniff
[DEBUG 18:57:07] Running wrk with command: wrk https://127.0.0.1:4043/index.html -c 100 -d 10
[DEBUG 18:57:17] Parsing wrk output: Running 10s test @ https://127.0.0.1:4043/index.html
  2 threads and 100 connections
  Thread Stats ...
[DEBUG 18:57:17] Killing sslsniff
  Requests/sec: 2101.91
Run 7/10...
[DEBUG 18:57:18] Starting kernel sslsniff: sudo example/sslsniff/sslsniff
[DEBUG 18:57:20] Running wrk with command: wrk https://127.0.0.1:4043/index.html -c 100 -d 10
[DEBUG 18:57:30] Parsing wrk output: Running 10s test @ https://127.0.0.1:4043/index.html
  2 threads and 100 connections
  Thread Stats ...
[DEBUG 18:57:30] Killing sslsniff
  Requests/sec: 2149.64
Run 8/10...
[DEBUG 18:57:31] Starting kernel sslsniff: sudo example/sslsniff/sslsniff
[DEBUG 18:57:33] Running wrk with command: wrk https://127.0.0.1:4043/index.html -c 100 -d 10
[DEBUG 18:57:44] Parsing wrk output: Running 10s test @ https://127.0.0.1:4043/index.html
  2 threads and 100 connections
  Thread Stats ...
[DEBUG 18:57:44] Killing sslsniff
  Requests/sec: 2141.03
Run 9/10...
[DEBUG 18:57:45] Starting kernel sslsniff: sudo example/sslsniff/sslsniff
[DEBUG 18:57:47] Running wrk with command: wrk https://127.0.0.1:4043/index.html -c 100 -d 10
[DEBUG 18:57:57] Parsing wrk output: Running 10s test @ https://127.0.0.1:4043/index.html
  2 threads and 100 connections
  Thread Stats ...
[DEBUG 18:57:57] Killing sslsniff
  Requests/sec: 2110.35
Run 10/10...
[DEBUG 18:57:58] Starting kernel sslsniff: sudo example/sslsniff/sslsniff
[DEBUG 18:58:00] Running wrk with command: wrk https://127.0.0.1:4043/index.html -c 100 -d 10
[DEBUG 18:58:10] Parsing wrk output: Running 10s test @ https://127.0.0.1:4043/index.html
  2 threads and 100 connections
  Thread Stats ...
[DEBUG 18:58:10] Killing sslsniff
  Requests/sec: 2105.33
[DEBUG 18:58:11] Terminating nginx

=== Running bpftime sslsniff Tests ===
[DEBUG 18:58:11] Cleaning up processes...
[DEBUG 18:58:11] Found nginx PIDs: []
[DEBUG 18:58:11] Found sslsniff PIDs: []
[DEBUG 18:58:12] After cleanup: nginx PIDs: [], sslsniff PIDs: []
[DEBUG 18:58:12] Removing access log: /bpftime/benchmark/ssl-nginx/access.log
[DEBUG 18:58:12] Access log removed successfully
[DEBUG 18:58:12] Checking file: /bpftime/example/sslsniff/sslsniff - EXISTS
[DEBUG 18:58:12] Checking file: /bpftime/build/runtime/agent/libbpftime-agent.so - EXISTS
[DEBUG 18:58:12] Checking file: /bpftime/build/runtime/syscall-server/libbpftime-syscall-server.so - EXISTS
Run 1/10...
[DEBUG 18:58:12] Starting sslsniff with bpftime: LD_PRELOAD=build/runtime/syscall-server/libbpftime-syscall-server.so example/sslsniff/sslsniff
[DEBUG 18:58:14] Starting nginx with bpftime: LD_PRELOAD=build/runtime/agent/libbpftime-agent.so nginx -c /bpftime/benchmark/ssl-nginx/nginx.conf -p /bpftime/benchmark/ssl-nginx
[DEBUG 18:58:16] Running wrk with command: wrk https://127.0.0.1:4043/index.html -c 100 -d 10
[DEBUG 18:58:26] Parsing wrk output: Running 10s test @ https://127.0.0.1:4043/index.html
  2 threads and 100 connections
  Thread Stats ...
  Requests/sec: 2651.64
[DEBUG 18:58:26] Terminating processes
[DEBUG 18:58:26] Cleaning up processes...
[DEBUG 18:58:26] Found nginx PIDs: []
[DEBUG 18:58:26] Found sslsniff PIDs: []
[DEBUG 18:58:27] After cleanup: nginx PIDs: [], sslsniff PIDs: []
Run 2/10...
[DEBUG 18:58:27] Starting sslsniff with bpftime: LD_PRELOAD=build/runtime/syscall-server/libbpftime-syscall-server.so example/sslsniff/sslsniff
[DEBUG 18:58:29] Starting nginx with bpftime: LD_PRELOAD=build/runtime/agent/libbpftime-agent.so nginx -c /bpftime/benchmark/ssl-nginx/nginx.conf -p /bpftime/benchmark/ssl-nginx
[DEBUG 18:58:31] Running wrk with command: wrk https://127.0.0.1:4043/index.html -c 100 -d 10
[DEBUG 18:58:41] Parsing wrk output: Running 10s test @ https://127.0.0.1:4043/index.html
  2 threads and 100 connections
  Thread Stats ...
  Requests/sec: 1959.74
[DEBUG 18:58:41] Terminating processes
[DEBUG 18:58:41] Cleaning up processes...
[DEBUG 18:58:41] Found nginx PIDs: []
[DEBUG 18:58:41] Found sslsniff PIDs: []
[DEBUG 18:58:42] After cleanup: nginx PIDs: [], sslsniff PIDs: []
Run 3/10...
[DEBUG 18:58:42] Starting sslsniff with bpftime: LD_PRELOAD=build/runtime/syscall-server/libbpftime-syscall-server.so example/sslsniff/sslsniff
[DEBUG 18:58:44] Starting nginx with bpftime: LD_PRELOAD=build/runtime/agent/libbpftime-agent.so nginx -c /bpftime/benchmark/ssl-nginx/nginx.conf -p /bpftime/benchmark/ssl-nginx
[DEBUG 18:58:46] Running wrk with command: wrk https://127.0.0.1:4043/index.html -c 100 -d 10
[DEBUG 18:58:56] Parsing wrk output: Running 10s test @ https://127.0.0.1:4043/index.html
  2 threads and 100 connections
  Thread Stats ...
  Requests/sec: 2468.39
[DEBUG 18:58:56] Terminating processes
[DEBUG 18:58:57] Cleaning up processes...
[DEBUG 18:58:57] Found nginx PIDs: []
[DEBUG 18:58:57] Found sslsniff PIDs: []
[DEBUG 18:58:58] After cleanup: nginx PIDs: [], sslsniff PIDs: []
Run 4/10...
[DEBUG 18:58:58] Starting sslsniff with bpftime: LD_PRELOAD=build/runtime/syscall-server/libbpftime-syscall-server.so example/sslsniff/sslsniff
[DEBUG 18:59:00] Starting nginx with bpftime: LD_PRELOAD=build/runtime/agent/libbpftime-agent.so nginx -c /bpftime/benchmark/ssl-nginx/nginx.conf -p /bpftime/benchmark/ssl-nginx
[DEBUG 18:59:02] Running wrk with command: wrk https://127.0.0.1:4043/index.html -c 100 -d 10
[DEBUG 18:59:12] Parsing wrk output: Running 10s test @ https://127.0.0.1:4043/index.html
  2 threads and 100 connections
  Thread Stats ...
  Requests/sec: 1987.89
[DEBUG 18:59:12] Terminating processes
[DEBUG 18:59:12] Cleaning up processes...
[DEBUG 18:59:12] Found nginx PIDs: []
[DEBUG 18:59:12] Found sslsniff PIDs: []
[DEBUG 18:59:13] After cleanup: nginx PIDs: [], sslsniff PIDs: []
Run 5/10...
[DEBUG 18:59:13] Starting sslsniff with bpftime: LD_PRELOAD=build/runtime/syscall-server/libbpftime-syscall-server.so example/sslsniff/sslsniff
[DEBUG 18:59:15] Starting nginx with bpftime: LD_PRELOAD=build/runtime/agent/libbpftime-agent.so nginx -c /bpftime/benchmark/ssl-nginx/nginx.conf -p /bpftime/benchmark/ssl-nginx
[DEBUG 18:59:17] Running wrk with command: wrk https://127.0.0.1:4043/index.html -c 100 -d 10
[DEBUG 18:59:27] Parsing wrk output: Running 10s test @ https://127.0.0.1:4043/index.html
  2 threads and 100 connections
  Thread Stats ...
  Requests/sec: 1990.97
[DEBUG 18:59:27] Terminating processes
[DEBUG 18:59:27] Cleaning up processes...
[DEBUG 18:59:27] Found nginx PIDs: []
[DEBUG 18:59:27] Found sslsniff PIDs: []
[DEBUG 18:59:28] After cleanup: nginx PIDs: [], sslsniff PIDs: []
Run 6/10...
[DEBUG 18:59:28] Starting sslsniff with bpftime: LD_PRELOAD=build/runtime/syscall-server/libbpftime-syscall-server.so example/sslsniff/sslsniff
[DEBUG 18:59:30] Starting nginx with bpftime: LD_PRELOAD=build/runtime/agent/libbpftime-agent.so nginx -c /bpftime/benchmark/ssl-nginx/nginx.conf -p /bpftime/benchmark/ssl-nginx
[DEBUG 18:59:32] Running wrk with command: wrk https://127.0.0.1:4043/index.html -c 100 -d 10
[DEBUG 18:59:42] Parsing wrk output: Running 10s test @ https://127.0.0.1:4043/index.html
  2 threads and 100 connections
  Thread Stats ...
  Requests/sec: 2117.48
[DEBUG 18:59:42] Terminating processes
[DEBUG 18:59:42] Cleaning up processes...
[DEBUG 18:59:42] Found nginx PIDs: []
[DEBUG 18:59:42] Found sslsniff PIDs: []
[DEBUG 18:59:43] After cleanup: nginx PIDs: [], sslsniff PIDs: []
Run 7/10...
[DEBUG 18:59:43] Starting sslsniff with bpftime: LD_PRELOAD=build/runtime/syscall-server/libbpftime-syscall-server.so example/sslsniff/sslsniff
[DEBUG 18:59:45] Starting nginx with bpftime: LD_PRELOAD=build/runtime/agent/libbpftime-agent.so nginx -c /bpftime/benchmark/ssl-nginx/nginx.conf -p /bpftime/benchmark/ssl-nginx
[DEBUG 18:59:47] Running wrk with command: wrk https://127.0.0.1:4043/index.html -c 100 -d 10
[DEBUG 18:59:57] Parsing wrk output: Running 10s test @ https://127.0.0.1:4043/index.html
  2 threads and 100 connections
  Thread Stats ...
  Requests/sec: 2526.04
[DEBUG 18:59:57] Terminating processes
[DEBUG 18:59:57] Cleaning up processes...
[DEBUG 18:59:57] Found nginx PIDs: []
[DEBUG 18:59:57] Found sslsniff PIDs: []
[DEBUG 18:59:58] After cleanup: nginx PIDs: [], sslsniff PIDs: []
Run 8/10...
[DEBUG 18:59:58] Starting sslsniff with bpftime: LD_PRELOAD=build/runtime/syscall-server/libbpftime-syscall-server.so example/sslsniff/sslsniff
[DEBUG 19:00:00] Starting nginx with bpftime: LD_PRELOAD=build/runtime/agent/libbpftime-agent.so nginx -c /bpftime/benchmark/ssl-nginx/nginx.conf -p /bpftime/benchmark/ssl-nginx
[DEBUG 19:00:02] Running wrk with command: wrk https://127.0.0.1:4043/index.html -c 100 -d 10
[DEBUG 19:00:13] Parsing wrk output: Running 10s test @ https://127.0.0.1:4043/index.html
  2 threads and 100 connections
  Thread Stats ...
  Requests/sec: 1832.93
[DEBUG 19:00:13] Terminating processes
[DEBUG 19:00:13] Cleaning up processes...
[DEBUG 19:00:13] Found nginx PIDs: []
[DEBUG 19:00:13] Found sslsniff PIDs: []
[DEBUG 19:00:14] After cleanup: nginx PIDs: [], sslsniff PIDs: []
Run 9/10...
[DEBUG 19:00:14] Starting sslsniff with bpftime: LD_PRELOAD=build/runtime/syscall-server/libbpftime-syscall-server.so example/sslsniff/sslsniff
[DEBUG 19:00:16] Starting nginx with bpftime: LD_PRELOAD=build/runtime/agent/libbpftime-agent.so nginx -c /bpftime/benchmark/ssl-nginx/nginx.conf -p /bpftime/benchmark/ssl-nginx
[DEBUG 19:00:18] Running wrk with command: wrk https://127.0.0.1:4043/index.html -c 100 -d 10
[DEBUG 19:00:28] Parsing wrk output: Running 10s test @ https://127.0.0.1:4043/index.html
  2 threads and 100 connections
  Thread Stats ...
  Requests/sec: 1835.74
[DEBUG 19:00:28] Terminating processes
[DEBUG 19:00:28] Cleaning up processes...
[DEBUG 19:00:28] Found nginx PIDs: []
[DEBUG 19:00:28] Found sslsniff PIDs: []
[DEBUG 19:00:29] After cleanup: nginx PIDs: [], sslsniff PIDs: []
Run 10/10...
[DEBUG 19:00:29] Starting sslsniff with bpftime: LD_PRELOAD=build/runtime/syscall-server/libbpftime-syscall-server.so example/sslsniff/sslsniff
[DEBUG 19:00:31] Starting nginx with bpftime: LD_PRELOAD=build/runtime/agent/libbpftime-agent.so nginx -c /bpftime/benchmark/ssl-nginx/nginx.conf -p /bpftime/benchmark/ssl-nginx
[DEBUG 19:00:33] Running wrk with command: wrk https://127.0.0.1:4043/index.html -c 100 -d 10
[DEBUG 19:00:43] Parsing wrk output: Running 10s test @ https://127.0.0.1:4043/index.html
  2 threads and 100 connections
  Thread Stats ...
  Requests/sec: 2629.74
[DEBUG 19:00:43] Terminating processes
[DEBUG 19:00:43] Cleaning up processes...
[DEBUG 19:00:43] Found nginx PIDs: []
[DEBUG 19:00:43] Found sslsniff PIDs: []
[DEBUG 19:00:44] After cleanup: nginx PIDs: [], sslsniff PIDs: []

=== Benchmark Results ===
Each configuration run 10 times

Baseline:
  Requests/sec (mean):   2971.93
  Requests/sec (median): 2954.42
  Standard deviation:    48.53
  Min:                   2923.86
  Max:                   3071.53
  All runs:              [3025.92, 3071.53, 2923.86, 2972.5, 3008.64, 2945.77, 2926.43, 2950.89, 2935.78, 2957.95]

Kernel Sslsniff:
  Requests/sec (mean):   2139.96
  Requests/sec (median): 2132.41
  Standard deviation:    36.34
  Min:                   2101.91
  Max:                   2208.78
  All runs:              [2208.78, 2192.95, 2146.41, 2123.8, 2119.4, 2101.91, 2149.64, 2141.03, 2110.35, 2105.33]

Bpftime Sslsniff:
  Requests/sec (mean):   2200.06
  Requests/sec (median): 2054.22
  Standard deviation:    331.27
  Min:                   1832.93
  Max:                   2651.64
  All runs:              [2651.64, 1959.74, 2468.39, 1987.89, 1990.97, 2117.48, 2526.04, 1832.93, 1835.74, 2629.74]

Kernel sslsniff performance impact: 27.99% decrease
bpftime sslsniff performance impact: 25.97% decrease
bpftime improvement over kernel: 2.81%

Results saved to benchmark/ssl-nginx/benchmark_results_20260725_190044.json
[DEBUG 19:00:44] Cleaning up before exit
[DEBUG 19:00:44] Cleaning up processes...
[DEBUG 19:00:44] Found nginx PIDs: []
[DEBUG 19:00:44] Found sslsniff PIDs: []
[DEBUG 19:00:45] After cleanup: nginx PIDs: [], sslsniff PIDs: []


=== Running benchmark for 256kb file ===
Generating test file of size 256kb...
  Created benchmark/ssl-nginx/index.html (262144 bytes)
[DEBUG 19:00:47] Starting benchmark script
[DEBUG 19:00:47] Current working directory: /bpftime
[DEBUG 19:00:47] Checking command: nginx - EXISTS
[DEBUG 19:00:47]   Path: /usr/sbin/nginx
[DEBUG 19:00:47] Checking file: /bpftime/build/runtime/agent/libbpftime-agent.so - EXISTS
[DEBUG 19:00:47] Checking file: /bpftime/build/runtime/syscall-server/libbpftime-syscall-server.so - EXISTS
[DEBUG 19:00:47] Checking file: /bpftime/example/sslsniff/sslsniff - EXISTS
[DEBUG 19:00:47] Checking command: wrk - EXISTS
[DEBUG 19:00:47]   Path: /usr/bin/wrk

=== Running Baseline Tests ===
[DEBUG 19:00:47] Cleaning up processes...
[DEBUG 19:00:47] Found nginx PIDs: []
[DEBUG 19:00:47] Found sslsniff PIDs: []
[DEBUG 19:00:48] After cleanup: nginx PIDs: [], sslsniff PIDs: []
[DEBUG 19:00:48] Removing access log: /bpftime/benchmark/ssl-nginx/access.log
[DEBUG 19:00:48] Access log removed successfully
[DEBUG 19:00:48] Checking command: nginx - EXISTS
[DEBUG 19:00:48]   Path: /usr/sbin/nginx
[DEBUG 19:00:48] Current directory: /bpftime
[DEBUG 19:00:48] Checking if nginx.conf exists: True
[DEBUG 19:00:48] Starting nginx with command: nginx -c /bpftime/benchmark/ssl-nginx/nginx.conf -p /bpftime/benchmark/ssl-nginx
[DEBUG 19:00:50] nginx started successfully
[DEBUG 19:00:50] Error checking nginx: [Errno 2] No such file or directory: 'curl'
Run 1/10...
[DEBUG 19:00:50] Running wrk with command: wrk https://127.0.0.1:4043/index.html -c 100 -d 10
[DEBUG 19:01:01] wrk exit code: 0
[DEBUG 19:01:01] Parsing wrk output: Running 10s test @ https://127.0.0.1:4043/index.html
  2 threads and 100 connections
  Thread Stats ...
  Requests/sec: 1684.09
Run 2/10...
[DEBUG 19:01:01] Running wrk with command: wrk https://127.0.0.1:4043/index.html -c 100 -d 10
[DEBUG 19:01:11] wrk exit code: 0
[DEBUG 19:01:11] Parsing wrk output: Running 10s test @ https://127.0.0.1:4043/index.html
  2 threads and 100 connections
  Thread Stats ...
  Requests/sec: 1672.22
Run 3/10...
[DEBUG 19:01:11] Running wrk with command: wrk https://127.0.0.1:4043/index.html -c 100 -d 10
[DEBUG 19:01:21] wrk exit code: 0
[DEBUG 19:01:21] Parsing wrk output: Running 10s test @ https://127.0.0.1:4043/index.html
  2 threads and 100 connections
  Thread Stats ...
  Requests/sec: 1625.88
Run 4/10...
[DEBUG 19:01:21] Running wrk with command: wrk https://127.0.0.1:4043/index.html -c 100 -d 10
[DEBUG 19:01:31] wrk exit code: 0
[DEBUG 19:01:31] Parsing wrk output: Running 10s test @ https://127.0.0.1:4043/index.html
  2 threads and 100 connections
  Thread Stats ...
  Requests/sec: 1623.02
Run 5/10...
[DEBUG 19:01:31] Running wrk with command: wrk https://127.0.0.1:4043/index.html -c 100 -d 10
[DEBUG 19:01:41] wrk exit code: 0
[DEBUG 19:01:41] Parsing wrk output: Running 10s test @ https://127.0.0.1:4043/index.html
  2 threads and 100 connections
  Thread Stats ...
  Requests/sec: 1647.16
Run 6/10...
[DEBUG 19:01:41] Running wrk with command: wrk https://127.0.0.1:4043/index.html -c 100 -d 10
[DEBUG 19:01:51] wrk exit code: 0
[DEBUG 19:01:51] Parsing wrk output: Running 10s test @ https://127.0.0.1:4043/index.html
  2 threads and 100 connections
  Thread Stats ...
  Requests/sec: 1643.17
Run 7/10...
[DEBUG 19:01:51] Running wrk with command: wrk https://127.0.0.1:4043/index.html -c 100 -d 10
[DEBUG 19:02:01] wrk exit code: 0
[DEBUG 19:02:01] Parsing wrk output: Running 10s test @ https://127.0.0.1:4043/index.html
  2 threads and 100 connections
  Thread Stats ...
  Requests/sec: 1634.78
Run 8/10...
[DEBUG 19:02:01] Running wrk with command: wrk https://127.0.0.1:4043/index.html -c 100 -d 10
[DEBUG 19:02:11] wrk exit code: 0
[DEBUG 19:02:11] Parsing wrk output: Running 10s test @ https://127.0.0.1:4043/index.html
  2 threads and 100 connections
  Thread Stats ...
  Requests/sec: 1638.98
Run 9/10...
[DEBUG 19:02:11] Running wrk with command: wrk https://127.0.0.1:4043/index.html -c 100 -d 10
[DEBUG 19:02:21] wrk exit code: 0
[DEBUG 19:02:21] Parsing wrk output: Running 10s test @ https://127.0.0.1:4043/index.html
  2 threads and 100 connections
  Thread Stats ...
  Requests/sec: 1625.44
Run 10/10...
[DEBUG 19:02:21] Running wrk with command: wrk https://127.0.0.1:4043/index.html -c 100 -d 10
[DEBUG 19:02:31] wrk exit code: 0
[DEBUG 19:02:31] Parsing wrk output: Running 10s test @ https://127.0.0.1:4043/index.html
  2 threads and 100 connections
  Thread Stats ...
  Requests/sec: 1654.98
[DEBUG 19:02:31] Terminating nginx

=== Running Kernel sslsniff Tests ===
[DEBUG 19:02:31] Cleaning up processes...
[DEBUG 19:02:31] Found nginx PIDs: []
[DEBUG 19:02:31] Found sslsniff PIDs: []
[DEBUG 19:02:32] After cleanup: nginx PIDs: [], sslsniff PIDs: []
[DEBUG 19:02:32] Removing access log: /bpftime/benchmark/ssl-nginx/access.log
[DEBUG 19:02:32] Access log removed successfully
[DEBUG 19:02:32] Checking file: /bpftime/example/sslsniff/sslsniff - EXISTS
[DEBUG 19:02:32] Starting nginx with command: nginx -c /bpftime/benchmark/ssl-nginx/nginx.conf -p /bpftime/benchmark/ssl-nginx
Run 1/10...
[DEBUG 19:02:34] Starting kernel sslsniff: sudo example/sslsniff/sslsniff
[DEBUG 19:02:36] Running wrk with command: wrk https://127.0.0.1:4043/index.html -c 100 -d 10
[DEBUG 19:02:46] Parsing wrk output: Running 10s test @ https://127.0.0.1:4043/index.html
  2 threads and 100 connections
  Thread Stats ...
[DEBUG 19:02:46] Killing sslsniff
  Requests/sec: 1204.95
Run 2/10...
[DEBUG 19:02:47] Starting kernel sslsniff: sudo example/sslsniff/sslsniff
[DEBUG 19:02:49] Running wrk with command: wrk https://127.0.0.1:4043/index.html -c 100 -d 10
[DEBUG 19:03:00] Parsing wrk output: Running 10s test @ https://127.0.0.1:4043/index.html
  2 threads and 100 connections
  Thread Stats ...
[DEBUG 19:03:00] Killing sslsniff
  Requests/sec: 1198.72
Run 3/10...
[DEBUG 19:03:01] Starting kernel sslsniff: sudo example/sslsniff/sslsniff
[DEBUG 19:03:03] Running wrk with command: wrk https://127.0.0.1:4043/index.html -c 100 -d 10
[DEBUG 19:03:13] Parsing wrk output: Running 10s test @ https://127.0.0.1:4043/index.html
  2 threads and 100 connections
  Thread Stats ...
[DEBUG 19:03:13] Killing sslsniff
  Requests/sec: 1172.00
Run 4/10...
[DEBUG 19:03:14] Starting kernel sslsniff: sudo example/sslsniff/sslsniff
[DEBUG 19:03:16] Running wrk with command: wrk https://127.0.0.1:4043/index.html -c 100 -d 10
[DEBUG 19:03:26] Parsing wrk output: Running 10s test @ https://127.0.0.1:4043/index.html
  2 threads and 100 connections
  Thread Stats ...
[DEBUG 19:03:26] Killing sslsniff
  Requests/sec: 1174.35
Run 5/10...
[DEBUG 19:03:27] Starting kernel sslsniff: sudo example/sslsniff/sslsniff
[DEBUG 19:03:29] Running wrk with command: wrk https://127.0.0.1:4043/index.html -c 100 -d 10
[DEBUG 19:03:39] Parsing wrk output: Running 10s test @ https://127.0.0.1:4043/index.html
  2 threads and 100 connections
  Thread Stats ...
[DEBUG 19:03:39] Killing sslsniff
  Requests/sec: 1191.24
Run 6/10...
[DEBUG 19:03:40] Starting kernel sslsniff: sudo example/sslsniff/sslsniff
[DEBUG 19:03:42] Running wrk with command: wrk https://127.0.0.1:4043/index.html -c 100 -d 10
[DEBUG 19:03:52] Parsing wrk output: Running 10s test @ https://127.0.0.1:4043/index.html
  2 threads and 100 connections
  Thread Stats ...
[DEBUG 19:03:52] Killing sslsniff
  Requests/sec: 1187.85
Run 7/10...
[DEBUG 19:03:53] Starting kernel sslsniff: sudo example/sslsniff/sslsniff
[DEBUG 19:03:55] Running wrk with command: wrk https://127.0.0.1:4043/index.html -c 100 -d 10
[DEBUG 19:04:05] Parsing wrk output: Running 10s test @ https://127.0.0.1:4043/index.html
  2 threads and 100 connections
  Thread Stats ...
[DEBUG 19:04:05] Killing sslsniff
  Requests/sec: 1191.22
Run 8/10...
[DEBUG 19:04:06] Starting kernel sslsniff: sudo example/sslsniff/sslsniff
[DEBUG 19:04:08] Running wrk with command: wrk https://127.0.0.1:4043/index.html -c 100 -d 10
[DEBUG 19:04:18] Parsing wrk output: Running 10s test @ https://127.0.0.1:4043/index.html
  2 threads and 100 connections
  Thread Stats ...
[DEBUG 19:04:18] Killing sslsniff
  Requests/sec: 1177.89
Run 9/10...
[DEBUG 19:04:19] Starting kernel sslsniff: sudo example/sslsniff/sslsniff
[DEBUG 19:04:21] Running wrk with command: wrk https://127.0.0.1:4043/index.html -c 100 -d 10
[DEBUG 19:04:31] Parsing wrk output: Running 10s test @ https://127.0.0.1:4043/index.html
  2 threads and 100 connections
  Thread Stats ...
[DEBUG 19:04:31] Killing sslsniff
  Requests/sec: 1162.75
Run 10/10...
[DEBUG 19:04:32] Starting kernel sslsniff: sudo example/sslsniff/sslsniff
[DEBUG 19:04:34] Running wrk with command: wrk https://127.0.0.1:4043/index.html -c 100 -d 10
[DEBUG 19:04:44] Parsing wrk output: Running 10s test @ https://127.0.0.1:4043/index.html
  2 threads and 100 connections
  Thread Stats ...
[DEBUG 19:04:44] Killing sslsniff
  Requests/sec: 1181.84
[DEBUG 19:04:45] Terminating nginx

=== Running bpftime sslsniff Tests ===
[DEBUG 19:04:45] Cleaning up processes...
[DEBUG 19:04:46] Found nginx PIDs: []
[DEBUG 19:04:46] Found sslsniff PIDs: []
[DEBUG 19:04:47] After cleanup: nginx PIDs: [], sslsniff PIDs: []
[DEBUG 19:04:47] Removing access log: /bpftime/benchmark/ssl-nginx/access.log
[DEBUG 19:04:47] Access log removed successfully
[DEBUG 19:04:47] Checking file: /bpftime/example/sslsniff/sslsniff - EXISTS
[DEBUG 19:04:47] Checking file: /bpftime/build/runtime/agent/libbpftime-agent.so - EXISTS
[DEBUG 19:04:47] Checking file: /bpftime/build/runtime/syscall-server/libbpftime-syscall-server.so - EXISTS
Run 1/10...
[DEBUG 19:04:47] Starting sslsniff with bpftime: LD_PRELOAD=build/runtime/syscall-server/libbpftime-syscall-server.so example/sslsniff/sslsniff
[DEBUG 19:04:49] Starting nginx with bpftime: LD_PRELOAD=build/runtime/agent/libbpftime-agent.so nginx -c /bpftime/benchmark/ssl-nginx/nginx.conf -p /bpftime/benchmark/ssl-nginx
[DEBUG 19:04:51] Running wrk with command: wrk https://127.0.0.1:4043/index.html -c 100 -d 10
[DEBUG 19:05:01] Parsing wrk output: Running 10s test @ https://127.0.0.1:4043/index.html
  2 threads and 100 connections
  Thread Stats ...
  Requests/sec: 1092.16
[DEBUG 19:05:01] Terminating processes
[DEBUG 19:05:01] Cleaning up processes...
[DEBUG 19:05:01] Found nginx PIDs: []
[DEBUG 19:05:01] Found sslsniff PIDs: []
[DEBUG 19:05:02] After cleanup: nginx PIDs: [], sslsniff PIDs: []
Run 2/10...
[DEBUG 19:05:02] Starting sslsniff with bpftime: LD_PRELOAD=build/runtime/syscall-server/libbpftime-syscall-server.so example/sslsniff/sslsniff
[DEBUG 19:05:04] Starting nginx with bpftime: LD_PRELOAD=build/runtime/agent/libbpftime-agent.so nginx -c /bpftime/benchmark/ssl-nginx/nginx.conf -p /bpftime/benchmark/ssl-nginx
[DEBUG 19:05:06] Running wrk with command: wrk https://127.0.0.1:4043/index.html -c 100 -d 10
[DEBUG 19:05:16] Parsing wrk output: Running 10s test @ https://127.0.0.1:4043/index.html
  2 threads and 100 connections
  Thread Stats ...
  Requests/sec: 1384.09
[DEBUG 19:05:16] Terminating processes
[DEBUG 19:05:16] Cleaning up processes...
[DEBUG 19:05:16] Found nginx PIDs: []
[DEBUG 19:05:16] Found sslsniff PIDs: []
[DEBUG 19:05:17] After cleanup: nginx PIDs: [], sslsniff PIDs: []
Run 3/10...
[DEBUG 19:05:17] Starting sslsniff with bpftime: LD_PRELOAD=build/runtime/syscall-server/libbpftime-syscall-server.so example/sslsniff/sslsniff
[DEBUG 19:05:19] Starting nginx with bpftime: LD_PRELOAD=build/runtime/agent/libbpftime-agent.so nginx -c /bpftime/benchmark/ssl-nginx/nginx.conf -p /bpftime/benchmark/ssl-nginx
[DEBUG 19:05:21] Running wrk with command: wrk https://127.0.0.1:4043/index.html -c 100 -d 10
[DEBUG 19:05:31] Parsing wrk output: Running 10s test @ https://127.0.0.1:4043/index.html
  2 threads and 100 connections
  Thread Stats ...
  Requests/sec: 1017.58
[DEBUG 19:05:31] Terminating processes
[DEBUG 19:05:31] Cleaning up processes...
[DEBUG 19:05:31] Found nginx PIDs: []
[DEBUG 19:05:31] Found sslsniff PIDs: []
[DEBUG 19:05:32] After cleanup: nginx PIDs: [], sslsniff PIDs: []
Run 4/10...
[DEBUG 19:05:32] Starting sslsniff with bpftime: LD_PRELOAD=build/runtime/syscall-server/libbpftime-syscall-server.so example/sslsniff/sslsniff
[DEBUG 19:05:34] Starting nginx with bpftime: LD_PRELOAD=build/runtime/agent/libbpftime-agent.so nginx -c /bpftime/benchmark/ssl-nginx/nginx.conf -p /bpftime/benchmark/ssl-nginx
[DEBUG 19:05:36] Running wrk with command: wrk https://127.0.0.1:4043/index.html -c 100 -d 10
[DEBUG 19:05:46] Parsing wrk output: Running 10s test @ https://127.0.0.1:4043/index.html
  2 threads and 100 connections
  Thread Stats ...
  Requests/sec: 1225.59
[DEBUG 19:05:46] Terminating processes
[DEBUG 19:05:46] Cleaning up processes...
[DEBUG 19:05:46] Found nginx PIDs: []
[DEBUG 19:05:46] Found sslsniff PIDs: []
[DEBUG 19:05:47] After cleanup: nginx PIDs: [], sslsniff PIDs: []
Run 5/10...
[DEBUG 19:05:47] Starting sslsniff with bpftime: LD_PRELOAD=build/runtime/syscall-server/libbpftime-syscall-server.so example/sslsniff/sslsniff
[DEBUG 19:05:49] Starting nginx with bpftime: LD_PRELOAD=build/runtime/agent/libbpftime-agent.so nginx -c /bpftime/benchmark/ssl-nginx/nginx.conf -p /bpftime/benchmark/ssl-nginx
[DEBUG 19:05:51] Running wrk with command: wrk https://127.0.0.1:4043/index.html -c 100 -d 10
[DEBUG 19:06:01] Parsing wrk output: Running 10s test @ https://127.0.0.1:4043/index.html
  2 threads and 100 connections
  Thread Stats ...
  Requests/sec: 1100.43
[DEBUG 19:06:01] Terminating processes
[DEBUG 19:06:01] Cleaning up processes...
[DEBUG 19:06:02] Found nginx PIDs: []
[DEBUG 19:06:02] Found sslsniff PIDs: []
[DEBUG 19:06:03] After cleanup: nginx PIDs: [], sslsniff PIDs: []
Run 6/10...
[DEBUG 19:06:03] Starting sslsniff with bpftime: LD_PRELOAD=build/runtime/syscall-server/libbpftime-syscall-server.so example/sslsniff/sslsniff
[DEBUG 19:06:05] Starting nginx with bpftime: LD_PRELOAD=build/runtime/agent/libbpftime-agent.so nginx -c /bpftime/benchmark/ssl-nginx/nginx.conf -p /bpftime/benchmark/ssl-nginx
[DEBUG 19:06:07] Running wrk with command: wrk https://127.0.0.1:4043/index.html -c 100 -d 10
[DEBUG 19:06:17] Parsing wrk output: Running 10s test @ https://127.0.0.1:4043/index.html
  2 threads and 100 connections
  Thread Stats ...
  Requests/sec: 1132.05
[DEBUG 19:06:17] Terminating processes
[DEBUG 19:06:17] Cleaning up processes...
[DEBUG 19:06:17] Found nginx PIDs: []
[DEBUG 19:06:17] Found sslsniff PIDs: []
[DEBUG 19:06:18] After cleanup: nginx PIDs: [], sslsniff PIDs: []
Run 7/10...
[DEBUG 19:06:18] Starting sslsniff with bpftime: LD_PRELOAD=build/runtime/syscall-server/libbpftime-syscall-server.so example/sslsniff/sslsniff
[DEBUG 19:06:20] Starting nginx with bpftime: LD_PRELOAD=build/runtime/agent/libbpftime-agent.so nginx -c /bpftime/benchmark/ssl-nginx/nginx.conf -p /bpftime/benchmark/ssl-nginx
[DEBUG 19:06:22] Running wrk with command: wrk https://127.0.0.1:4043/index.html -c 100 -d 10
[DEBUG 19:06:32] Parsing wrk output: Running 10s test @ https://127.0.0.1:4043/index.html
  2 threads and 100 connections
  Thread Stats ...
  Requests/sec: 1094.45
[DEBUG 19:06:32] Terminating processes
[DEBUG 19:06:32] Cleaning up processes...
[DEBUG 19:06:32] Found nginx PIDs: []
[DEBUG 19:06:32] Found sslsniff PIDs: []
[DEBUG 19:06:33] After cleanup: nginx PIDs: [], sslsniff PIDs: []
Run 8/10...
[DEBUG 19:06:33] Starting sslsniff with bpftime: LD_PRELOAD=build/runtime/syscall-server/libbpftime-syscall-server.so example/sslsniff/sslsniff
[DEBUG 19:06:35] Starting nginx with bpftime: LD_PRELOAD=build/runtime/agent/libbpftime-agent.so nginx -c /bpftime/benchmark/ssl-nginx/nginx.conf -p /bpftime/benchmark/ssl-nginx
[DEBUG 19:06:37] Running wrk with command: wrk https://127.0.0.1:4043/index.html -c 100 -d 10
[DEBUG 19:06:47] Parsing wrk output: Running 10s test @ https://127.0.0.1:4043/index.html
  2 threads and 100 connections
  Thread Stats ...
  Requests/sec: 1215.01
[DEBUG 19:06:47] Terminating processes
[DEBUG 19:06:47] Cleaning up processes...
[DEBUG 19:06:47] Found nginx PIDs: []
[DEBUG 19:06:47] Found sslsniff PIDs: []
[DEBUG 19:06:48] After cleanup: nginx PIDs: [], sslsniff PIDs: []
Run 9/10...
[DEBUG 19:06:48] Starting sslsniff with bpftime: LD_PRELOAD=build/runtime/syscall-server/libbpftime-syscall-server.so example/sslsniff/sslsniff
[DEBUG 19:06:50] Starting nginx with bpftime: LD_PRELOAD=build/runtime/agent/libbpftime-agent.so nginx -c /bpftime/benchmark/ssl-nginx/nginx.conf -p /bpftime/benchmark/ssl-nginx
[DEBUG 19:06:52] Running wrk with command: wrk https://127.0.0.1:4043/index.html -c 100 -d 10
[DEBUG 19:07:02] Parsing wrk output: Running 10s test @ https://127.0.0.1:4043/index.html
  2 threads and 100 connections
  Thread Stats ...
  Requests/sec: 969.79
[DEBUG 19:07:02] Terminating processes
[DEBUG 19:07:02] Cleaning up processes...
[DEBUG 19:07:03] Found nginx PIDs: []
[DEBUG 19:07:03] Found sslsniff PIDs: []
[DEBUG 19:07:04] After cleanup: nginx PIDs: [], sslsniff PIDs: []
Run 10/10...
[DEBUG 19:07:04] Starting sslsniff with bpftime: LD_PRELOAD=build/runtime/syscall-server/libbpftime-syscall-server.so example/sslsniff/sslsniff
[DEBUG 19:07:06] Starting nginx with bpftime: LD_PRELOAD=build/runtime/agent/libbpftime-agent.so nginx -c /bpftime/benchmark/ssl-nginx/nginx.conf -p /bpftime/benchmark/ssl-nginx
[DEBUG 19:07:08] Running wrk with command: wrk https://127.0.0.1:4043/index.html -c 100 -d 10
[DEBUG 19:07:18] Parsing wrk output: Running 10s test @ https://127.0.0.1:4043/index.html
  2 threads and 100 connections
  Thread Stats ...
  Requests/sec: 1103.84
[DEBUG 19:07:18] Terminating processes
[DEBUG 19:07:18] Cleaning up processes...
[DEBUG 19:07:18] Found nginx PIDs: []
[DEBUG 19:07:18] Found sslsniff PIDs: []
[DEBUG 19:07:19] After cleanup: nginx PIDs: [], sslsniff PIDs: []

=== Benchmark Results ===
Each configuration run 10 times

Baseline:
  Requests/sec (mean):   1644.97
  Requests/sec (median): 1641.08
  Standard deviation:    20.41
  Min:                   1623.02
  Max:                   1684.09
  All runs:              [1684.09, 1672.22, 1625.88, 1623.02, 1647.16, 1643.17, 1634.78, 1638.98, 1625.44, 1654.98]

Kernel Sslsniff:
  Requests/sec (mean):   1184.28
  Requests/sec (median): 1184.84
  Standard deviation:    12.93
  Min:                   1162.75
  Max:                   1204.95
  All runs:              [1204.95, 1198.72, 1172.0, 1174.35, 1191.24, 1187.85, 1191.22, 1177.89, 1162.75, 1181.84]

Bpftime Sslsniff:
  Requests/sec (mean):   1133.50
  Requests/sec (median): 1102.13
  Standard deviation:    117.08
  Min:                   969.79
  Max:                   1384.09
  All runs:              [1092.16, 1384.09, 1017.58, 1225.59, 1100.43, 1132.05, 1094.45, 1215.01, 969.79, 1103.84]

Kernel sslsniff performance impact: 28.01% decrease
bpftime sslsniff performance impact: 31.09% decrease
bpftime improvement over kernel: -4.29%

Results saved to benchmark/ssl-nginx/benchmark_results_20260725_190719.json
[DEBUG 19:07:19] Cleaning up before exit
[DEBUG 19:07:19] Cleaning up processes...
[DEBUG 19:07:19] Found nginx PIDs: []
[DEBUG 19:07:19] Found sslsniff PIDs: []
[DEBUG 19:07:20] After cleanup: nginx PIDs: [], sslsniff PIDs: []


Results saved to benchmark/ssl-nginx/size_benchmark_20260725_190722.json and benchmark/ssl-nginx/size_benchmark_20260725_190722.txt

Benchmark completed successfully!
