map_kind,operation,implementation,round,run_cnt,runtime_ns,avg_ns_per_invocation
array,array_lookup,control,1,20000,23903584,1195.179200000
array,array_lookup,real,1,20000,52831616,2641.580800000
array,array_lookup,real-minus-control,1,20000,0,1.446401600
array,array_update,control,1,20000,18766944,938.347200000
array,array_update,real,1,20000,237830528,11891.526400000
array,array_update,real-minus-control,1,20000,0,10.953179200
percpu_array,array_lookup,control,1,20000,24516544,1225.827200000
percpu_array,array_lookup,real,1,20000,64844928,3242.246400000
percpu_array,array_lookup,real-minus-control,1,20000,0,2.016419200
percpu_array,array_update,control,1,20000,17286048,864.302400000
percpu_array,array_update,real,1,20000,308161216,15408.060800000
percpu_array,array_update,real-minus-control,1,20000,0,14.543758400
hash,hash_lookup,control,1,20000,23802496,1190.124800000
hash,hash_lookup,real,1,20000,537663264,26883.163200000
hash,hash_lookup,real-minus-control,1,20000,0,25.693038400
hash,hash_update,control,1,20000,17664736,883.236800000
hash,hash_update,real,1,20000,1826286304,91314.315200000
hash,hash_update,real-minus-control,1,20000,0,90.431078400
percpu_hash,hash_lookup,control,1,20000,23770656,1188.532800000
percpu_hash,hash_lookup,real,1,20000,557972704,27898.635200000
percpu_hash,hash_lookup,real-minus-control,1,20000,0,26.710102400
percpu_hash,hash_update,control,1,20000,19021728,951.086400000
percpu_hash,hash_update,real,1,20000,1335948256,66797.412800000
percpu_hash,hash_update,real-minus-control,1,20000,0,65.846326400
array,array_lookup,real,2,20000,52848896,2642.444800000
array,array_lookup,control,2,20000,35967840,1798.392000000
array,array_lookup,real-minus-control,2,20000,0,0.844052800
array,array_update,real,2,20000,237738016,11886.900800000
array,array_update,control,2,20000,18744896,937.244800000
array,array_update,real-minus-control,2,20000,0,10.949656000
percpu_array,array_lookup,real,2,20000,64771488,3238.574400000
percpu_array,array_lookup,control,2,20000,24522624,1226.131200000
percpu_array,array_lookup,real-minus-control,2,20000,0,2.012443200
percpu_array,array_update,real,2,20000,307815552,15390.777600000
percpu_array,array_update,control,2,20000,17308992,865.449600000
percpu_array,array_update,real-minus-control,2,20000,0,14.525328000
hash,hash_lookup,real,2,20000,529668832,26483.441600000
hash,hash_lookup,control,2,20000,23774016,1188.700800000
hash,hash_lookup,real-minus-control,2,20000,0,25.294740800
hash,hash_update,real,2,20000,1829223232,91461.161600000
hash,hash_update,control,2,20000,17653536,882.676800000
hash,hash_update,real-minus-control,2,20000,0,90.578484800
percpu_hash,hash_lookup,real,2,20000,558757504,27937.875200000
percpu_hash,hash_lookup,control,2,20000,23759104,1187.955200000
percpu_hash,hash_lookup,real-minus-control,2,20000,0,26.749920000
percpu_hash,hash_update,real,2,20000,1336506944,66825.347200000
percpu_hash,hash_update,control,2,20000,19005088,950.254400000
percpu_hash,hash_update,real-minus-control,2,20000,0,65.875092800
array,array_lookup,control,3,20000,23769792,1188.489600000
array,array_lookup,real,3,20000,64692928,3234.646400000
array,array_lookup,real-minus-control,3,20000,0,2.046156800
array,array_update,control,3,20000,18771456,938.572800000
array,array_update,real,3,20000,237700704,11885.035200000
array,array_update,real-minus-control,3,20000,0,10.946462400
percpu_array,array_lookup,control,3,20000,24517600,1225.880000000
percpu_array,array_lookup,real,3,20000,64792768,3239.638400000
percpu_array,array_lookup,real-minus-control,3,20000,0,2.013758400
percpu_array,array_update,control,3,20000,17263488,863.174400000
percpu_array,array_update,real,3,20000,307926816,15396.340800000
percpu_array,array_update,real-minus-control,3,20000,0,14.533166400
hash,hash_lookup,control,3,20000,23804640,1190.232000000
hash,hash_lookup,real,3,20000,533980864,26699.043200000
hash,hash_lookup,real-minus-control,3,20000,0,25.508811200
hash,hash_update,control,3,20000,17631392,881.569600000
hash,hash_update,real,3,20000,1829330176,91466.508800000
hash,hash_update,real-minus-control,3,20000,0,90.584939200
percpu_hash,hash_lookup,control,3,20000,23761376,1188.068800000
percpu_hash,hash_lookup,real,3,20000,561036096,28051.804800000
percpu_hash,hash_lookup,real-minus-control,3,20000,0,26.863736000
percpu_hash,hash_update,control,3,20000,19006240,950.312000000
percpu_hash,hash_update,real,3,20000,1336408352,66820.417600000
percpu_hash,hash_update,real-minus-control,3,20000,0,65.870105600
array,array_lookup,real,4,20000,64677888,3233.894400000
array,array_lookup,control,4,20000,23794912,1189.745600000
array,array_lookup,real-minus-control,4,20000,0,2.044148800
array,array_update,real,4,20000,237751456,11887.572800000
array,array_update,control,4,20000,18745696,937.284800000
array,array_update,real-minus-control,4,20000,0,10.950288000
percpu_array,array_lookup,real,4,20000,64804832,3240.241600000
percpu_array,array_lookup,control,4,20000,24541600,1227.080000000
percpu_array,array_lookup,real-minus-control,4,20000,0,2.013161600
percpu_array,array_update,real,4,20000,307808608,15390.430400000
percpu_array,array_update,control,4,20000,17271680,863.584000000
percpu_array,array_update,real-minus-control,4,20000,0,14.526846400
hash,hash_lookup,real,4,20000,533745664,26687.283200000
hash,hash_lookup,control,4,20000,23814048,1190.702400000
hash,hash_lookup,real-minus-control,4,20000,0,25.496580800
hash,hash_update,real,4,20000,1825828256,91291.412800000
hash,hash_update,control,4,20000,17641920,882.096000000
hash,hash_update,real-minus-control,4,20000,0,90.409316800
percpu_hash,hash_lookup,real,4,20000,559260768,27963.038400000
percpu_hash,hash_lookup,control,4,20000,23749632,1187.481600000
percpu_hash,hash_lookup,real-minus-control,4,20000,0,26.775556800
percpu_hash,hash_update,real,4,20000,1337008896,66850.444800000
percpu_hash,hash_update,control,4,20000,19011328,950.566400000
percpu_hash,hash_update,real-minus-control,4,20000,0,65.899878400
array,array_lookup,control,5,20000,23780672,1189.033600000
array,array_lookup,real,5,20000,52845696,2642.284800000
array,array_lookup,real-minus-control,5,20000,0,1.453251200
array,array_update,control,5,20000,30596096,1529.804800000
array,array_update,real,5,20000,237745568,11887.278400000
array,array_update,real-minus-control,5,20000,0,10.357473600
percpu_array,array_lookup,control,5,20000,24557216,1227.860800000
percpu_array,array_lookup,real,5,20000,64730848,3236.542400000
percpu_array,array_lookup,real-minus-control,5,20000,0,2.008681600
percpu_array,array_update,control,5,20000,17287264,864.363200000
percpu_array,array_update,real,5,20000,308076000,15403.800000000
percpu_array,array_update,real-minus-control,5,20000,0,14.539436800
hash,hash_lookup,control,5,20000,23794720,1189.736000000
hash,hash_lookup,real,5,20000,532831200,26641.560000000
hash,hash_lookup,real-minus-control,5,20000,0,25.451824000
hash,hash_update,control,5,20000,17651424,882.571200000
hash,hash_update,real,5,20000,1827400768,91370.038400000
hash,hash_update,real-minus-control,5,20000,0,90.487467200
percpu_hash,hash_lookup,control,5,20000,23761824,1188.091200000
percpu_hash,hash_lookup,real,5,20000,560420064,28021.003200000
percpu_hash,hash_lookup,real-minus-control,5,20000,0,26.832912000
percpu_hash,hash_update,control,5,20000,19017984,950.899200000
percpu_hash,hash_update,real,5,20000,1336731872,66836.593600000
percpu_hash,hash_update,real-minus-control,5,20000,0,65.885694400
array,array_lookup,real,6,20000,52881280,2644.064000000
array,array_lookup,control,6,20000,23796032,1189.801600000
array,array_lookup,real-minus-control,6,20000,0,1.454262400
array,array_update,real,6,20000,241143232,12057.161600000
array,array_update,control,6,20000,18745984,937.299200000
array,array_update,real-minus-control,6,20000,0,11.119862400
percpu_array,array_lookup,real,6,20000,64816672,3240.833600000
percpu_array,array_lookup,control,6,20000,24519200,1225.960000000
percpu_array,array_lookup,real-minus-control,6,20000,0,2.014873600
percpu_array,array_update,real,6,20000,307782368,15389.118400000
percpu_array,array_update,control,6,20000,17277472,863.873600000
percpu_array,array_update,real-minus-control,6,20000,0,14.525244800
hash,hash_lookup,real,6,20000,533662080,26683.104000000
hash,hash_lookup,control,6,20000,23778176,1188.908800000
hash,hash_lookup,real-minus-control,6,20000,0,25.494195200
hash,hash_update,real,6,20000,1825583520,91279.176000000
hash,hash_update,control,6,20000,17639136,881.956800000
hash,hash_update,real-minus-control,6,20000,0,90.397219200
percpu_hash,hash_lookup,real,6,20000,560341664,28017.083200000
percpu_hash,hash_lookup,control,6,20000,23743936,1187.196800000
percpu_hash,hash_lookup,real-minus-control,6,20000,0,26.829886400
percpu_hash,hash_update,real,6,20000,1337644928,66882.246400000
percpu_hash,hash_update,control,6,20000,19034112,951.705600000
percpu_hash,hash_update,real-minus-control,6,20000,0,65.930540800
array,array_lookup,control,7,20000,23807392,1190.369600000
array,array_lookup,real,7,20000,52838336,2641.916800000
array,array_lookup,real-minus-control,7,20000,0,1.451547200
array,array_update,control,7,20000,18761120,938.056000000
array,array_update,real,7,20000,250357920,12517.896000000
array,array_update,real-minus-control,7,20000,0,11.579840000
percpu_array,array_lookup,control,7,20000,24518688,1225.934400000
percpu_array,array_lookup,real,7,20000,64777600,3238.880000000
percpu_array,array_lookup,real-minus-control,7,20000,0,2.012945600
percpu_array,array_update,control,7,20000,17279264,863.963200000
percpu_array,array_update,real,7,20000,308084704,15404.235200000
percpu_array,array_update,real-minus-control,7,20000,0,14.540272000
hash,hash_lookup,control,7,20000,23801600,1190.080000000
hash,hash_lookup,real,7,20000,535117344,26755.867200000
hash,hash_lookup,real-minus-control,7,20000,0,25.565787200
hash,hash_update,control,7,20000,17656032,882.801600000
hash,hash_update,real,7,20000,1827019616,91350.980800000
hash,hash_update,real-minus-control,7,20000,0,90.468179200
percpu_hash,hash_lookup,control,7,20000,23743488,1187.174400000
percpu_hash,hash_lookup,real,7,20000,560733536,28036.676800000
percpu_hash,hash_lookup,real-minus-control,7,20000,0,26.849502400
percpu_hash,hash_update,control,7,20000,18968800,948.440000000
percpu_hash,hash_update,real,7,20000,1336236000,66811.800000000
percpu_hash,hash_update,real-minus-control,7,20000,0,65.863360000
array,array_lookup,real,8,20000,52839392,2641.969600000
array,array_lookup,control,8,20000,23771744,1188.587200000
array,array_lookup,real-minus-control,8,20000,0,1.453382400
array,array_update,real,8,20000,237740128,11887.006400000
array,array_update,control,8,20000,18740576,937.028800000
array,array_update,real-minus-control,8,20000,0,10.949977600
percpu_array,array_lookup,real,8,20000,64781024,3239.051200000
percpu_array,array_lookup,control,8,20000,36362816,1818.140800000
percpu_array,array_lookup,real-minus-control,8,20000,0,1.420910400
percpu_array,array_update,real,8,20000,307793248,15389.662400000
percpu_array,array_update,control,8,20000,17272736,863.636800000
percpu_array,array_update,real-minus-control,8,20000,0,14.526025600
hash,hash_lookup,real,8,20000,529545344,26477.267200000
hash,hash_lookup,control,8,20000,23765728,1188.286400000
hash,hash_lookup,real-minus-control,8,20000,0,25.288980800
hash,hash_update,real,8,20000,1826757920,91337.896000000
hash,hash_update,control,8,20000,17638688,881.934400000
hash,hash_update,real-minus-control,8,20000,0,90.455961600
percpu_hash,hash_lookup,real,8,20000,560348192,28017.409600000
percpu_hash,hash_lookup,control,8,20000,23766528,1188.326400000
percpu_hash,hash_lookup,real-minus-control,8,20000,0,26.829083200
percpu_hash,hash_update,real,8,20000,1336865056,66843.252800000
percpu_hash,hash_update,control,8,20000,19000416,950.020800000
percpu_hash,hash_update,real-minus-control,8,20000,0,65.893232000
array,array_lookup,control,9,20000,23790816,1189.540800000
array,array_lookup,real,9,20000,52821600,2641.080000000
array,array_lookup,real-minus-control,9,20000,0,1.451539200
array,array_update,control,9,20000,18731968,936.598400000
array,array_update,real,9,20000,237738688,11886.934400000
array,array_update,real-minus-control,9,20000,0,10.950336000
percpu_array,array_lookup,control,9,20000,36415296,1820.764800000
percpu_array,array_lookup,real,9,20000,64806432,3240.321600000
percpu_array,array_lookup,real-minus-control,9,20000,0,1.419556800
percpu_array,array_update,control,9,20000,17306048,865.302400000
percpu_array,array_update,real,9,20000,307998304,15399.915200000
percpu_array,array_update,real-minus-control,9,20000,0,14.534612800
hash,hash_lookup,control,9,20000,23803872,1190.193600000
hash,hash_lookup,real,9,20000,531421728,26571.086400000
hash,hash_lookup,real-minus-control,9,20000,0,25.380892800
hash,hash_update,control,9,20000,17680768,884.038400000
hash,hash_update,real,9,20000,1825334208,91266.710400000
hash,hash_update,real-minus-control,9,20000,0,90.382672000
percpu_hash,hash_lookup,control,9,20000,23768544,1188.427200000
percpu_hash,hash_lookup,real,9,20000,558253408,27912.670400000
percpu_hash,hash_lookup,real-minus-control,9,20000,0,26.724243200
percpu_hash,hash_update,control,9,20000,19015552,950.777600000
percpu_hash,hash_update,real,9,20000,1336526624,66826.331200000
percpu_hash,hash_update,real-minus-control,9,20000,0,65.875553600
array,array_lookup,real,10,20000,52857792,2642.889600000
array,array_lookup,control,10,20000,23765760,1188.288000000
array,array_lookup,real-minus-control,10,20000,0,1.454601600
array,array_update,real,10,20000,237731392,11886.569600000
array,array_update,control,10,20000,18747168,937.358400000
array,array_update,real-minus-control,10,20000,0,10.949211200
percpu_array,array_lookup,real,10,20000,76684544,3834.227200000
percpu_array,array_lookup,control,10,20000,24537376,1226.868800000
percpu_array,array_lookup,real-minus-control,10,20000,0,2.607358400
percpu_array,array_update,real,10,20000,307720320,15386.016000000
percpu_array,array_update,control,10,20000,17294944,864.747200000
percpu_array,array_update,real-minus-control,10,20000,0,14.521268800
hash,hash_lookup,real,10,20000,532185920,26609.296000000
hash,hash_lookup,control,10,20000,23789984,1189.499200000
hash,hash_lookup,real-minus-control,10,20000,0,25.419796800
hash,hash_update,real,10,20000,1827715872,91385.793600000
hash,hash_update,control,10,20000,17625728,881.286400000
hash,hash_update,real-minus-control,10,20000,0,90.504507200
percpu_hash,hash_lookup,real,10,20000,559037504,27951.875200000
percpu_hash,hash_lookup,control,10,20000,23770560,1188.528000000
percpu_hash,hash_lookup,real-minus-control,10,20000,0,26.763347200
percpu_hash,hash_update,real,10,20000,1337429984,66871.499200000
percpu_hash,hash_update,control,10,20000,18981376,949.068800000
percpu_hash,hash_update,real-minus-control,10,20000,0,65.922430400
array,array_lookup,control,11,20000,23791136,1189.556800000
array,array_lookup,real,11,20000,52840640,2642.032000000
array,array_lookup,real-minus-control,11,20000,0,1.452475200
array,array_update,control,11,20000,18761856,938.092800000
array,array_update,real,11,20000,237758688,11887.934400000
array,array_update,real-minus-control,11,20000,0,10.949841600
percpu_array,array_lookup,control,11,20000,24541952,1227.097600000
percpu_array,array_lookup,real,11,20000,64770400,3238.520000000
percpu_array,array_lookup,real-minus-control,11,20000,0,2.011422400
percpu_array,array_update,control,11,20000,29148000,1457.400000000
percpu_array,array_update,real,11,20000,307856512,15392.825600000
percpu_array,array_update,real-minus-control,11,20000,0,13.935425600
hash,hash_lookup,control,11,20000,23776288,1188.814400000
hash,hash_lookup,real,11,20000,531792864,26589.643200000
hash,hash_lookup,real-minus-control,11,20000,0,25.400828800
hash,hash_update,control,11,20000,17723680,886.184000000
hash,hash_update,real,11,20000,1826465280,91323.264000000
hash,hash_update,real-minus-control,11,20000,0,90.437080000
percpu_hash,hash_lookup,control,11,20000,23763360,1188.168000000
percpu_hash,hash_lookup,real,11,20000,561828480,28091.424000000
percpu_hash,hash_lookup,real-minus-control,11,20000,0,26.903256000
percpu_hash,hash_update,control,11,20000,18999008,949.950400000
percpu_hash,hash_update,real,11,20000,1337542848,66877.142400000
percpu_hash,hash_update,real-minus-control,11,20000,0,65.927192000
array,array_lookup,real,12,20000,52822048,2641.102400000
array,array_lookup,control,12,20000,23757792,1187.889600000
array,array_lookup,real-minus-control,12,20000,0,1.453212800
array,array_update,real,12,20000,237708480,11885.424000000
array,array_update,control,12,20000,18760224,938.011200000
array,array_update,real-minus-control,12,20000,0,10.947412800
percpu_array,array_lookup,real,12,20000,64791840,3239.592000000
percpu_array,array_lookup,control,12,20000,24541216,1227.060800000
percpu_array,array_lookup,real-minus-control,12,20000,0,2.012531200
percpu_array,array_update,real,12,20000,307904736,15395.236800000
percpu_array,array_update,control,12,20000,29185632,1459.281600000
percpu_array,array_update,real-minus-control,12,20000,0,13.935955200
hash,hash_lookup,real,12,20000,534007712,26700.385600000
hash,hash_lookup,control,12,20000,23777536,1188.876800000
hash,hash_lookup,real-minus-control,12,20000,0,25.511508800
hash,hash_update,real,12,20000,1826377312,91318.865600000
hash,hash_update,control,12,20000,17660064,883.003200000
hash,hash_update,real-minus-control,12,20000,0,90.435862400
percpu_hash,hash_lookup,real,12,20000,558576992,27928.849600000
percpu_hash,hash_lookup,control,12,20000,23742912,1187.145600000
percpu_hash,hash_lookup,real-minus-control,12,20000,0,26.741704000
percpu_hash,hash_update,real,12,20000,1337866080,66893.304000000
percpu_hash,hash_update,control,12,20000,18995072,949.753600000
percpu_hash,hash_update,real-minus-control,12,20000,0,65.943550400
array,array_lookup,control,13,20000,23784000,1189.200000000
array,array_lookup,real,13,20000,52888576,2644.428800000
array,array_lookup,real-minus-control,13,20000,0,1.455228800
array,array_update,control,13,20000,18764576,938.228800000
array,array_update,real,13,20000,237724576,11886.228800000
array,array_update,real-minus-control,13,20000,0,10.948000000
percpu_array,array_lookup,control,13,20000,24555776,1227.788800000
percpu_array,array_lookup,real,13,20000,64771104,3238.555200000
percpu_array,array_lookup,real-minus-control,13,20000,0,2.010766400
percpu_array,array_update,control,13,20000,17274464,863.723200000
percpu_array,array_update,real,13,20000,320846976,16042.348800000
percpu_array,array_update,real-minus-control,13,20000,0,15.178625600
hash,hash_lookup,control,13,20000,23764832,1188.241600000
hash,hash_lookup,real,13,20000,532274816,26613.740800000
hash,hash_lookup,real-minus-control,13,20000,0,25.425499200
hash,hash_update,control,13,20000,17650432,882.521600000
hash,hash_update,real,13,20000,1827087872,91354.393600000
hash,hash_update,real-minus-control,13,20000,0,90.471872000
percpu_hash,hash_lookup,control,13,20000,23765120,1188.256000000
percpu_hash,hash_lookup,real,13,20000,560668800,28033.440000000
percpu_hash,hash_lookup,real-minus-control,13,20000,0,26.845184000
percpu_hash,hash_update,control,13,20000,18993120,949.656000000
percpu_hash,hash_update,real,13,20000,1336974944,66848.747200000
percpu_hash,hash_update,real-minus-control,13,20000,0,65.899091200
array,array_lookup,real,14,20000,52839552,2641.977600000
array,array_lookup,control,14,20000,23777952,1188.897600000
array,array_lookup,real-minus-control,14,20000,0,1.453080000
array,array_update,real,14,20000,237808992,11890.449600000
array,array_update,control,14,20000,18741152,937.057600000
array,array_update,real-minus-control,14,20000,0,10.953392000
percpu_array,array_lookup,real,14,20000,64827008,3241.350400000
percpu_array,array_lookup,control,14,20000,24569856,1228.492800000
percpu_array,array_lookup,real-minus-control,14,20000,0,2.012857600
percpu_array,array_update,real,14,20000,307791616,15389.580800000
percpu_array,array_update,control,14,20000,17297408,864.870400000
percpu_array,array_update,real-minus-control,14,20000,0,14.524710400
hash,hash_lookup,real,14,20000,534143392,26707.169600000
hash,hash_lookup,control,14,20000,35888128,1794.406400000
hash,hash_lookup,real-minus-control,14,20000,0,24.912763200
hash,hash_update,real,14,20000,1826558720,91327.936000000
hash,hash_update,control,14,20000,17663872,883.193600000
hash,hash_update,real-minus-control,14,20000,0,90.444742400
percpu_hash,hash_lookup,real,14,20000,559503872,27975.193600000
percpu_hash,hash_lookup,control,14,20000,23779392,1188.969600000
percpu_hash,hash_lookup,real-minus-control,14,20000,0,26.786224000
percpu_hash,hash_update,real,14,20000,1336313728,66815.686400000
percpu_hash,hash_update,control,14,20000,19013504,950.675200000
percpu_hash,hash_update,real-minus-control,14,20000,0,65.865011200
array,array_lookup,control,15,20000,23761408,1188.070400000
array,array_lookup,real,15,20000,52879552,2643.977600000
array,array_lookup,real-minus-control,15,20000,0,1.455907200
array,array_update,control,15,20000,18753568,937.678400000
array,array_update,real,15,20000,237769664,11888.483200000
array,array_update,real-minus-control,15,20000,0,10.950804800
percpu_array,array_lookup,control,15,20000,24534368,1226.718400000
percpu_array,array_lookup,real,15,20000,64830624,3241.531200000
percpu_array,array_lookup,real-minus-control,15,20000,0,2.014812800
percpu_array,array_update,control,15,20000,17284064,864.203200000
percpu_array,array_update,real,15,20000,308017120,15400.856000000
percpu_array,array_update,real-minus-control,15,20000,0,14.536652800
hash,hash_lookup,control,15,20000,35907584,1795.379200000
hash,hash_lookup,real,15,20000,534213376,26710.668800000
hash,hash_lookup,real-minus-control,15,20000,0,24.915289600
hash,hash_update,control,15,20000,17657696,882.884800000
hash,hash_update,real,15,20000,1826915200,91345.760000000
hash,hash_update,real-minus-control,15,20000,0,90.462875200
percpu_hash,hash_lookup,control,15,20000,23754976,1187.748800000
percpu_hash,hash_lookup,real,15,20000,562333344,28116.667200000
percpu_hash,hash_lookup,real-minus-control,15,20000,0,26.928918400
percpu_hash,hash_update,control,15,20000,19004736,950.236800000
percpu_hash,hash_update,real,15,20000,1338043264,66902.163200000
percpu_hash,hash_update,real-minus-control,15,20000,0,65.951926400
array,array_lookup,real,16,20000,52835008,2641.750400000
array,array_lookup,control,16,20000,23782528,1189.126400000
array,array_lookup,real-minus-control,16,20000,0,1.452624000
array,array_update,real,16,20000,237789120,11889.456000000
array,array_update,control,16,20000,18747712,937.385600000
array,array_update,real-minus-control,16,20000,0,10.952070400
percpu_array,array_lookup,real,16,20000,64823136,3241.156800000
percpu_array,array_lookup,control,16,20000,24516736,1225.836800000
percpu_array,array_lookup,real-minus-control,16,20000,0,2.015320000
percpu_array,array_update,real,16,20000,307700864,15385.043200000
percpu_array,array_update,control,16,20000,17272960,863.648000000
percpu_array,array_update,real-minus-control,16,20000,0,14.521395200
hash,hash_lookup,real,16,20000,547210336,27360.516800000
hash,hash_lookup,control,16,20000,23767936,1188.396800000
hash,hash_lookup,real-minus-control,16,20000,0,26.172120000
hash,hash_update,real,16,20000,1827000736,91350.036800000
hash,hash_update,control,16,20000,17666592,883.329600000
hash,hash_update,real-minus-control,16,20000,0,90.466707200
percpu_hash,hash_lookup,real,16,20000,561173952,28058.697600000
percpu_hash,hash_lookup,control,16,20000,23761088,1188.054400000
percpu_hash,hash_lookup,real-minus-control,16,20000,0,26.870643200
percpu_hash,hash_update,real,16,20000,1336946848,66847.342400000
percpu_hash,hash_update,control,16,20000,19085376,954.268800000
percpu_hash,hash_update,real-minus-control,16,20000,0,65.893073600
array,array_lookup,control,17,20000,23788128,1189.406400000
array,array_lookup,real,17,20000,52854048,2642.702400000
array,array_lookup,real-minus-control,17,20000,0,1.453296000
array,array_update,control,17,20000,18742304,937.115200000
array,array_update,real,17,20000,237724320,11886.216000000
array,array_update,real-minus-control,17,20000,0,10.949100800
percpu_array,array_lookup,control,17,20000,24532288,1226.614400000
percpu_array,array_lookup,real,17,20000,64760352,3238.017600000
percpu_array,array_lookup,real-minus-control,17,20000,0,2.011403200
percpu_array,array_update,control,17,20000,17271456,863.572800000
percpu_array,array_update,real,17,20000,307947712,15397.385600000
percpu_array,array_update,real-minus-control,17,20000,0,14.533812800
hash,hash_lookup,control,17,20000,23789824,1189.491200000
hash,hash_lookup,real,17,20000,546901984,27345.099200000
hash,hash_lookup,real-minus-control,17,20000,0,26.155608000
hash,hash_update,control,17,20000,17655712,882.785600000
hash,hash_update,real,17,20000,1831277888,91563.894400000
hash,hash_update,real-minus-control,17,20000,0,90.681108800
percpu_hash,hash_lookup,control,17,20000,23754592,1187.729600000
percpu_hash,hash_lookup,real,17,20000,561561312,28078.065600000
percpu_hash,hash_lookup,real-minus-control,17,20000,0,26.890336000
percpu_hash,hash_update,control,17,20000,18998624,949.931200000
percpu_hash,hash_update,real,17,20000,1336855168,66842.758400000
percpu_hash,hash_update,real-minus-control,17,20000,0,65.892827200
array,array_lookup,real,18,20000,52820928,2641.046400000
array,array_lookup,control,18,20000,23773632,1188.681600000
array,array_lookup,real-minus-control,18,20000,0,1.452364800
array,array_update,real,18,20000,237765952,11888.297600000
array,array_update,control,18,20000,18739264,936.963200000
array,array_update,real-minus-control,18,20000,0,10.951334400
percpu_array,array_lookup,real,18,20000,64820800,3241.040000000
percpu_array,array_lookup,control,18,20000,24514080,1225.704000000
percpu_array,array_lookup,real-minus-control,18,20000,0,2.015336000
percpu_array,array_update,real,18,20000,307905088,15395.254400000
percpu_array,array_update,control,18,20000,17284896,864.244800000
percpu_array,array_update,real-minus-control,18,20000,0,14.531009600
hash,hash_lookup,real,18,20000,530352832,26517.641600000
hash,hash_lookup,control,18,20000,23810560,1190.528000000
hash,hash_lookup,real-minus-control,18,20000,0,25.327113600
hash,hash_update,real,18,20000,1826268256,91313.412800000
hash,hash_update,control,18,20000,32662528,1633.126400000
hash,hash_update,real-minus-control,18,20000,0,89.680286400
percpu_hash,hash_lookup,real,18,20000,560744544,28037.227200000
percpu_hash,hash_lookup,control,18,20000,23776192,1188.809600000
percpu_hash,hash_lookup,real-minus-control,18,20000,0,26.848417600
percpu_hash,hash_update,real,18,20000,1338704736,66935.236800000
percpu_hash,hash_update,control,18,20000,19047584,952.379200000
percpu_hash,hash_update,real-minus-control,18,20000,0,65.982857600
array,array_lookup,control,19,20000,23780800,1189.040000000
array,array_lookup,real,19,20000,52835296,2641.764800000
array,array_lookup,real-minus-control,19,20000,0,1.452724800
array,array_update,control,19,20000,18743552,937.177600000
array,array_update,real,19,20000,237834496,11891.724800000
array,array_update,real-minus-control,19,20000,0,10.954547200
percpu_array,array_lookup,control,19,20000,24527712,1226.385600000
percpu_array,array_lookup,real,19,20000,64844928,3242.246400000
percpu_array,array_lookup,real-minus-control,19,20000,0,2.015860800
percpu_array,array_update,control,19,20000,17305664,865.283200000
percpu_array,array_update,real,19,20000,308004768,15400.238400000
percpu_array,array_update,real-minus-control,19,20000,0,14.534955200
hash,hash_lookup,control,19,20000,23822304,1191.115200000
hash,hash_lookup,real,19,20000,535296256,26764.812800000
hash,hash_lookup,real-minus-control,19,20000,0,25.573697600
hash,hash_update,control,19,20000,17672928,883.646400000
hash,hash_update,real,19,20000,1842183648,92109.182400000
hash,hash_update,real-minus-control,19,20000,0,91.225536000
percpu_hash,hash_lookup,control,19,20000,23752928,1187.646400000
percpu_hash,hash_lookup,real,19,20000,559138432,27956.921600000
percpu_hash,hash_lookup,real-minus-control,19,20000,0,26.769275200
percpu_hash,hash_update,control,19,20000,19005280,950.264000000
percpu_hash,hash_update,real,19,20000,1336371264,66818.563200000
percpu_hash,hash_update,real-minus-control,19,20000,0,65.868299200
array,array_lookup,real,20,20000,52859040,2642.952000000
array,array_lookup,control,20,20000,23773856,1188.692800000
array,array_lookup,real-minus-control,20,20000,0,1.454259200
array,array_update,real,20,20000,237713984,11885.699200000
array,array_update,control,20,20000,18723072,936.153600000
array,array_update,real-minus-control,20,20000,0,10.949545600
percpu_array,array_lookup,real,20,20000,64737920,3236.896000000
percpu_array,array_lookup,control,20,20000,24519008,1225.950400000
percpu_array,array_lookup,real-minus-control,20,20000,0,2.010945600
percpu_array,array_update,real,20,20000,307931648,15396.582400000
percpu_array,array_update,control,20,20000,17269792,863.489600000
percpu_array,array_update,real-minus-control,20,20000,0,14.533092800
hash,hash_lookup,real,20,20000,532973024,26648.651200000
hash,hash_lookup,control,20,20000,23800704,1190.035200000
hash,hash_lookup,real-minus-control,20,20000,0,25.458616000
hash,hash_update,real,20,20000,1839138400,91956.920000000
hash,hash_update,control,20,20000,17717120,885.856000000
hash,hash_update,real-minus-control,20,20000,0,91.071064000
percpu_hash,hash_lookup,real,20,20000,562971552,28148.577600000
percpu_hash,hash_lookup,control,20,20000,26673120,1333.656000000
percpu_hash,hash_lookup,real-minus-control,20,20000,0,26.814921600
percpu_hash,hash_update,real,20,20000,1337751264,66887.563200000
percpu_hash,hash_update,control,20,20000,18974048,948.702400000
percpu_hash,hash_update,real-minus-control,20,20000,0,65.938860800
array,array_lookup,control,21,20000,23797696,1189.884800000
array,array_lookup,real,21,20000,52871392,2643.569600000
array,array_lookup,real-minus-control,21,20000,0,1.453684800
array,array_update,control,21,20000,18728928,936.446400000
array,array_update,real,21,20000,238461376,11923.068800000
array,array_update,real-minus-control,21,20000,0,10.986622400
percpu_array,array_lookup,control,21,20000,24511328,1225.566400000
percpu_array,array_lookup,real,21,20000,64784128,3239.206400000
percpu_array,array_lookup,real-minus-control,21,20000,0,2.013640000
percpu_array,array_update,control,21,20000,17282752,864.137600000
percpu_array,array_update,real,21,20000,307748480,15387.424000000
percpu_array,array_update,real-minus-control,21,20000,0,14.523286400
hash,hash_lookup,control,21,20000,23773408,1188.670400000
hash,hash_lookup,real,21,20000,530489824,26524.491200000
hash,hash_lookup,real-minus-control,21,20000,0,25.335820800
hash,hash_update,control,21,20000,17669760,883.488000000
hash,hash_update,real,21,20000,1826472320,91323.616000000
hash,hash_update,real-minus-control,21,20000,0,90.440128000
percpu_hash,hash_lookup,control,21,20000,35680864,1784.043200000
percpu_hash,hash_lookup,real,21,20000,559917216,27995.860800000
percpu_hash,hash_lookup,real-minus-control,21,20000,0,26.211817600
percpu_hash,hash_update,control,21,20000,19009984,950.499200000
percpu_hash,hash_update,real,21,20000,1336084960,66804.248000000
percpu_hash,hash_update,real-minus-control,21,20000,0,65.853748800
array,array_lookup,real,22,20000,52856608,2642.830400000
array,array_lookup,control,22,20000,23795872,1189.793600000
array,array_lookup,real-minus-control,22,20000,0,1.453036800
array,array_update,real,22,20000,237731008,11886.550400000
array,array_update,control,22,20000,18759328,937.966400000
array,array_update,real-minus-control,22,20000,0,10.948584000
percpu_array,array_lookup,real,22,20000,64801088,3240.054400000
percpu_array,array_lookup,control,22,20000,24558944,1227.947200000
percpu_array,array_lookup,real-minus-control,22,20000,0,2.012107200
percpu_array,array_update,real,22,20000,307653824,15382.691200000
percpu_array,array_update,control,22,20000,17275456,863.772800000
percpu_array,array_update,real-minus-control,22,20000,0,14.518918400
hash,hash_lookup,real,22,20000,536508000,26825.400000000
hash,hash_lookup,control,22,20000,23794464,1189.723200000
hash,hash_lookup,real-minus-control,22,20000,0,25.635676800
hash,hash_update,real,22,20000,1827438464,91371.923200000
hash,hash_update,control,22,20000,17686848,884.342400000
hash,hash_update,real-minus-control,22,20000,0,90.487580800
percpu_hash,hash_lookup,real,22,20000,575873952,28793.697600000
percpu_hash,hash_lookup,control,22,20000,23740160,1187.008000000
percpu_hash,hash_lookup,real-minus-control,22,20000,0,27.606689600
percpu_hash,hash_update,real,22,20000,1336965600,66848.280000000
percpu_hash,hash_update,control,22,20000,19054272,952.713600000
percpu_hash,hash_update,real-minus-control,22,20000,0,65.895566400
array,array_lookup,control,23,20000,23791488,1189.574400000
array,array_lookup,real,23,20000,52846592,2642.329600000
array,array_lookup,real-minus-control,23,20000,0,1.452755200
array,array_update,control,23,20000,18759200,937.960000000
array,array_update,real,23,20000,237739008,11886.950400000
array,array_update,real-minus-control,23,20000,0,10.948990400
percpu_array,array_lookup,control,23,20000,24509344,1225.467200000
percpu_array,array_lookup,real,23,20000,64742880,3237.144000000
percpu_array,array_lookup,real-minus-control,23,20000,0,2.011676800
percpu_array,array_update,control,23,20000,17278208,863.910400000
percpu_array,array_update,real,23,20000,307769024,15388.451200000
percpu_array,array_update,real-minus-control,23,20000,0,14.524540800
hash,hash_lookup,control,23,20000,23813344,1190.667200000
hash,hash_lookup,real,23,20000,533167456,26658.372800000
hash,hash_lookup,real-minus-control,23,20000,0,25.467705600
hash,hash_update,control,23,20000,17626528,881.326400000
hash,hash_update,real,23,20000,1826178272,91308.913600000
hash,hash_update,real-minus-control,23,20000,0,90.427587200
percpu_hash,hash_lookup,control,23,20000,23767456,1188.372800000
percpu_hash,hash_lookup,real,23,20000,574201568,28710.078400000
percpu_hash,hash_lookup,real-minus-control,23,20000,0,27.521705600
percpu_hash,hash_update,control,23,20000,19039776,951.988800000
percpu_hash,hash_update,real,23,20000,1337668800,66883.440000000
percpu_hash,hash_update,real-minus-control,23,20000,0,65.931451200
array,array_lookup,real,24,20000,52906784,2645.339200000
array,array_lookup,control,24,20000,23813888,1190.694400000
array,array_lookup,real-minus-control,24,20000,0,1.454644800
array,array_update,real,24,20000,237771168,11888.558400000
array,array_update,control,24,20000,18736832,936.841600000
array,array_update,real-minus-control,24,20000,0,10.951716800
percpu_array,array_lookup,real,24,20000,64801728,3240.086400000
percpu_array,array_lookup,control,24,20000,24508864,1225.443200000
percpu_array,array_lookup,real-minus-control,24,20000,0,2.014643200
percpu_array,array_update,real,24,20000,307667296,15383.364800000
percpu_array,array_update,control,24,20000,17267072,863.353600000
percpu_array,array_update,real-minus-control,24,20000,0,14.520011200
hash,hash_lookup,real,24,20000,531138880,26556.944000000
hash,hash_lookup,control,24,20000,23798336,1189.916800000
hash,hash_lookup,real-minus-control,24,20000,0,25.367027200
hash,hash_update,real,24,20000,1825714048,91285.702400000
hash,hash_update,control,24,20000,17662336,883.116800000
hash,hash_update,real-minus-control,24,20000,0,90.402585600
percpu_hash,hash_lookup,real,24,20000,560640544,28032.027200000
percpu_hash,hash_lookup,control,24,20000,23748128,1187.406400000
percpu_hash,hash_lookup,real-minus-control,24,20000,0,26.844620800
percpu_hash,hash_update,real,24,20000,1337742304,66887.115200000
percpu_hash,hash_update,control,24,20000,31512320,1575.616000000
percpu_hash,hash_update,real-minus-control,24,20000,0,65.311499200
array,array_lookup,control,25,20000,23782464,1189.123200000
array,array_lookup,real,25,20000,52825344,2641.267200000
array,array_lookup,real-minus-control,25,20000,0,1.452144000
array,array_update,control,25,20000,18740608,937.030400000
array,array_update,real,25,20000,237732224,11886.611200000
array,array_update,real-minus-control,25,20000,0,10.949580800
percpu_array,array_lookup,control,25,20000,24515456,1225.772800000
percpu_array,array_lookup,real,25,20000,64558080,3227.904000000
percpu_array,array_lookup,real-minus-control,25,20000,0,2.002131200
percpu_array,array_update,control,25,20000,17279136,863.956800000
percpu_array,array_update,real,25,20000,307950688,15397.534400000
percpu_array,array_update,real-minus-control,25,20000,0,14.533577600
hash,hash_lookup,control,25,20000,23783392,1189.169600000
hash,hash_lookup,real,25,20000,532657728,26632.886400000
hash,hash_lookup,real-minus-control,25,20000,0,25.443716800
hash,hash_update,control,25,20000,17640352,882.017600000
hash,hash_update,real,25,20000,1826683200,91334.160000000
hash,hash_update,real-minus-control,25,20000,0,90.452142400
percpu_hash,hash_lookup,control,25,20000,23805664,1190.283200000
percpu_hash,hash_lookup,real,25,20000,560951424,28047.571200000
percpu_hash,hash_lookup,real-minus-control,25,20000,0,26.857288000
percpu_hash,hash_update,control,25,20000,19026912,951.345600000
percpu_hash,hash_update,real,25,20000,1348476416,67423.820800000
percpu_hash,hash_update,real-minus-control,25,20000,0,66.472475200
array,array_lookup,real,26,20000,52834752,2641.737600000
array,array_lookup,control,26,20000,23774720,1188.736000000
array,array_lookup,real-minus-control,26,20000,0,1.453001600
array,array_update,real,26,20000,237742016,11887.100800000
array,array_update,control,26,20000,18733216,936.660800000
array,array_update,real-minus-control,26,20000,0,10.950440000
percpu_array,array_lookup,real,26,20000,64765696,3238.284800000
percpu_array,array_lookup,control,26,20000,24544768,1227.238400000
percpu_array,array_lookup,real-minus-control,26,20000,0,2.011046400
percpu_array,array_update,real,26,20000,307805632,15390.281600000
percpu_array,array_update,control,26,20000,17293376,864.668800000
percpu_array,array_update,real-minus-control,26,20000,0,14.525612800
hash,hash_lookup,real,26,20000,530152608,26507.630400000
hash,hash_lookup,control,26,20000,23789248,1189.462400000
hash,hash_lookup,real-minus-control,26,20000,0,25.318168000
hash,hash_update,real,26,20000,1826143872,91307.193600000
hash,hash_update,control,26,20000,17653376,882.668800000
hash,hash_update,real-minus-control,26,20000,0,90.424524800
percpu_hash,hash_lookup,real,26,20000,561025664,28051.283200000
percpu_hash,hash_lookup,control,26,20000,23764352,1188.217600000
percpu_hash,hash_lookup,real-minus-control,26,20000,0,26.863065600
percpu_hash,hash_update,real,26,20000,1348761600,67438.080000000
percpu_hash,hash_update,control,26,20000,19030368,951.518400000
percpu_hash,hash_update,real-minus-control,26,20000,0,66.486561600
array,array_lookup,control,27,20000,23794720,1189.736000000
array,array_lookup,real,27,20000,52841760,2642.088000000
array,array_lookup,real-minus-control,27,20000,0,1.452352000
array,array_update,control,27,20000,18783296,939.164800000
array,array_update,real,27,20000,237742304,11887.115200000
array,array_update,real-minus-control,27,20000,0,10.947950400
percpu_array,array_lookup,control,27,20000,24626464,1231.323200000
percpu_array,array_lookup,real,27,20000,64794176,3239.708800000
percpu_array,array_lookup,real-minus-control,27,20000,0,2.008385600
percpu_array,array_update,control,27,20000,17276096,863.804800000
percpu_array,array_update,real,27,20000,307727904,15386.395200000
percpu_array,array_update,real-minus-control,27,20000,0,14.522590400
hash,hash_lookup,control,27,20000,23804320,1190.216000000
hash,hash_lookup,real,27,20000,535781344,26789.067200000
hash,hash_lookup,real-minus-control,27,20000,0,25.598851200
hash,hash_update,control,27,20000,17672384,883.619200000
hash,hash_update,real,27,20000,1826169824,91308.491200000
hash,hash_update,real-minus-control,27,20000,0,90.424872000
percpu_hash,hash_lookup,control,27,20000,23790656,1189.532800000
percpu_hash,hash_lookup,real,27,20000,560548576,28027.428800000
percpu_hash,hash_lookup,real-minus-control,27,20000,0,26.837896000
percpu_hash,hash_update,control,27,20000,18973888,948.694400000
percpu_hash,hash_update,real,27,20000,1336960448,66848.022400000
percpu_hash,hash_update,real-minus-control,27,20000,0,65.899328000
array,array_lookup,real,28,20000,52847008,2642.350400000
array,array_lookup,control,28,20000,23774528,1188.726400000
array,array_lookup,real-minus-control,28,20000,0,1.453624000
array,array_update,real,28,20000,237703264,11885.163200000
array,array_update,control,28,20000,18759008,937.950400000
array,array_update,real-minus-control,28,20000,0,10.947212800
percpu_array,array_lookup,real,28,20000,64547680,3227.384000000
percpu_array,array_lookup,control,28,20000,24521696,1226.084800000
percpu_array,array_lookup,real-minus-control,28,20000,0,2.001299200
percpu_array,array_update,real,28,20000,307560320,15378.016000000
percpu_array,array_update,control,28,20000,17301248,865.062400000
percpu_array,array_update,real-minus-control,28,20000,0,14.512953600
hash,hash_lookup,real,28,20000,533565888,26678.294400000
hash,hash_lookup,control,28,20000,23776992,1188.849600000
hash,hash_lookup,real-minus-control,28,20000,0,25.489444800
hash,hash_update,real,28,20000,1826342176,91317.108800000
hash,hash_update,control,28,20000,17622464,881.123200000
hash,hash_update,real-minus-control,28,20000,0,90.435985600
percpu_hash,hash_lookup,real,28,20000,559691584,27984.579200000
percpu_hash,hash_lookup,control,28,20000,23756128,1187.806400000
percpu_hash,hash_lookup,real-minus-control,28,20000,0,26.796772800
percpu_hash,hash_update,real,28,20000,1336943136,66847.156800000
percpu_hash,hash_update,control,28,20000,19049952,952.497600000
percpu_hash,hash_update,real-minus-control,28,20000,0,65.894659200
array,array_lookup,control,29,20000,23813376,1190.668800000
array,array_lookup,real,29,20000,52816000,2640.800000000
array,array_lookup,real-minus-control,29,20000,0,1.450131200
array,array_update,control,29,20000,18777056,938.852800000
array,array_update,real,29,20000,237724192,11886.209600000
array,array_update,real-minus-control,29,20000,0,10.947356800
percpu_array,array_lookup,control,29,20000,24539552,1226.977600000
percpu_array,array_lookup,real,29,20000,64795168,3239.758400000
percpu_array,array_lookup,real-minus-control,29,20000,0,2.012780800
percpu_array,array_update,control,29,20000,17249504,862.475200000
percpu_array,array_update,real,29,20000,307887424,15394.371200000
percpu_array,array_update,real-minus-control,29,20000,0,14.531896000
hash,hash_lookup,control,29,20000,23818944,1190.947200000
hash,hash_lookup,real,29,20000,533003008,26650.150400000
hash,hash_lookup,real-minus-control,29,20000,0,25.459203200
hash,hash_update,control,29,20000,17671968,883.598400000
hash,hash_update,real,29,20000,1825873792,91293.689600000
hash,hash_update,real-minus-control,29,20000,0,90.410091200
percpu_hash,hash_lookup,control,29,20000,23747328,1187.366400000
percpu_hash,hash_lookup,real,29,20000,561498464,28074.923200000
percpu_hash,hash_lookup,real-minus-control,29,20000,0,26.887556800
percpu_hash,hash_update,control,29,20000,19043616,952.180800000
percpu_hash,hash_update,real,29,20000,1336765056,66838.252800000
percpu_hash,hash_update,real-minus-control,29,20000,0,65.886072000
array,array_lookup,real,30,20000,52859104,2642.955200000
array,array_lookup,control,30,20000,23778688,1188.934400000
array,array_lookup,real-minus-control,30,20000,0,1.454020800
array,array_update,real,30,20000,237737344,11886.867200000
array,array_update,control,30,20000,18752736,937.636800000
array,array_update,real-minus-control,30,20000,0,10.949230400
percpu_array,array_lookup,real,30,20000,64752544,3237.627200000
percpu_array,array_lookup,control,30,20000,24532288,1226.614400000
percpu_array,array_lookup,real-minus-control,30,20000,0,2.011012800
percpu_array,array_update,real,30,20000,307823424,15391.171200000
percpu_array,array_update,control,30,20000,17297920,864.896000000
percpu_array,array_update,real-minus-control,30,20000,0,14.526275200
hash,hash_lookup,real,30,20000,533958144,26697.907200000
hash,hash_lookup,control,30,20000,23801920,1190.096000000
hash,hash_lookup,real-minus-control,30,20000,0,25.507811200
hash,hash_update,real,30,20000,1826724640,91336.232000000
hash,hash_update,control,30,20000,17638368,881.918400000
hash,hash_update,real-minus-control,30,20000,0,90.454313600
percpu_hash,hash_lookup,real,30,20000,560911936,28045.596800000
percpu_hash,hash_lookup,control,30,20000,23764736,1188.236800000
percpu_hash,hash_lookup,real-minus-control,30,20000,0,26.857360000
percpu_hash,hash_update,real,30,20000,1336284256,66814.212800000
percpu_hash,hash_update,control,30,20000,19007360,950.368000000
percpu_hash,hash_update,real-minus-control,30,20000,0,65.863844800
array,array_lookup,control,31,20000,23780864,1189.043200000
array,array_lookup,real,31,20000,52825600,2641.280000000
array,array_lookup,real-minus-control,31,20000,0,1.452236800
array,array_update,control,31,20000,18727744,936.387200000
array,array_update,real,31,20000,237761696,11888.084800000
array,array_update,real-minus-control,31,20000,0,10.951697600
percpu_array,array_lookup,control,31,20000,24518656,1225.932800000
percpu_array,array_lookup,real,31,20000,64754560,3237.728000000
percpu_array,array_lookup,real-minus-control,31,20000,0,2.011795200
percpu_array,array_update,control,31,20000,17277664,863.883200000
percpu_array,array_update,real,31,20000,307793600,15389.680000000
percpu_array,array_update,real-minus-control,31,20000,0,14.525796800
hash,hash_lookup,control,31,20000,23783392,1189.169600000
hash,hash_lookup,real,31,20000,532710048,26635.502400000
hash,hash_lookup,real-minus-control,31,20000,0,25.446332800
hash,hash_update,control,31,20000,17654720,882.736000000
hash,hash_update,real,31,20000,1825614272,91280.713600000
hash,hash_update,real-minus-control,31,20000,0,90.397977600
percpu_hash,hash_lookup,control,31,20000,23765920,1188.296000000
percpu_hash,hash_lookup,real,31,20000,559072224,27953.611200000
percpu_hash,hash_lookup,real-minus-control,31,20000,0,26.765315200
percpu_hash,hash_update,control,31,20000,19028416,951.420800000
percpu_hash,hash_update,real,31,20000,1337641664,66882.083200000
percpu_hash,hash_update,real-minus-control,31,20000,0,65.930662400
array,array_lookup,real,32,20000,52874112,2643.705600000
array,array_lookup,control,32,20000,23795648,1189.782400000
array,array_lookup,real-minus-control,32,20000,0,1.453923200
array,array_update,real,32,20000,237765216,11888.260800000
array,array_update,control,32,20000,18742944,937.147200000
array,array_update,real-minus-control,32,20000,0,10.951113600
percpu_array,array_lookup,real,32,20000,64784608,3239.230400000
percpu_array,array_lookup,control,32,20000,24542240,1227.112000000
percpu_array,array_lookup,real-minus-control,32,20000,0,2.012118400
percpu_array,array_update,real,32,20000,307632288,15381.614400000
percpu_array,array_update,control,32,20000,17307712,865.385600000
percpu_array,array_update,real-minus-control,32,20000,0,14.516228800
hash,hash_lookup,real,32,20000,533230720,26661.536000000
hash,hash_lookup,control,32,20000,23810048,1190.502400000
hash,hash_lookup,real-minus-control,32,20000,0,25.471033600
hash,hash_update,real,32,20000,1827354080,91367.704000000
hash,hash_update,control,32,20000,17633184,881.659200000
hash,hash_update,real-minus-control,32,20000,0,90.486044800
percpu_hash,hash_lookup,real,32,20000,561667872,28083.393600000
percpu_hash,hash_lookup,control,32,20000,23768192,1188.409600000
percpu_hash,hash_lookup,real-minus-control,32,20000,0,26.894984000
percpu_hash,hash_update,real,32,20000,1336726656,66836.332800000
percpu_hash,hash_update,control,32,20000,18995776,949.788800000
percpu_hash,hash_update,real-minus-control,32,20000,0,65.886544000
array,array_lookup,control,33,20000,23810784,1190.539200000
array,array_lookup,real,33,20000,52833568,2641.678400000
array,array_lookup,real-minus-control,33,20000,0,1.451139200
array,array_update,control,33,20000,18743328,937.166400000
array,array_update,real,33,20000,237768384,11888.419200000
array,array_update,real-minus-control,33,20000,0,10.951252800
percpu_array,array_lookup,control,33,20000,24552128,1227.606400000
percpu_array,array_lookup,real,33,20000,64788352,3239.417600000
percpu_array,array_lookup,real-minus-control,33,20000,0,2.011811200
percpu_array,array_update,control,33,20000,17277472,863.873600000
percpu_array,array_update,real,33,20000,307863264,15393.163200000
percpu_array,array_update,real-minus-control,33,20000,0,14.529289600
hash,hash_lookup,control,33,20000,23812160,1190.608000000
hash,hash_lookup,real,33,20000,529926016,26496.300800000
hash,hash_lookup,real-minus-control,33,20000,0,25.305692800
hash,hash_update,control,33,20000,17652192,882.609600000
hash,hash_update,real,33,20000,1825725696,91286.284800000
hash,hash_update,real-minus-control,33,20000,0,90.403675200
percpu_hash,hash_lookup,control,33,20000,23799424,1189.971200000
percpu_hash,hash_lookup,real,33,20000,561554720,28077.736000000
percpu_hash,hash_lookup,real-minus-control,33,20000,0,26.887764800
percpu_hash,hash_update,control,33,20000,19007712,950.385600000
percpu_hash,hash_update,real,33,20000,1337312608,66865.630400000
percpu_hash,hash_update,real-minus-control,33,20000,0,65.915244800
array,array_lookup,real,34,20000,52858496,2642.924800000
array,array_lookup,control,34,20000,23767808,1188.390400000
array,array_lookup,real-minus-control,34,20000,0,1.454534400
array,array_update,real,34,20000,237725376,11886.268800000
array,array_update,control,34,20000,18761824,938.091200000
array,array_update,real-minus-control,34,20000,0,10.948177600
percpu_array,array_lookup,real,34,20000,64798240,3239.912000000
percpu_array,array_lookup,control,34,20000,24545120,1227.256000000
percpu_array,array_lookup,real-minus-control,34,20000,0,2.012656000
percpu_array,array_update,real,34,20000,307699392,15384.969600000
percpu_array,array_update,control,34,20000,17288096,864.404800000
percpu_array,array_update,real-minus-control,34,20000,0,14.520564800
hash,hash_lookup,real,34,20000,530351488,26517.574400000
hash,hash_lookup,control,34,20000,23810304,1190.515200000
hash,hash_lookup,real-minus-control,34,20000,0,25.327059200
hash,hash_update,real,34,20000,1826238688,91311.934400000
hash,hash_update,control,34,20000,17647424,882.371200000
hash,hash_update,real-minus-control,34,20000,0,90.429563200
percpu_hash,hash_lookup,real,34,20000,558762816,27938.140800000
percpu_hash,hash_lookup,control,34,20000,23754432,1187.721600000
percpu_hash,hash_lookup,real-minus-control,34,20000,0,26.750419200
percpu_hash,hash_update,real,34,20000,1337687232,66884.361600000
percpu_hash,hash_update,control,34,20000,19014944,950.747200000
percpu_hash,hash_update,real-minus-control,34,20000,0,65.933614400
array,array_lookup,control,35,20000,23798752,1189.937600000
array,array_lookup,real,35,20000,52870528,2643.526400000
array,array_lookup,real-minus-control,35,20000,0,1.453588800
array,array_update,control,35,20000,18750144,937.507200000
array,array_update,real,35,20000,237829376,11891.468800000
array,array_update,real-minus-control,35,20000,0,10.953961600
percpu_array,array_lookup,control,35,20000,24540544,1227.027200000
percpu_array,array_lookup,real,35,20000,64760544,3238.027200000
percpu_array,array_lookup,real-minus-control,35,20000,0,2.011000000
percpu_array,array_update,control,35,20000,17287808,864.390400000
percpu_array,array_update,real,35,20000,308294880,15414.744000000
percpu_array,array_update,real-minus-control,35,20000,0,14.550353600
hash,hash_lookup,control,35,20000,23809024,1190.451200000
hash,hash_lookup,real,35,20000,531824416,26591.220800000
hash,hash_lookup,real-minus-control,35,20000,0,25.400769600
hash,hash_update,control,35,20000,17658816,882.940800000
hash,hash_update,real,35,20000,1826148096,91307.404800000
hash,hash_update,real-minus-control,35,20000,0,90.424464000
percpu_hash,hash_lookup,control,35,20000,23797056,1189.852800000
percpu_hash,hash_lookup,real,35,20000,557910880,27895.544000000
percpu_hash,hash_lookup,real-minus-control,35,20000,0,26.705691200
percpu_hash,hash_update,control,35,20000,19026688,951.334400000
percpu_hash,hash_update,real,35,20000,1336536512,66826.825600000
percpu_hash,hash_update,real-minus-control,35,20000,0,65.875491200
array,array_lookup,real,36,20000,52855136,2642.756800000
array,array_lookup,control,36,20000,23796000,1189.800000000
array,array_lookup,real-minus-control,36,20000,0,1.452956800
array,array_update,real,36,20000,237758688,11887.934400000
array,array_update,control,36,20000,18733920,936.696000000
array,array_update,real-minus-control,36,20000,0,10.951238400
percpu_array,array_lookup,real,36,20000,64798496,3239.924800000
percpu_array,array_lookup,control,36,20000,24525696,1226.284800000
percpu_array,array_lookup,real-minus-control,36,20000,0,2.013640000
percpu_array,array_update,real,36,20000,307733088,15386.654400000
percpu_array,array_update,control,36,20000,17293792,864.689600000
percpu_array,array_update,real-minus-control,36,20000,0,14.521964800
hash,hash_lookup,real,36,20000,530067008,26503.350400000
hash,hash_lookup,control,36,20000,23763296,1188.164800000
hash,hash_lookup,real-minus-control,36,20000,0,25.315185600
hash,hash_update,real,36,20000,1825518496,91275.924800000
hash,hash_update,control,36,20000,17634944,881.747200000
hash,hash_update,real-minus-control,36,20000,0,90.394177600
percpu_hash,hash_lookup,real,36,20000,560134016,28006.700800000
percpu_hash,hash_lookup,control,36,20000,23767968,1188.398400000
percpu_hash,hash_lookup,real-minus-control,36,20000,0,26.818302400
percpu_hash,hash_update,real,36,20000,1337349376,66867.468800000
percpu_hash,hash_update,control,36,20000,19002656,950.132800000
percpu_hash,hash_update,real-minus-control,36,20000,0,65.917336000
array,array_lookup,control,37,20000,23782720,1189.136000000
array,array_lookup,real,37,20000,52906304,2645.315200000
array,array_lookup,real-minus-control,37,20000,0,1.456179200
array,array_update,control,37,20000,18753920,937.696000000
array,array_update,real,37,20000,237884960,11894.248000000
array,array_update,real-minus-control,37,20000,0,10.956552000
percpu_array,array_lookup,control,37,20000,24529888,1226.494400000
percpu_array,array_lookup,real,37,20000,64813600,3240.680000000
percpu_array,array_lookup,real-minus-control,37,20000,0,2.014185600
percpu_array,array_update,control,37,20000,17312800,865.640000000
percpu_array,array_update,real,37,20000,307846976,15392.348800000
percpu_array,array_update,real-minus-control,37,20000,0,14.526708800
hash,hash_lookup,control,37,20000,23776032,1188.801600000
hash,hash_lookup,real,37,20000,531119136,26555.956800000
hash,hash_lookup,real-minus-control,37,20000,0,25.367155200
hash,hash_update,control,37,20000,17664480,883.224000000
hash,hash_update,real,37,20000,1826003936,91300.196800000
hash,hash_update,real-minus-control,37,20000,0,90.416972800
percpu_hash,hash_lookup,control,37,20000,23785536,1189.276800000
percpu_hash,hash_lookup,real,37,20000,559719360,27985.968000000
percpu_hash,hash_lookup,real-minus-control,37,20000,0,26.796691200
percpu_hash,hash_update,control,37,20000,19020896,951.044800000
percpu_hash,hash_update,real,37,20000,1338334112,66916.705600000
percpu_hash,hash_update,real-minus-control,37,20000,0,65.965660800
array,array_lookup,real,38,20000,52874304,2643.715200000
array,array_lookup,control,38,20000,23811904,1190.595200000
array,array_lookup,real-minus-control,38,20000,0,1.453120000
array,array_update,real,38,20000,237800288,11890.014400000
array,array_update,control,38,20000,18734688,936.734400000
array,array_update,real-minus-control,38,20000,0,10.953280000
percpu_array,array_lookup,real,38,20000,64826720,3241.336000000
percpu_array,array_lookup,control,38,20000,24527296,1226.364800000
percpu_array,array_lookup,real-minus-control,38,20000,0,2.014971200
percpu_array,array_update,real,38,20000,307845824,15392.291200000
percpu_array,array_update,control,38,20000,17292768,864.638400000
percpu_array,array_update,real-minus-control,38,20000,0,14.527652800
hash,hash_lookup,real,38,20000,532246432,26612.321600000
hash,hash_lookup,control,38,20000,23783840,1189.192000000
hash,hash_lookup,real-minus-control,38,20000,0,25.423129600
hash,hash_update,real,38,20000,1825924672,91296.233600000
hash,hash_update,control,38,20000,17639904,881.995200000
hash,hash_update,real-minus-control,38,20000,0,90.414238400
percpu_hash,hash_lookup,real,38,20000,563644864,28182.243200000
percpu_hash,hash_lookup,control,38,20000,23756736,1187.836800000
percpu_hash,hash_lookup,real-minus-control,38,20000,0,26.994406400
percpu_hash,hash_update,real,38,20000,1337156832,66857.841600000
percpu_hash,hash_update,control,38,20000,19039680,951.984000000
percpu_hash,hash_update,real-minus-control,38,20000,0,65.905857600
array,array_lookup,control,39,20000,23811488,1190.574400000
array,array_lookup,real,39,20000,52861024,2643.051200000
array,array_lookup,real-minus-control,39,20000,0,1.452476800
array,array_update,control,39,20000,18738336,936.916800000
array,array_update,real,39,20000,237751808,11887.590400000
array,array_update,real-minus-control,39,20000,0,10.950673600
percpu_array,array_lookup,control,39,20000,24539904,1226.995200000
percpu_array,array_lookup,real,39,20000,64803168,3240.158400000
percpu_array,array_lookup,real-minus-control,39,20000,0,2.013163200
percpu_array,array_update,control,39,20000,17296480,864.824000000
percpu_array,array_update,real,39,20000,307880224,15394.011200000
percpu_array,array_update,real-minus-control,39,20000,0,14.529187200
hash,hash_lookup,control,39,20000,23767072,1188.353600000
hash,hash_lookup,real,39,20000,535003360,26750.168000000
hash,hash_lookup,real-minus-control,39,20000,0,25.561814400
hash,hash_update,control,39,20000,17667072,883.353600000
hash,hash_update,real,39,20000,1826767968,91338.398400000
hash,hash_update,real-minus-control,39,20000,0,90.455044800
percpu_hash,hash_lookup,control,39,20000,23759552,1187.977600000
percpu_hash,hash_lookup,real,39,20000,561753120,28087.656000000
percpu_hash,hash_lookup,real-minus-control,39,20000,0,26.899678400
percpu_hash,hash_update,control,39,20000,19052384,952.619200000
percpu_hash,hash_update,real,39,20000,1337541056,66877.052800000
percpu_hash,hash_update,real-minus-control,39,20000,0,65.924433600
array,array_lookup,real,40,20000,52871072,2643.553600000
array,array_lookup,control,40,20000,23780064,1189.003200000
array,array_lookup,real-minus-control,40,20000,0,1.454550400
array,array_update,real,40,20000,237739264,11886.963200000
array,array_update,control,40,20000,18739840,936.992000000
array,array_update,real-minus-control,40,20000,0,10.949971200
percpu_array,array_lookup,real,40,20000,64826080,3241.304000000
percpu_array,array_lookup,control,40,20000,24517024,1225.851200000
percpu_array,array_lookup,real-minus-control,40,20000,0,2.015452800
percpu_array,array_update,real,40,20000,307784864,15389.243200000
percpu_array,array_update,control,40,20000,17294528,864.726400000
percpu_array,array_update,real-minus-control,40,20000,0,14.524516800
hash,hash_lookup,real,40,20000,530219808,26510.990400000
hash,hash_lookup,control,40,20000,23817376,1190.868800000
hash,hash_lookup,real-minus-control,40,20000,0,25.320121600
hash,hash_update,real,40,20000,1826536992,91326.849600000
hash,hash_update,control,40,20000,17641920,882.096000000
hash,hash_update,real-minus-control,40,20000,0,90.444753600
percpu_hash,hash_lookup,real,40,20000,561252512,28062.625600000
percpu_hash,hash_lookup,control,40,20000,23765184,1188.259200000
percpu_hash,hash_lookup,real-minus-control,40,20000,0,26.874366400
percpu_hash,hash_update,real,40,20000,1337057664,66852.883200000
percpu_hash,hash_update,control,40,20000,19034048,951.702400000
percpu_hash,hash_update,real-minus-control,40,20000,0,65.901180800
array,array_lookup,control,41,20000,23763648,1188.182400000
array,array_lookup,real,41,20000,52872768,2643.638400000
array,array_lookup,real-minus-control,41,20000,0,1.455456000
array,array_update,control,41,20000,18757824,937.891200000
array,array_update,real,41,20000,237736256,11886.812800000
array,array_update,real-minus-control,41,20000,0,10.948921600
percpu_array,array_lookup,control,41,20000,24535136,1226.756800000
percpu_array,array_lookup,real,41,20000,64753792,3237.689600000
percpu_array,array_lookup,real-minus-control,41,20000,0,2.010932800
percpu_array,array_update,control,41,20000,17288256,864.412800000
percpu_array,array_update,real,41,20000,307822528,15391.126400000
percpu_array,array_update,real-minus-control,41,20000,0,14.526713600
hash,hash_lookup,control,41,20000,23783424,1189.171200000
hash,hash_lookup,real,41,20000,532294912,26614.745600000
hash,hash_lookup,real-minus-control,41,20000,0,25.425574400
hash,hash_update,control,41,20000,17640032,882.001600000
hash,hash_update,real,41,20000,1827249248,91362.462400000
hash,hash_update,real-minus-control,41,20000,0,90.480460800
percpu_hash,hash_lookup,control,41,20000,23762656,1188.132800000
percpu_hash,hash_lookup,real,41,20000,561596640,28079.832000000
percpu_hash,hash_lookup,real-minus-control,41,20000,0,26.891699200
percpu_hash,hash_update,control,41,20000,18995520,949.776000000
percpu_hash,hash_update,real,41,20000,1337348768,66867.438400000
percpu_hash,hash_update,real-minus-control,41,20000,0,65.917662400
array,array_lookup,real,42,20000,52848960,2642.448000000
array,array_lookup,control,42,20000,23796640,1189.832000000
array,array_lookup,real-minus-control,42,20000,0,1.452616000
array,array_update,real,42,20000,237755136,11887.756800000
array,array_update,control,42,20000,18750784,937.539200000
array,array_update,real-minus-control,42,20000,0,10.950217600
percpu_array,array_lookup,real,42,20000,64798976,3239.948800000
percpu_array,array_lookup,control,42,20000,24526080,1226.304000000
percpu_array,array_lookup,real-minus-control,42,20000,0,2.013644800
percpu_array,array_update,real,42,20000,307699808,15384.990400000
percpu_array,array_update,control,42,20000,17273184,863.659200000
percpu_array,array_update,real-minus-control,42,20000,0,14.521331200
hash,hash_lookup,real,42,20000,532502848,26625.142400000
hash,hash_lookup,control,42,20000,23784096,1189.204800000
hash,hash_lookup,real-minus-control,42,20000,0,25.435937600
hash,hash_update,real,42,20000,1827091040,91354.552000000
hash,hash_update,control,42,20000,17635296,881.764800000
hash,hash_update,real-minus-control,42,20000,0,90.472787200
percpu_hash,hash_lookup,real,42,20000,562216512,28110.825600000
percpu_hash,hash_lookup,control,42,20000,23767968,1188.398400000
percpu_hash,hash_lookup,real-minus-control,42,20000,0,26.922427200
percpu_hash,hash_update,real,42,20000,1337670720,66883.536000000
percpu_hash,hash_update,control,42,20000,19036576,951.828800000
percpu_hash,hash_update,real-minus-control,42,20000,0,65.931707200
array,array_lookup,control,43,20000,23766656,1188.332800000
array,array_lookup,real,43,20000,52867456,2643.372800000
array,array_lookup,real-minus-control,43,20000,0,1.455040000
array,array_update,control,43,20000,18735456,936.772800000
array,array_update,real,43,20000,237744608,11887.230400000
array,array_update,real-minus-control,43,20000,0,10.950457600
percpu_array,array_lookup,control,43,20000,24509632,1225.481600000
percpu_array,array_lookup,real,43,20000,64816512,3240.825600000
percpu_array,array_lookup,real-minus-control,43,20000,0,2.015344000
percpu_array,array_update,control,43,20000,17277888,863.894400000
percpu_array,array_update,real,43,20000,307920544,15396.027200000
percpu_array,array_update,real-minus-control,43,20000,0,14.532132800
hash,hash_lookup,control,43,20000,23788960,1189.448000000
hash,hash_lookup,real,43,20000,536162656,26808.132800000
hash,hash_lookup,real-minus-control,43,20000,0,25.618684800
hash,hash_update,control,43,20000,17644352,882.217600000
hash,hash_update,real,43,20000,1827751264,91387.563200000
hash,hash_update,real-minus-control,43,20000,0,90.505345600
percpu_hash,hash_lookup,control,43,20000,23772896,1188.644800000
percpu_hash,hash_lookup,real,43,20000,562867808,28143.390400000
percpu_hash,hash_lookup,real-minus-control,43,20000,0,26.954745600
percpu_hash,hash_update,control,43,20000,18995744,949.787200000
percpu_hash,hash_update,real,43,20000,1337656928,66882.846400000
percpu_hash,hash_update,real-minus-control,43,20000,0,65.933059200
array,array_lookup,real,44,20000,52843488,2642.174400000
array,array_lookup,control,44,20000,23771136,1188.556800000
array,array_lookup,real-minus-control,44,20000,0,1.453617600
array,array_update,real,44,20000,237743424,11887.171200000
array,array_update,control,44,20000,18747360,937.368000000
array,array_update,real-minus-control,44,20000,0,10.949803200
percpu_array,array_lookup,real,44,20000,64783488,3239.174400000
percpu_array,array_lookup,control,44,20000,24537536,1226.876800000
percpu_array,array_lookup,real-minus-control,44,20000,0,2.012297600
percpu_array,array_update,real,44,20000,307680672,15384.033600000
percpu_array,array_update,control,44,20000,17278336,863.916800000
percpu_array,array_update,real-minus-control,44,20000,0,14.520116800
hash,hash_lookup,real,44,20000,531115424,26555.771200000
hash,hash_lookup,control,44,20000,23793184,1189.659200000
hash,hash_lookup,real-minus-control,44,20000,0,25.366112000
hash,hash_update,real,44,20000,1826827808,91341.390400000
hash,hash_update,control,44,20000,17662912,883.145600000
hash,hash_update,real-minus-control,44,20000,0,90.458244800
percpu_hash,hash_lookup,real,44,20000,558591744,27929.587200000
percpu_hash,hash_lookup,control,44,20000,23769984,1188.499200000
percpu_hash,hash_lookup,real-minus-control,44,20000,0,26.741088000
percpu_hash,hash_update,real,44,20000,1337044064,66852.203200000
percpu_hash,hash_update,control,44,20000,19030368,951.518400000
percpu_hash,hash_update,real-minus-control,44,20000,0,65.900684800
array,array_lookup,control,45,20000,23806496,1190.324800000
array,array_lookup,real,45,20000,52831712,2641.585600000
array,array_lookup,real-minus-control,45,20000,0,1.451260800
array,array_update,control,45,20000,18740352,937.017600000
array,array_update,real,45,20000,237872480,11893.624000000
array,array_update,real-minus-control,45,20000,0,10.956606400
percpu_array,array_lookup,control,45,20000,24533312,1226.665600000
percpu_array,array_lookup,real,45,20000,64792256,3239.612800000
percpu_array,array_lookup,real-minus-control,45,20000,0,2.012947200
percpu_array,array_update,control,45,20000,17287904,864.395200000
percpu_array,array_update,real,45,20000,307932192,15396.609600000
percpu_array,array_update,real-minus-control,45,20000,0,14.532214400
hash,hash_lookup,control,45,20000,23779648,1188.982400000
hash,hash_lookup,real,45,20000,533026752,26651.337600000
hash,hash_lookup,real-minus-control,45,20000,0,25.462355200
hash,hash_update,control,45,20000,17672352,883.617600000
hash,hash_update,real,45,20000,1826657536,91332.876800000
hash,hash_update,real-minus-control,45,20000,0,90.449259200
percpu_hash,hash_lookup,control,45,20000,23792864,1189.643200000
percpu_hash,hash_lookup,real,45,20000,562520448,28126.022400000
percpu_hash,hash_lookup,real-minus-control,45,20000,0,26.936379200
percpu_hash,hash_update,control,45,20000,18963520,948.176000000
percpu_hash,hash_update,real,45,20000,1337814368,66890.718400000
percpu_hash,hash_update,real-minus-control,45,20000,0,65.942542400
array,array_lookup,real,46,20000,52842432,2642.121600000
array,array_lookup,control,46,20000,23810784,1190.539200000
array,array_lookup,real-minus-control,46,20000,0,1.451582400
array,array_update,real,46,20000,237746336,11887.316800000
array,array_update,control,46,20000,18755008,937.750400000
array,array_update,real-minus-control,46,20000,0,10.949566400
percpu_array,array_lookup,real,46,20000,64821984,3241.099200000
percpu_array,array_lookup,control,46,20000,24529632,1226.481600000
percpu_array,array_lookup,real-minus-control,46,20000,0,2.014617600
percpu_array,array_update,real,46,20000,308083296,15404.164800000
percpu_array,array_update,control,46,20000,17294176,864.708800000
percpu_array,array_update,real-minus-control,46,20000,0,14.539456000
hash,hash_lookup,real,46,20000,533095488,26654.774400000
hash,hash_lookup,control,46,20000,23797696,1189.884800000
hash,hash_lookup,real-minus-control,46,20000,0,25.464889600
hash,hash_update,real,46,20000,1825967360,91298.368000000
hash,hash_update,control,46,20000,17630560,881.528000000
hash,hash_update,real-minus-control,46,20000,0,90.416840000
percpu_hash,hash_lookup,real,46,20000,559611328,27980.566400000
percpu_hash,hash_lookup,control,46,20000,23761024,1188.051200000
percpu_hash,hash_lookup,real-minus-control,46,20000,0,26.792515200
percpu_hash,hash_update,real,46,20000,1336501440,66825.072000000
percpu_hash,hash_update,control,46,20000,19042688,952.134400000
percpu_hash,hash_update,real-minus-control,46,20000,0,65.872937600
array,array_lookup,control,47,20000,23774208,1188.710400000
array,array_lookup,real,47,20000,52840512,2642.025600000
array,array_lookup,real-minus-control,47,20000,0,1.453315200
array,array_update,control,47,20000,18729824,936.491200000
array,array_update,real,47,20000,237752064,11887.603200000
array,array_update,real-minus-control,47,20000,0,10.951112000
percpu_array,array_lookup,control,47,20000,24536000,1226.800000000
percpu_array,array_lookup,real,47,20000,64816672,3240.833600000
percpu_array,array_lookup,real-minus-control,47,20000,0,2.014033600
percpu_array,array_update,control,47,20000,17268224,863.411200000
percpu_array,array_update,real,47,20000,307859392,15392.969600000
percpu_array,array_update,real-minus-control,47,20000,0,14.529558400
hash,hash_lookup,control,47,20000,23781440,1189.072000000
hash,hash_lookup,real,47,20000,534911584,26745.579200000
hash,hash_lookup,real-minus-control,47,20000,0,25.556507200
hash,hash_update,control,47,20000,17677568,883.878400000
hash,hash_update,real,47,20000,1826713920,91335.696000000
hash,hash_update,real-minus-control,47,20000,0,90.451817600
percpu_hash,hash_lookup,control,47,20000,23756768,1187.838400000
percpu_hash,hash_lookup,real,47,20000,560989312,28049.465600000
percpu_hash,hash_lookup,real-minus-control,47,20000,0,26.861627200
percpu_hash,hash_update,control,47,20000,18985664,949.283200000
percpu_hash,hash_update,real,47,20000,1337226848,66861.342400000
percpu_hash,hash_update,real-minus-control,47,20000,0,65.912059200
array,array_lookup,real,48,20000,52857504,2642.875200000
array,array_lookup,control,48,20000,23793664,1189.683200000
array,array_lookup,real-minus-control,48,20000,0,1.453192000
array,array_update,real,48,20000,237772800,11888.640000000
array,array_update,control,48,20000,18754560,937.728000000
array,array_update,real-minus-control,48,20000,0,10.950912000
percpu_array,array_lookup,real,48,20000,64786336,3239.316800000
percpu_array,array_lookup,control,48,20000,24528608,1226.430400000
percpu_array,array_lookup,real-minus-control,48,20000,0,2.012886400
percpu_array,array_update,real,48,20000,307724224,15386.211200000
percpu_array,array_update,control,48,20000,17319840,865.992000000
percpu_array,array_update,real-minus-control,48,20000,0,14.520219200
hash,hash_lookup,real,48,20000,532738752,26636.937600000
hash,hash_lookup,control,48,20000,23784960,1189.248000000
hash,hash_lookup,real-minus-control,48,20000,0,25.447689600
hash,hash_update,real,48,20000,1830374208,91518.710400000
hash,hash_update,control,48,20000,17701728,885.086400000
hash,hash_update,real-minus-control,48,20000,0,90.633624000
percpu_hash,hash_lookup,real,48,20000,561076768,28053.838400000
percpu_hash,hash_lookup,control,48,20000,23747200,1187.360000000
percpu_hash,hash_lookup,real-minus-control,48,20000,0,26.866478400
percpu_hash,hash_update,real,48,20000,1337085504,66854.275200000
percpu_hash,hash_update,control,48,20000,19010592,950.529600000
percpu_hash,hash_update,real-minus-control,48,20000,0,65.903745600
array,array_lookup,control,49,20000,23781216,1189.060800000
array,array_lookup,real,49,20000,52813408,2640.670400000
array,array_lookup,real-minus-control,49,20000,0,1.451609600
array,array_update,control,49,20000,18741536,937.076800000
array,array_update,real,49,20000,237721600,11886.080000000
array,array_update,real-minus-control,49,20000,0,10.949003200
percpu_array,array_lookup,control,49,20000,24547328,1227.366400000
percpu_array,array_lookup,real,49,20000,64783584,3239.179200000
percpu_array,array_lookup,real-minus-control,49,20000,0,2.011812800
percpu_array,array_update,control,49,20000,17311584,865.579200000
percpu_array,array_update,real,49,20000,307916672,15395.833600000
percpu_array,array_update,real-minus-control,49,20000,0,14.530254400
hash,hash_lookup,control,49,20000,23814560,1190.728000000
hash,hash_lookup,real,49,20000,535816448,26790.822400000
hash,hash_lookup,real-minus-control,49,20000,0,25.600094400
hash,hash_update,control,49,20000,17654688,882.734400000
hash,hash_update,real,49,20000,1826824256,91341.212800000
hash,hash_update,real-minus-control,49,20000,0,90.458478400
percpu_hash,hash_lookup,control,49,20000,23749696,1187.484800000
percpu_hash,hash_lookup,real,49,20000,560462240,28023.112000000
percpu_hash,hash_lookup,real-minus-control,49,20000,0,26.835627200
percpu_hash,hash_update,control,49,20000,19020384,951.019200000
percpu_hash,hash_update,real,49,20000,1336831808,66841.590400000
percpu_hash,hash_update,real-minus-control,49,20000,0,65.890571200
array,array_lookup,real,50,20000,52868128,2643.406400000
array,array_lookup,control,50,20000,23798432,1189.921600000
array,array_lookup,real-minus-control,50,20000,0,1.453484800
array,array_update,real,50,20000,237837024,11891.851200000
array,array_update,control,50,20000,18740704,937.035200000
array,array_update,real-minus-control,50,20000,0,10.954816000
percpu_array,array_lookup,real,50,20000,64793664,3239.683200000
percpu_array,array_lookup,control,50,20000,24528256,1226.412800000
percpu_array,array_lookup,real-minus-control,50,20000,0,2.013270400
percpu_array,array_update,real,50,20000,307708992,15385.449600000
percpu_array,array_update,control,50,20000,17274144,863.707200000
percpu_array,array_update,real-minus-control,50,20000,0,14.521742400
hash,hash_lookup,real,50,20000,534057248,26702.862400000
hash,hash_lookup,control,50,20000,23794496,1189.724800000
hash,hash_lookup,real-minus-control,50,20000,0,25.513137600
hash,hash_update,real,50,20000,1827563168,91378.158400000
hash,hash_update,control,50,20000,17666080,883.304000000
hash,hash_update,real-minus-control,50,20000,0,90.494854400
percpu_hash,hash_lookup,real,50,20000,560195168,28009.758400000
percpu_hash,hash_lookup,control,50,20000,23772064,1188.603200000
percpu_hash,hash_lookup,real-minus-control,50,20000,0,26.821155200
percpu_hash,hash_update,real,50,20000,1336809472,66840.473600000
percpu_hash,hash_update,control,50,20000,19057216,952.860800000
percpu_hash,hash_update,real-minus-control,50,20000,0,65.887612800
array,array_lookup,control,51,20000,23788672,1189.433600000
array,array_lookup,real,51,20000,52818784,2640.939200000
array,array_lookup,real-minus-control,51,20000,0,1.451505600
array,array_update,control,51,20000,18737248,936.862400000
array,array_update,real,51,20000,237780800,11889.040000000
array,array_update,real-minus-control,51,20000,0,10.952177600
percpu_array,array_lookup,control,51,20000,24544960,1227.248000000
percpu_array,array_lookup,real,51,20000,64755904,3237.795200000
percpu_array,array_lookup,real-minus-control,51,20000,0,2.010547200
percpu_array,array_update,control,51,20000,17263008,863.150400000
percpu_array,array_update,real,51,20000,307693216,15384.660800000
percpu_array,array_update,real-minus-control,51,20000,0,14.521510400
hash,hash_lookup,control,51,20000,23773344,1188.667200000
hash,hash_lookup,real,51,20000,533904224,26695.211200000
hash,hash_lookup,real-minus-control,51,20000,0,25.506544000
hash,hash_update,control,51,20000,17646752,882.337600000
hash,hash_update,real,51,20000,1825642048,91282.102400000
hash,hash_update,real-minus-control,51,20000,0,90.399764800
percpu_hash,hash_lookup,control,51,20000,23758272,1187.913600000
percpu_hash,hash_lookup,real,51,20000,563077344,28153.867200000
percpu_hash,hash_lookup,real-minus-control,51,20000,0,26.965953600
percpu_hash,hash_update,control,51,20000,19028832,951.441600000
percpu_hash,hash_update,real,51,20000,1337458528,66872.926400000
percpu_hash,hash_update,real-minus-control,51,20000,0,65.921484800
array,array_lookup,real,52,20000,52871328,2643.566400000
array,array_lookup,control,52,20000,23806368,1190.318400000
array,array_lookup,real-minus-control,52,20000,0,1.453248000
array,array_update,real,52,20000,239044256,11952.212800000
array,array_update,control,52,20000,18730560,936.528000000
array,array_update,real-minus-control,52,20000,0,11.015684800
percpu_array,array_lookup,real,52,20000,64799712,3239.985600000
percpu_array,array_lookup,control,52,20000,24528544,1226.427200000
percpu_array,array_lookup,real-minus-control,52,20000,0,2.013558400
percpu_array,array_update,real,52,20000,308297696,15414.884800000
percpu_array,array_update,control,52,20000,17299008,864.950400000
percpu_array,array_update,real-minus-control,52,20000,0,14.549934400
hash,hash_lookup,real,52,20000,534843008,26742.150400000
hash,hash_lookup,control,52,20000,23801120,1190.056000000
hash,hash_lookup,real-minus-control,52,20000,0,25.552094400
hash,hash_update,real,52,20000,1826908480,91345.424000000
hash,hash_update,control,52,20000,17673568,883.678400000
hash,hash_update,real-minus-control,52,20000,0,90.461745600
percpu_hash,hash_lookup,real,52,20000,561697440,28084.872000000
percpu_hash,hash_lookup,control,52,20000,23779552,1188.977600000
percpu_hash,hash_lookup,real-minus-control,52,20000,0,26.895894400
percpu_hash,hash_update,real,52,20000,1337179104,66858.955200000
percpu_hash,hash_update,control,52,20000,19005888,950.294400000
percpu_hash,hash_update,real-minus-control,52,20000,0,65.908660800
array,array_lookup,control,53,20000,23798912,1189.945600000
array,array_lookup,real,53,20000,52869696,2643.484800000
array,array_lookup,real-minus-control,53,20000,0,1.453539200
array,array_update,control,53,20000,18740384,937.019200000
array,array_update,real,53,20000,237740480,11887.024000000
array,array_update,real-minus-control,53,20000,0,10.950004800
percpu_array,array_lookup,control,53,20000,24577248,1228.862400000
percpu_array,array_lookup,real,53,20000,64719232,3235.961600000
percpu_array,array_lookup,real-minus-control,53,20000,0,2.007099200
percpu_array,array_update,control,53,20000,17305376,865.268800000
percpu_array,array_update,real,53,20000,307750912,15387.545600000
percpu_array,array_update,real-minus-control,53,20000,0,14.522276800
hash,hash_lookup,control,53,20000,23836224,1191.811200000
hash,hash_lookup,real,53,20000,534490848,26724.542400000
hash,hash_lookup,real-minus-control,53,20000,0,25.532731200
hash,hash_update,control,53,20000,17657504,882.875200000
hash,hash_update,real,53,20000,1825612192,91280.609600000
hash,hash_update,real-minus-control,53,20000,0,90.397734400
percpu_hash,hash_lookup,control,53,20000,23755040,1187.752000000
percpu_hash,hash_lookup,real,53,20000,562943712,28147.185600000
percpu_hash,hash_lookup,real-minus-control,53,20000,0,26.959433600
percpu_hash,hash_update,control,53,20000,18963392,948.169600000
percpu_hash,hash_update,real,53,20000,1337829888,66891.494400000
percpu_hash,hash_update,real-minus-control,53,20000,0,65.943324800
array,array_lookup,real,54,20000,52828352,2641.417600000
array,array_lookup,control,54,20000,23786560,1189.328000000
array,array_lookup,real-minus-control,54,20000,0,1.452089600
array,array_update,real,54,20000,237694848,11884.742400000
array,array_update,control,54,20000,18738528,936.926400000
array,array_update,real-minus-control,54,20000,0,10.947816000
percpu_array,array_lookup,real,54,20000,64779456,3238.972800000
percpu_array,array_lookup,control,54,20000,24554176,1227.708800000
percpu_array,array_lookup,real-minus-control,54,20000,0,2.011264000
percpu_array,array_update,real,54,20000,307916192,15395.809600000
percpu_array,array_update,control,54,20000,17281088,864.054400000
percpu_array,array_update,real-minus-control,54,20000,0,14.531755200
hash,hash_lookup,real,54,20000,533104800,26655.240000000
hash,hash_lookup,control,54,20000,23817024,1190.851200000
hash,hash_lookup,real-minus-control,54,20000,0,25.464388800
hash,hash_update,real,54,20000,1826913408,91345.670400000
hash,hash_update,control,54,20000,17701824,885.091200000
hash,hash_update,real-minus-control,54,20000,0,90.460579200
percpu_hash,hash_lookup,real,54,20000,560465888,28023.294400000
percpu_hash,hash_lookup,control,54,20000,23757984,1187.899200000
percpu_hash,hash_lookup,real-minus-control,54,20000,0,26.835395200
percpu_hash,hash_update,real,54,20000,1336622400,66831.120000000
percpu_hash,hash_update,control,54,20000,19029696,951.484800000
percpu_hash,hash_update,real-minus-control,54,20000,0,65.879635200
array,array_lookup,control,55,20000,23795872,1189.793600000
array,array_lookup,real,55,20000,52859168,2642.958400000
array,array_lookup,real-minus-control,55,20000,0,1.453164800
array,array_update,control,55,20000,18741632,937.081600000
array,array_update,real,55,20000,237678048,11883.902400000
array,array_update,real-minus-control,55,20000,0,10.946820800
percpu_array,array_lookup,control,55,20000,24522848,1226.142400000
percpu_array,array_lookup,real,55,20000,64759584,3237.979200000
percpu_array,array_lookup,real-minus-control,55,20000,0,2.011836800
percpu_array,array_update,control,55,20000,17298368,864.918400000
percpu_array,array_update,real,55,20000,307927808,15396.390400000
percpu_array,array_update,real-minus-control,55,20000,0,14.531472000
hash,hash_lookup,control,55,20000,23815072,1190.753600000
hash,hash_lookup,real,55,20000,533415552,26670.777600000
hash,hash_lookup,real-minus-control,55,20000,0,25.480024000
hash,hash_update,control,55,20000,17662560,883.128000000
hash,hash_update,real,55,20000,1830447008,91522.350400000
hash,hash_update,real-minus-control,55,20000,0,90.639222400
percpu_hash,hash_lookup,control,55,20000,23777408,1188.870400000
percpu_hash,hash_lookup,real,55,20000,562683232,28134.161600000
percpu_hash,hash_lookup,real-minus-control,55,20000,0,26.945291200
percpu_hash,hash_update,control,55,20000,18983776,949.188800000
percpu_hash,hash_update,real,55,20000,1337271456,66863.572800000
percpu_hash,hash_update,real-minus-control,55,20000,0,65.914384000
array,array_lookup,real,56,20000,52886432,2644.321600000
array,array_lookup,control,56,20000,23774976,1188.748800000
array,array_lookup,real-minus-control,56,20000,0,1.455572800
array,array_update,real,56,20000,237708480,11885.424000000
array,array_update,control,56,20000,18739040,936.952000000
array,array_update,real-minus-control,56,20000,0,10.948472000
percpu_array,array_lookup,real,56,20000,64793760,3239.688000000
percpu_array,array_lookup,control,56,20000,24531136,1226.556800000
percpu_array,array_lookup,real-minus-control,56,20000,0,2.013131200
percpu_array,array_update,real,56,20000,308071104,15403.555200000
percpu_array,array_update,control,56,20000,17282176,864.108800000
percpu_array,array_update,real-minus-control,56,20000,0,14.539446400
hash,hash_lookup,real,56,20000,530772000,26538.600000000
hash,hash_lookup,control,56,20000,23786048,1189.302400000
hash,hash_lookup,real-minus-control,56,20000,0,25.349297600
hash,hash_update,real,56,20000,1827559136,91377.956800000
hash,hash_update,control,56,20000,17682112,884.105600000
hash,hash_update,real-minus-control,56,20000,0,90.493851200
percpu_hash,hash_lookup,real,56,20000,560302848,28015.142400000
percpu_hash,hash_lookup,control,56,20000,23778368,1188.918400000
percpu_hash,hash_lookup,real-minus-control,56,20000,0,26.826224000
percpu_hash,hash_update,real,56,20000,1336959040,66847.952000000
percpu_hash,hash_update,control,56,20000,18970112,948.505600000
percpu_hash,hash_update,real-minus-control,56,20000,0,65.899446400
array,array_lookup,control,57,20000,23768192,1188.409600000
array,array_lookup,real,57,20000,52859936,2642.996800000
array,array_lookup,real-minus-control,57,20000,0,1.454587200
array,array_update,control,57,20000,18736544,936.827200000
array,array_update,real,57,20000,237731424,11886.571200000
array,array_update,real-minus-control,57,20000,0,10.949744000
percpu_array,array_lookup,control,57,20000,24545760,1227.288000000
percpu_array,array_lookup,real,57,20000,64552224,3227.611200000
percpu_array,array_lookup,real-minus-control,57,20000,0,2.000323200
percpu_array,array_update,control,57,20000,17284864,864.243200000
percpu_array,array_update,real,57,20000,307857856,15392.892800000
percpu_array,array_update,real-minus-control,57,20000,0,14.528649600
hash,hash_lookup,control,57,20000,23768608,1188.430400000
hash,hash_lookup,real,57,20000,531737024,26586.851200000
hash,hash_lookup,real-minus-control,57,20000,0,25.398420800
hash,hash_update,control,57,20000,17699264,884.963200000
hash,hash_update,real,57,20000,1826856416,91342.820800000
hash,hash_update,real-minus-control,57,20000,0,90.457857600
percpu_hash,hash_lookup,control,57,20000,23793376,1189.668800000
percpu_hash,hash_lookup,real,57,20000,562511392,28125.569600000
percpu_hash,hash_lookup,real-minus-control,57,20000,0,26.935900800
percpu_hash,hash_update,control,57,20000,19003584,950.179200000
percpu_hash,hash_update,real,57,20000,1336391040,66819.552000000
percpu_hash,hash_update,real-minus-control,57,20000,0,65.869372800
array,array_lookup,real,58,20000,52845856,2642.292800000
array,array_lookup,control,58,20000,23783872,1189.193600000
array,array_lookup,real-minus-control,58,20000,0,1.453099200
array,array_update,real,58,20000,237708128,11885.406400000
array,array_update,control,58,20000,18747872,937.393600000
array,array_update,real-minus-control,58,20000,0,10.948012800
percpu_array,array_lookup,real,58,20000,64803936,3240.196800000
percpu_array,array_lookup,control,58,20000,24524608,1226.230400000
percpu_array,array_lookup,real-minus-control,58,20000,0,2.013966400
percpu_array,array_update,real,58,20000,307852096,15392.604800000
percpu_array,array_update,control,58,20000,17317024,865.851200000
percpu_array,array_update,real-minus-control,58,20000,0,14.526753600
hash,hash_lookup,real,58,20000,532617504,26630.875200000
hash,hash_lookup,control,58,20000,23779360,1188.968000000
hash,hash_lookup,real-minus-control,58,20000,0,25.441907200
hash,hash_update,real,58,20000,1830561280,91528.064000000
hash,hash_update,control,58,20000,17640704,882.035200000
hash,hash_update,real-minus-control,58,20000,0,90.646028800
percpu_hash,hash_lookup,real,58,20000,559017760,27950.888000000
percpu_hash,hash_lookup,control,58,20000,23756864,1187.843200000
percpu_hash,hash_lookup,real-minus-control,58,20000,0,26.763044800
percpu_hash,hash_update,real,58,20000,1337320096,66866.004800000
percpu_hash,hash_update,control,58,20000,19016576,950.828800000
percpu_hash,hash_update,real-minus-control,58,20000,0,65.915176000
array,array_lookup,control,59,20000,23807616,1190.380800000
array,array_lookup,real,59,20000,52855456,2642.772800000
array,array_lookup,real-minus-control,59,20000,0,1.452392000
array,array_update,control,59,20000,18767264,938.363200000
array,array_update,real,59,20000,237686752,11884.337600000
array,array_update,real-minus-control,59,20000,0,10.945974400
percpu_array,array_lookup,control,59,20000,24540352,1227.017600000
percpu_array,array_lookup,real,59,20000,64796768,3239.838400000
percpu_array,array_lookup,real-minus-control,59,20000,0,2.012820800
percpu_array,array_update,control,59,20000,17260544,863.027200000
percpu_array,array_update,real,59,20000,307844928,15392.246400000
percpu_array,array_update,real-minus-control,59,20000,0,14.529219200
hash,hash_lookup,control,59,20000,23766208,1188.310400000
hash,hash_lookup,real,59,20000,530231680,26511.584000000
hash,hash_lookup,real-minus-control,59,20000,0,25.323273600
hash,hash_update,control,59,20000,17676416,883.820800000
hash,hash_update,real,59,20000,1826756032,91337.801600000
hash,hash_update,real-minus-control,59,20000,0,90.453980800
percpu_hash,hash_lookup,control,59,20000,23773984,1188.699200000
percpu_hash,hash_lookup,real,59,20000,561213760,28060.688000000
percpu_hash,hash_lookup,real-minus-control,59,20000,0,26.871988800
percpu_hash,hash_update,control,59,20000,18994144,949.707200000
percpu_hash,hash_update,real,59,20000,1337365024,66868.251200000
percpu_hash,hash_update,real-minus-control,59,20000,0,65.918544000
array,array_lookup,real,60,20000,52873728,2643.686400000
array,array_lookup,control,60,20000,23776160,1188.808000000
array,array_lookup,real-minus-control,60,20000,0,1.454878400
array,array_update,real,60,20000,237726816,11886.340800000
array,array_update,control,60,20000,18737376,936.868800000
array,array_update,real-minus-control,60,20000,0,10.949472000
percpu_array,array_lookup,real,60,20000,64531360,3226.568000000
percpu_array,array_lookup,control,60,20000,24548992,1227.449600000
percpu_array,array_lookup,real-minus-control,60,20000,0,1.999118400
percpu_array,array_update,real,60,20000,307814880,15390.744000000
percpu_array,array_update,control,60,20000,17292544,864.627200000
percpu_array,array_update,real-minus-control,60,20000,0,14.526116800
hash,hash_lookup,real,60,20000,532569728,26628.486400000
hash,hash_lookup,control,60,20000,23788608,1189.430400000
hash,hash_lookup,real-minus-control,60,20000,0,25.439056000
hash,hash_update,real,60,20000,1825975200,91298.760000000
hash,hash_update,control,60,20000,17644256,882.212800000
hash,hash_update,real-minus-control,60,20000,0,90.416547200
percpu_hash,hash_lookup,real,60,20000,559504544,27975.227200000
percpu_hash,hash_lookup,control,60,20000,23750944,1187.547200000
percpu_hash,hash_lookup,real-minus-control,60,20000,0,26.787680000
percpu_hash,hash_update,real,60,20000,1336790912,66839.545600000
percpu_hash,hash_update,control,60,20000,18991712,949.585600000
percpu_hash,hash_update,real-minus-control,60,20000,0,65.889960000
array,array_lookup,control,61,20000,23784480,1189.224000000
array,array_lookup,real,61,20000,52803968,2640.198400000
array,array_lookup,real-minus-control,61,20000,0,1.450974400
array,array_update,control,61,20000,18739616,936.980800000
array,array_update,real,61,20000,237791008,11889.550400000
array,array_update,real-minus-control,61,20000,0,10.952569600
percpu_array,array_lookup,control,61,20000,24536832,1226.841600000
percpu_array,array_lookup,real,61,20000,64745408,3237.270400000
percpu_array,array_lookup,real-minus-control,61,20000,0,2.010428800
percpu_array,array_update,control,61,20000,17287200,864.360000000
percpu_array,array_update,real,61,20000,307725856,15386.292800000
percpu_array,array_update,real-minus-control,61,20000,0,14.521932800
hash,hash_lookup,control,61,20000,23812384,1190.619200000
hash,hash_lookup,real,61,20000,532380608,26619.030400000
hash,hash_lookup,real-minus-control,61,20000,0,25.428411200
hash,hash_update,control,61,20000,17701920,885.096000000
hash,hash_update,real,61,20000,1826266400,91313.320000000
hash,hash_update,real-minus-control,61,20000,0,90.428224000
percpu_hash,hash_lookup,control,61,20000,23762080,1188.104000000
percpu_hash,hash_lookup,real,61,20000,558957888,27947.894400000
percpu_hash,hash_lookup,real-minus-control,61,20000,0,26.759790400
percpu_hash,hash_update,control,61,20000,18988352,949.417600000
percpu_hash,hash_update,real,61,20000,1336776896,66838.844800000
percpu_hash,hash_update,real-minus-control,61,20000,0,65.889427200
array,array_lookup,real,62,20000,52853664,2642.683200000
array,array_lookup,control,62,20000,23813952,1190.697600000
array,array_lookup,real-minus-control,62,20000,0,1.451985600
array,array_update,real,62,20000,237777664,11888.883200000
array,array_update,control,62,20000,18748000,937.400000000
array,array_update,real-minus-control,62,20000,0,10.951483200
percpu_array,array_lookup,real,62,20000,64817120,3240.856000000
percpu_array,array_lookup,control,62,20000,24538176,1226.908800000
percpu_array,array_lookup,real-minus-control,62,20000,0,2.013947200
percpu_array,array_update,real,62,20000,307770848,15388.542400000
percpu_array,array_update,control,62,20000,17270784,863.539200000
percpu_array,array_update,real-minus-control,62,20000,0,14.525003200
hash,hash_lookup,real,62,20000,534280384,26714.019200000
hash,hash_lookup,control,62,20000,23792832,1189.641600000
hash,hash_lookup,real-minus-control,62,20000,0,25.524377600
hash,hash_update,real,62,20000,1830029632,91501.481600000
hash,hash_update,control,62,20000,17637792,881.889600000
hash,hash_update,real-minus-control,62,20000,0,90.619592000
percpu_hash,hash_lookup,real,62,20000,561307168,28065.358400000
percpu_hash,hash_lookup,control,62,20000,23753664,1187.683200000
percpu_hash,hash_lookup,real-minus-control,62,20000,0,26.877675200
percpu_hash,hash_update,real,62,20000,1336675072,66833.753600000
percpu_hash,hash_update,control,62,20000,19000512,950.025600000
percpu_hash,hash_update,real-minus-control,62,20000,0,65.883728000
array,array_lookup,control,63,20000,23790432,1189.521600000
array,array_lookup,real,63,20000,52841088,2642.054400000
array,array_lookup,real-minus-control,63,20000,0,1.452532800
array,array_update,control,63,20000,18757376,937.868800000
array,array_update,real,63,20000,237753856,11887.692800000
array,array_update,real-minus-control,63,20000,0,10.949824000
percpu_array,array_lookup,control,63,20000,24520768,1226.038400000
percpu_array,array_lookup,real,63,20000,64784128,3239.206400000
percpu_array,array_lookup,real-minus-control,63,20000,0,2.013168000
percpu_array,array_update,control,63,20000,17281472,864.073600000
percpu_array,array_update,real,63,20000,307912224,15395.611200000
percpu_array,array_update,real-minus-control,63,20000,0,14.531537600
hash,hash_lookup,control,63,20000,23773792,1188.689600000
hash,hash_lookup,real,63,20000,529957312,26497.865600000
hash,hash_lookup,real-minus-control,63,20000,0,25.309176000
hash,hash_update,control,63,20000,17668032,883.401600000
hash,hash_update,real,63,20000,1829563264,91478.163200000
hash,hash_update,real-minus-control,63,20000,0,90.594761600
percpu_hash,hash_lookup,control,63,20000,23788352,1189.417600000
percpu_hash,hash_lookup,real,63,20000,558430592,27921.529600000
percpu_hash,hash_lookup,real-minus-control,63,20000,0,26.732112000
percpu_hash,hash_update,control,63,20000,19009888,950.494400000
percpu_hash,hash_update,real,63,20000,1337683520,66884.176000000
percpu_hash,hash_update,real-minus-control,63,20000,0,65.933681600
array,array_lookup,real,64,20000,52862848,2643.142400000
array,array_lookup,control,64,20000,23764480,1188.224000000
array,array_lookup,real-minus-control,64,20000,0,1.454918400
array,array_update,real,64,20000,237705888,11885.294400000
array,array_update,control,64,20000,18770752,938.537600000
array,array_update,real-minus-control,64,20000,0,10.946756800
percpu_array,array_lookup,real,64,20000,64783584,3239.179200000
percpu_array,array_lookup,control,64,20000,24501536,1225.076800000
percpu_array,array_lookup,real-minus-control,64,20000,0,2.014102400
percpu_array,array_update,real,64,20000,307798688,15389.934400000
percpu_array,array_update,control,64,20000,17308160,865.408000000
percpu_array,array_update,real-minus-control,64,20000,0,14.524526400
hash,hash_lookup,real,64,20000,532142176,26607.108800000
hash,hash_lookup,control,64,20000,23810720,1190.536000000
hash,hash_lookup,real-minus-control,64,20000,0,25.416572800
hash,hash_update,real,64,20000,1830808064,91540.403200000
hash,hash_update,control,64,20000,17617248,880.862400000
hash,hash_update,real-minus-control,64,20000,0,90.659540800
percpu_hash,hash_lookup,real,64,20000,560819744,28040.987200000
percpu_hash,hash_lookup,control,64,20000,23753504,1187.675200000
percpu_hash,hash_lookup,real-minus-control,64,20000,0,26.853312000
percpu_hash,hash_update,real,64,20000,1337057408,66852.870400000
percpu_hash,hash_update,control,64,20000,19006560,950.328000000
percpu_hash,hash_update,real-minus-control,64,20000,0,65.902542400
array,array_lookup,control,65,20000,23786432,1189.321600000
array,array_lookup,real,65,20000,52857408,2642.870400000
array,array_lookup,real-minus-control,65,20000,0,1.453548800
array,array_update,control,65,20000,18758144,937.907200000
array,array_update,real,65,20000,237713728,11885.686400000
array,array_update,real-minus-control,65,20000,0,10.947779200
percpu_array,array_lookup,control,65,20000,24541728,1227.086400000
percpu_array,array_lookup,real,65,20000,64467168,3223.358400000
percpu_array,array_lookup,real-minus-control,65,20000,0,1.996272000
percpu_array,array_update,control,65,20000,17278816,863.940800000
percpu_array,array_update,real,65,20000,307790304,15389.515200000
percpu_array,array_update,real-minus-control,65,20000,0,14.525574400
hash,hash_lookup,control,65,20000,23804544,1190.227200000
hash,hash_lookup,real,65,20000,534998848,26749.942400000
hash,hash_lookup,real-minus-control,65,20000,0,25.559715200
hash,hash_update,control,65,20000,17665088,883.254400000
hash,hash_update,real,65,20000,1825536736,91276.836800000
hash,hash_update,real-minus-control,65,20000,0,90.393582400
percpu_hash,hash_lookup,control,65,20000,23771904,1188.595200000
percpu_hash,hash_lookup,real,65,20000,560935392,28046.769600000
percpu_hash,hash_lookup,real-minus-control,65,20000,0,26.858174400
percpu_hash,hash_update,control,65,20000,18985088,949.254400000
percpu_hash,hash_update,real,65,20000,1337381696,66869.084800000
percpu_hash,hash_update,real-minus-control,65,20000,0,65.919830400
array,array_lookup,real,66,20000,52810208,2640.510400000
array,array_lookup,control,66,20000,23772384,1188.619200000
array,array_lookup,real-minus-control,66,20000,0,1.451891200
array,array_update,real,66,20000,237731968,11886.598400000
array,array_update,control,66,20000,18745024,937.251200000
array,array_update,real-minus-control,66,20000,0,10.949347200
percpu_array,array_lookup,real,66,20000,64777792,3238.889600000
percpu_array,array_lookup,control,66,20000,24546624,1227.331200000
percpu_array,array_lookup,real-minus-control,66,20000,0,2.011558400
percpu_array,array_update,real,66,20000,307795520,15389.776000000
percpu_array,array_update,control,66,20000,17286048,864.302400000
percpu_array,array_update,real-minus-control,66,20000,0,14.525473600
hash,hash_lookup,real,66,20000,532775808,26638.790400000
hash,hash_lookup,control,66,20000,23792288,1189.614400000
hash,hash_lookup,real-minus-control,66,20000,0,25.449176000
hash,hash_update,real,66,20000,1827139712,91356.985600000
hash,hash_update,control,66,20000,17670208,883.510400000
hash,hash_update,real-minus-control,66,20000,0,90.473475200
percpu_hash,hash_lookup,real,66,20000,558854112,27942.705600000
percpu_hash,hash_lookup,control,66,20000,23743808,1187.190400000
percpu_hash,hash_lookup,real-minus-control,66,20000,0,26.755515200
percpu_hash,hash_update,real,66,20000,1337254464,66862.723200000
percpu_hash,hash_update,control,66,20000,19088960,954.448000000
percpu_hash,hash_update,real-minus-control,66,20000,0,65.908275200
array,array_lookup,control,67,20000,23782080,1189.104000000
array,array_lookup,real,67,20000,52837696,2641.884800000
array,array_lookup,real-minus-control,67,20000,0,1.452780800
array,array_update,control,67,20000,18726560,936.328000000
array,array_update,real,67,20000,237737824,11886.891200000
array,array_update,real-minus-control,67,20000,0,10.950563200
percpu_array,array_lookup,control,67,20000,24517280,1225.864000000
percpu_array,array_lookup,real,67,20000,64814848,3240.742400000
percpu_array,array_lookup,real-minus-control,67,20000,0,2.014878400
percpu_array,array_update,control,67,20000,17279360,863.968000000
percpu_array,array_update,real,67,20000,307884160,15394.208000000
percpu_array,array_update,real-minus-control,67,20000,0,14.530240000
hash,hash_lookup,control,67,20000,23828512,1191.425600000
hash,hash_lookup,real,67,20000,536046688,26802.334400000
hash,hash_lookup,real-minus-control,67,20000,0,25.610908800
hash,hash_update,control,67,20000,17687040,884.352000000
hash,hash_update,real,67,20000,1825532288,91276.614400000
hash,hash_update,real-minus-control,67,20000,0,90.392262400
percpu_hash,hash_lookup,control,67,20000,23776928,1188.846400000
percpu_hash,hash_lookup,real,67,20000,561097760,28054.888000000
percpu_hash,hash_lookup,real-minus-control,67,20000,0,26.866041600
percpu_hash,hash_update,control,67,20000,18972032,948.601600000
percpu_hash,hash_update,real,67,20000,1337119712,66855.985600000
percpu_hash,hash_update,real-minus-control,67,20000,0,65.907384000
array,array_lookup,real,68,20000,52839200,2641.960000000
array,array_lookup,control,68,20000,23793728,1189.686400000
array,array_lookup,real-minus-control,68,20000,0,1.452273600
array,array_update,real,68,20000,237801824,11890.091200000
array,array_update,control,68,20000,18728096,936.404800000
array,array_update,real-minus-control,68,20000,0,10.953686400
percpu_array,array_lookup,real,68,20000,64798112,3239.905600000
percpu_array,array_lookup,control,68,20000,24510784,1225.539200000
percpu_array,array_lookup,real-minus-control,68,20000,0,2.014366400
percpu_array,array_update,real,68,20000,307784032,15389.201600000
percpu_array,array_update,control,68,20000,17331360,866.568000000
percpu_array,array_update,real-minus-control,68,20000,0,14.522633600
hash,hash_lookup,real,68,20000,533302304,26665.115200000
hash,hash_lookup,control,68,20000,23784448,1189.222400000
hash,hash_lookup,real-minus-control,68,20000,0,25.475892800
hash,hash_update,real,68,20000,1826938176,91346.908800000
hash,hash_update,control,68,20000,17665312,883.265600000
hash,hash_update,real-minus-control,68,20000,0,90.463643200
percpu_hash,hash_lookup,real,68,20000,558491776,27924.588800000
percpu_hash,hash_lookup,control,68,20000,23775776,1188.788800000
percpu_hash,hash_lookup,real-minus-control,68,20000,0,26.735800000
percpu_hash,hash_update,real,68,20000,1337355200,66867.760000000
percpu_hash,hash_update,control,68,20000,19031808,951.590400000
percpu_hash,hash_update,real-minus-control,68,20000,0,65.916169600
array,array_lookup,control,69,20000,23795232,1189.761600000
array,array_lookup,real,69,20000,52840544,2642.027200000
array,array_lookup,real-minus-control,69,20000,0,1.452265600
array,array_update,control,69,20000,18732864,936.643200000
array,array_update,real,69,20000,237728736,11886.436800000
array,array_update,real-minus-control,69,20000,0,10.949793600
percpu_array,array_lookup,control,69,20000,24517760,1225.888000000
percpu_array,array_lookup,real,69,20000,64781248,3239.062400000
percpu_array,array_lookup,real-minus-control,69,20000,0,2.013174400
percpu_array,array_update,control,69,20000,17277376,863.868800000
percpu_array,array_update,real,69,20000,308067264,15403.363200000
percpu_array,array_update,real-minus-control,69,20000,0,14.539494400
hash,hash_lookup,control,69,20000,23793760,1189.688000000
hash,hash_lookup,real,69,20000,533116992,26655.849600000
hash,hash_lookup,real-minus-control,69,20000,0,25.466161600
hash,hash_update,control,69,20000,17681760,884.088000000
hash,hash_update,real,69,20000,1826519808,91325.990400000
hash,hash_update,real-minus-control,69,20000,0,90.441902400
percpu_hash,hash_lookup,control,69,20000,23767264,1188.363200000
percpu_hash,hash_lookup,real,69,20000,564458240,28222.912000000
percpu_hash,hash_lookup,real-minus-control,69,20000,0,27.034548800
percpu_hash,hash_update,control,69,20000,19000352,950.017600000
percpu_hash,hash_update,real,69,20000,1336207808,66810.390400000
percpu_hash,hash_update,real-minus-control,69,20000,0,65.860372800
array,array_lookup,real,70,20000,52832704,2641.635200000
array,array_lookup,control,70,20000,23779168,1188.958400000
array,array_lookup,real-minus-control,70,20000,0,1.452676800
array,array_update,real,70,20000,237900544,11895.027200000
array,array_update,control,70,20000,18739648,936.982400000
array,array_update,real-minus-control,70,20000,0,10.958044800
percpu_array,array_lookup,real,70,20000,64764384,3238.219200000
percpu_array,array_lookup,control,70,20000,24536064,1226.803200000
percpu_array,array_lookup,real-minus-control,70,20000,0,2.011416000
percpu_array,array_update,real,70,20000,307849376,15392.468800000
percpu_array,array_update,control,70,20000,17276192,863.809600000
percpu_array,array_update,real-minus-control,70,20000,0,14.528659200
hash,hash_lookup,real,70,20000,535485536,26774.276800000
hash,hash_lookup,control,70,20000,23793344,1189.667200000
hash,hash_lookup,real-minus-control,70,20000,0,25.584609600
hash,hash_update,real,70,20000,1826799072,91339.953600000
hash,hash_update,control,70,20000,17651968,882.598400000
hash,hash_update,real-minus-control,70,20000,0,90.457355200
percpu_hash,hash_lookup,real,70,20000,562045408,28102.270400000
percpu_hash,hash_lookup,control,70,20000,23809408,1190.470400000
percpu_hash,hash_lookup,real-minus-control,70,20000,0,26.911800000
percpu_hash,hash_update,real,70,20000,1337553664,66877.683200000
percpu_hash,hash_update,control,70,20000,18995744,949.787200000
percpu_hash,hash_update,real-minus-control,70,20000,0,65.927896000
array,array_lookup,control,71,20000,23773216,1188.660800000
array,array_lookup,real,71,20000,52855840,2642.792000000
array,array_lookup,real-minus-control,71,20000,0,1.454131200
array,array_update,control,71,20000,18754560,937.728000000
array,array_update,real,71,20000,237741792,11887.089600000
array,array_update,real-minus-control,71,20000,0,10.949361600
percpu_array,array_lookup,control,71,20000,24522848,1226.142400000
percpu_array,array_lookup,real,71,20000,64756224,3237.811200000
percpu_array,array_lookup,real-minus-control,71,20000,0,2.011668800
percpu_array,array_update,control,71,20000,17300544,865.027200000
percpu_array,array_update,real,71,20000,307767488,15388.374400000
percpu_array,array_update,real-minus-control,71,20000,0,14.523347200
hash,hash_lookup,control,71,20000,23814880,1190.744000000
hash,hash_lookup,real,71,20000,532789152,26639.457600000
hash,hash_lookup,real-minus-control,71,20000,0,25.448713600
hash,hash_update,control,71,20000,17655936,882.796800000
hash,hash_update,real,71,20000,1826803424,91340.171200000
hash,hash_update,real-minus-control,71,20000,0,90.457374400
percpu_hash,hash_lookup,control,71,20000,23756672,1187.833600000
percpu_hash,hash_lookup,real,71,20000,559122432,27956.121600000
percpu_hash,hash_lookup,real-minus-control,71,20000,0,26.768288000
percpu_hash,hash_update,control,71,20000,18992224,949.611200000
percpu_hash,hash_update,real,71,20000,1336676960,66833.848000000
percpu_hash,hash_update,real-minus-control,71,20000,0,65.884236800
array,array_lookup,real,72,20000,52865952,2643.297600000
array,array_lookup,control,72,20000,23807584,1190.379200000
array,array_lookup,real-minus-control,72,20000,0,1.452918400
array,array_update,real,72,20000,237759424,11887.971200000
array,array_update,control,72,20000,18744672,937.233600000
array,array_update,real-minus-control,72,20000,0,10.950737600
percpu_array,array_lookup,real,72,20000,64788576,3239.428800000
percpu_array,array_lookup,control,72,20000,24533696,1226.684800000
percpu_array,array_lookup,real-minus-control,72,20000,0,2.012744000
percpu_array,array_update,real,72,20000,307632352,15381.617600000
percpu_array,array_update,control,72,20000,17290048,864.502400000
percpu_array,array_update,real-minus-control,72,20000,0,14.517115200
hash,hash_lookup,real,72,20000,530093216,26504.660800000
hash,hash_lookup,control,72,20000,23809440,1190.472000000
hash,hash_lookup,real-minus-control,72,20000,0,25.314188800
hash,hash_update,real,72,20000,1826877184,91343.859200000
hash,hash_update,control,72,20000,17681280,884.064000000
hash,hash_update,real-minus-control,72,20000,0,90.459795200
percpu_hash,hash_lookup,real,72,20000,561116416,28055.820800000
percpu_hash,hash_lookup,control,72,20000,23773504,1188.675200000
percpu_hash,hash_lookup,real-minus-control,72,20000,0,26.867145600
percpu_hash,hash_update,real,72,20000,1337285568,66864.278400000
percpu_hash,hash_update,control,72,20000,19047904,952.395200000
percpu_hash,hash_update,real-minus-control,72,20000,0,65.911883200
array,array_lookup,control,73,20000,23778240,1188.912000000
array,array_lookup,real,73,20000,52848896,2642.444800000
array,array_lookup,real-minus-control,73,20000,0,1.453532800
array,array_update,control,73,20000,18738208,936.910400000
array,array_update,real,73,20000,237692736,11884.636800000
array,array_update,real-minus-control,73,20000,0,10.947726400
percpu_array,array_lookup,control,73,20000,24538464,1226.923200000
percpu_array,array_lookup,real,73,20000,64798208,3239.910400000
percpu_array,array_lookup,real-minus-control,73,20000,0,2.012987200
percpu_array,array_update,control,73,20000,17290368,864.518400000
percpu_array,array_update,real,73,20000,307862464,15393.123200000
percpu_array,array_update,real-minus-control,73,20000,0,14.528604800
hash,hash_lookup,control,73,20000,23779072,1188.953600000
hash,hash_lookup,real,73,20000,533667296,26683.364800000
hash,hash_lookup,real-minus-control,73,20000,0,25.494411200
hash,hash_update,control,73,20000,17682080,884.104000000
hash,hash_update,real,73,20000,1826973824,91348.691200000
hash,hash_update,real-minus-control,73,20000,0,90.464587200
percpu_hash,hash_lookup,control,73,20000,23747456,1187.372800000
percpu_hash,hash_lookup,real,73,20000,562906656,28145.332800000
percpu_hash,hash_lookup,real-minus-control,73,20000,0,26.957960000
percpu_hash,hash_update,control,73,20000,18982336,949.116800000
percpu_hash,hash_update,real,73,20000,1337457536,66872.876800000
percpu_hash,hash_update,real-minus-control,73,20000,0,65.923760000
array,array_lookup,real,74,20000,52861568,2643.078400000
array,array_lookup,control,74,20000,23772064,1188.603200000
array,array_lookup,real-minus-control,74,20000,0,1.454475200
array,array_update,real,74,20000,237741696,11887.084800000
array,array_update,control,74,20000,18764192,938.209600000
array,array_update,real-minus-control,74,20000,0,10.948875200
percpu_array,array_lookup,real,74,20000,64830624,3241.531200000
percpu_array,array_lookup,control,74,20000,24517472,1225.873600000
percpu_array,array_lookup,real-minus-control,74,20000,0,2.015657600
percpu_array,array_update,real,74,20000,307877248,15393.862400000
percpu_array,array_update,control,74,20000,17278368,863.918400000
percpu_array,array_update,real-minus-control,74,20000,0,14.529944000
hash,hash_lookup,real,74,20000,534031936,26701.596800000
hash,hash_lookup,control,74,20000,23803808,1190.190400000
hash,hash_lookup,real-minus-control,74,20000,0,25.511406400
hash,hash_update,real,74,20000,1827004640,91350.232000000
hash,hash_update,control,74,20000,17653920,882.696000000
hash,hash_update,real-minus-control,74,20000,0,90.467536000
percpu_hash,hash_lookup,real,74,20000,560327072,28016.353600000
percpu_hash,hash_lookup,control,74,20000,23740064,1187.003200000
percpu_hash,hash_lookup,real-minus-control,74,20000,0,26.829350400
percpu_hash,hash_update,real,74,20000,1337450240,66872.512000000
percpu_hash,hash_update,control,74,20000,19029312,951.465600000
percpu_hash,hash_update,real-minus-control,74,20000,0,65.921046400
array,array_lookup,control,75,20000,23796736,1189.836800000
array,array_lookup,real,75,20000,52843264,2642.163200000
array,array_lookup,real-minus-control,75,20000,0,1.452326400
array,array_update,control,75,20000,18751616,937.580800000
array,array_update,real,75,20000,237737152,11886.857600000
array,array_update,real-minus-control,75,20000,0,10.949276800
percpu_array,array_lookup,control,75,20000,24541408,1227.070400000
percpu_array,array_lookup,real,75,20000,64764768,3238.238400000
percpu_array,array_lookup,real-minus-control,75,20000,0,2.011168000
percpu_array,array_update,control,75,20000,17273600,863.680000000
percpu_array,array_update,real,75,20000,307830560,15391.528000000
percpu_array,array_update,real-minus-control,75,20000,0,14.527848000
hash,hash_lookup,control,75,20000,23773376,1188.668800000
hash,hash_lookup,real,75,20000,533472672,26673.633600000
hash,hash_lookup,real-minus-control,75,20000,0,25.484964800
hash,hash_update,control,75,20000,17630176,881.508800000
hash,hash_update,real,75,20000,1826284064,91314.203200000
hash,hash_update,real-minus-control,75,20000,0,90.432694400
percpu_hash,hash_lookup,control,75,20000,23748224,1187.411200000
percpu_hash,hash_lookup,real,75,20000,562597280,28129.864000000
percpu_hash,hash_lookup,real-minus-control,75,20000,0,26.942452800
percpu_hash,hash_update,control,75,20000,19057344,952.867200000
percpu_hash,hash_update,real,75,20000,1337056512,66852.825600000
percpu_hash,hash_update,real-minus-control,75,20000,0,65.899958400
array,array_lookup,real,76,20000,52844800,2642.240000000
array,array_lookup,control,76,20000,23791424,1189.571200000
array,array_lookup,real-minus-control,76,20000,0,1.452668800
array,array_update,real,76,20000,237634240,11881.712000000
array,array_update,control,76,20000,18755840,937.792000000
array,array_update,real-minus-control,76,20000,0,10.943920000
percpu_array,array_lookup,real,76,20000,64547584,3227.379200000
percpu_array,array_lookup,control,76,20000,24543136,1227.156800000
percpu_array,array_lookup,real-minus-control,76,20000,0,2.000222400
percpu_array,array_update,real,76,20000,307757088,15387.854400000
percpu_array,array_update,control,76,20000,17280096,864.004800000
percpu_array,array_update,real-minus-control,76,20000,0,14.523849600
hash,hash_lookup,real,76,20000,534445888,26722.294400000
hash,hash_lookup,control,76,20000,23808096,1190.404800000
hash,hash_lookup,real-minus-control,76,20000,0,25.531889600
hash,hash_update,real,76,20000,1826403776,91320.188800000
hash,hash_update,control,76,20000,17647776,882.388800000
hash,hash_update,real-minus-control,76,20000,0,90.437800000
percpu_hash,hash_lookup,real,76,20000,557510688,27875.534400000
percpu_hash,hash_lookup,control,76,20000,23774624,1188.731200000
percpu_hash,hash_lookup,real-minus-control,76,20000,0,26.686803200
percpu_hash,hash_update,real,76,20000,1337291936,66864.596800000
percpu_hash,hash_update,control,76,20000,18981440,949.072000000
percpu_hash,hash_update,real-minus-control,76,20000,0,65.915524800
array,array_lookup,control,77,20000,23791008,1189.550400000
array,array_lookup,real,77,20000,52832256,2641.612800000
array,array_lookup,real-minus-control,77,20000,0,1.452062400
array,array_update,control,77,20000,18735808,936.790400000
array,array_update,real,77,20000,237719168,11885.958400000
array,array_update,real-minus-control,77,20000,0,10.949168000
percpu_array,array_lookup,control,77,20000,24555200,1227.760000000
percpu_array,array_lookup,real,77,20000,64764992,3238.249600000
percpu_array,array_lookup,real-minus-control,77,20000,0,2.010489600
percpu_array,array_update,control,77,20000,17289152,864.457600000
percpu_array,array_update,real,77,20000,307934176,15396.708800000
percpu_array,array_update,real-minus-control,77,20000,0,14.532251200
hash,hash_lookup,control,77,20000,23798080,1189.904000000
hash,hash_lookup,real,77,20000,534212096,26710.604800000
hash,hash_lookup,real-minus-control,77,20000,0,25.520700800
hash,hash_update,control,77,20000,17690656,884.532800000
hash,hash_update,real,77,20000,1825347200,91267.360000000
hash,hash_update,real-minus-control,77,20000,0,90.382827200
percpu_hash,hash_lookup,control,77,20000,23765376,1188.268800000
percpu_hash,hash_lookup,real,77,20000,561259840,28062.992000000
percpu_hash,hash_lookup,real-minus-control,77,20000,0,26.874723200
percpu_hash,hash_update,control,77,20000,19010816,950.540800000
percpu_hash,hash_update,real,77,20000,1337043584,66852.179200000
percpu_hash,hash_update,real-minus-control,77,20000,0,65.901638400
array,array_lookup,real,78,20000,52834592,2641.729600000
array,array_lookup,control,78,20000,23801856,1190.092800000
array,array_lookup,real-minus-control,78,20000,0,1.451636800
array,array_update,real,78,20000,237715776,11885.788800000
array,array_update,control,78,20000,18733056,936.652800000
array,array_update,real-minus-control,78,20000,0,10.949136000
percpu_array,array_lookup,real,78,20000,64789728,3239.486400000
percpu_array,array_lookup,control,78,20000,24503488,1225.174400000
percpu_array,array_lookup,real-minus-control,78,20000,0,2.014312000
percpu_array,array_update,real,78,20000,307701696,15385.084800000
percpu_array,array_update,control,78,20000,17277280,863.864000000
percpu_array,array_update,real-minus-control,78,20000,0,14.521220800
hash,hash_lookup,real,78,20000,534102880,26705.144000000
hash,hash_lookup,control,78,20000,23785216,1189.260800000
hash,hash_lookup,real-minus-control,78,20000,0,25.515883200
hash,hash_update,real,78,20000,1826472032,91323.601600000
hash,hash_update,control,78,20000,17661216,883.060800000
hash,hash_update,real-minus-control,78,20000,0,90.440540800
percpu_hash,hash_lookup,real,78,20000,559922880,27996.144000000
percpu_hash,hash_lookup,control,78,20000,23745440,1187.272000000
percpu_hash,hash_lookup,real-minus-control,78,20000,0,26.808872000
percpu_hash,hash_update,real,78,20000,1337154144,66857.707200000
percpu_hash,hash_update,control,78,20000,19019776,950.988800000
percpu_hash,hash_update,real-minus-control,78,20000,0,65.906718400
array,array_lookup,control,79,20000,23774112,1188.705600000
array,array_lookup,real,79,20000,52855072,2642.753600000
array,array_lookup,real-minus-control,79,20000,0,1.454048000
array,array_update,control,79,20000,18752896,937.644800000
array,array_update,real,79,20000,237740320,11887.016000000
array,array_update,real-minus-control,79,20000,0,10.949371200
percpu_array,array_lookup,control,79,20000,24519136,1225.956800000
percpu_array,array_lookup,real,79,20000,64805664,3240.283200000
percpu_array,array_lookup,real-minus-control,79,20000,0,2.014326400
percpu_array,array_update,control,79,20000,17273056,863.652800000
percpu_array,array_update,real,79,20000,307941728,15397.086400000
percpu_array,array_update,real-minus-control,79,20000,0,14.533433600
hash,hash_lookup,control,79,20000,23819200,1190.960000000
hash,hash_lookup,real,79,20000,530746592,26537.329600000
hash,hash_lookup,real-minus-control,79,20000,0,25.346369600
hash,hash_update,control,79,20000,17657664,882.883200000
hash,hash_update,real,79,20000,1826447392,91322.369600000
hash,hash_update,real-minus-control,79,20000,0,90.439486400
percpu_hash,hash_lookup,control,79,20000,23759328,1187.966400000
percpu_hash,hash_lookup,real,79,20000,560208320,28010.416000000
percpu_hash,hash_lookup,real-minus-control,79,20000,0,26.822449600
percpu_hash,hash_update,control,79,20000,19013440,950.672000000
percpu_hash,hash_update,real,79,20000,1336911872,66845.593600000
percpu_hash,hash_update,real-minus-control,79,20000,0,65.894921600
array,array_lookup,real,80,20000,52866816,2643.340800000
array,array_lookup,control,80,20000,23780704,1189.035200000
array,array_lookup,real-minus-control,80,20000,0,1.454305600
array,array_update,real,80,20000,237769184,11888.459200000
array,array_update,control,80,20000,18751040,937.552000000
array,array_update,real-minus-control,80,20000,0,10.950907200
percpu_array,array_lookup,real,80,20000,64823200,3241.160000000
percpu_array,array_lookup,control,80,20000,24553504,1227.675200000
percpu_array,array_lookup,real-minus-control,80,20000,0,2.013484800
percpu_array,array_update,real,80,20000,307707200,15385.360000000
percpu_array,array_update,control,80,20000,17315552,865.777600000
percpu_array,array_update,real-minus-control,80,20000,0,14.519582400
hash,hash_lookup,real,80,20000,534454912,26722.745600000
hash,hash_lookup,control,80,20000,23772736,1188.636800000
hash,hash_lookup,real-minus-control,80,20000,0,25.534108800
hash,hash_update,real,80,20000,1827056320,91352.816000000
hash,hash_update,control,80,20000,17675936,883.796800000
hash,hash_update,real-minus-control,80,20000,0,90.469019200
percpu_hash,hash_lookup,real,80,20000,560701280,28035.064000000
percpu_hash,hash_lookup,control,80,20000,23761728,1188.086400000
percpu_hash,hash_lookup,real-minus-control,80,20000,0,26.846977600
percpu_hash,hash_update,real,80,20000,1337382432,66869.121600000
percpu_hash,hash_update,control,80,20000,19008256,950.412800000
percpu_hash,hash_update,real-minus-control,80,20000,0,65.918708800
